auth_id, Date, Vendor, Amount, Location 
6896,1/2/2013,Lyft,-4.69,CA
6896,1/2/2013,Restaurant - Pizza,-86.09,CA
6896,1/3/2013,Amazon Order - Mathematics Book,-18.86,CA
6896,1/4/2013,Von's Groceries,-79.9,CA
6896,1/4/2013,Public Transportation - Bus Pass,-3.91,CA
6896,1/4/2013,Science Museum,-34.6,CA
6896,1/4/2013,Library Membership,-46.72,CA
6896,1/4/2013,Amazon Order - Science Book,-94.01,CA
6896,1/5/2013,Mary's Book Store,-6.96,CA
6896,1/5/2013,Goods2 - ThinkGeek,-32.03,CA
6896,1/5/2013,Art Museum,-25.56,CA
6896,1/5/2013,Library Membership,-30.43,CA
6896,1/6/2013,Mary's Book Store,-118.89,CA
6896,1/6/2013,Lyft,-112.17,CA
6896,1/7/2013,Amazon Order - Biology Book,-17.4,CA
6896,1/8/2013,San Diego Museum,-28.01,CA
6896,1/8/2013,Art Museum,-13.07,CA
6896,1/8/2013,Taxi,-9.96,CA
6896,1/8/2013,Uber,-17.66,CA
6896,1/9/2013,Coffee,-12.33,CA
6896,1/9/2013,Amazon Order - Biology Book,-18.83,CA
6896,1/10/2013,Science Museum,-33.41,CA
6896,1/10/2013,Taxi,-18.2,CA
6896,1/11/2013,Art Museum,-2.77,CA
6896,1/11/2013,San Diego Museum,-10.23,CA
6896,1/11/2013,Public Transportation - Bus Pass,-39.84,CA
6896,1/11/2013,Starbucks Coffee,-35.91,CA
6896,1/12/2013,Restaurant - Pizza,-9.74,CA
6896,1/12/2013,Public Transportation - Train Pass,-9.86,CA
6896,1/12/2013,Taxi,-17.7,CA
6896,1/12/2013,Coffee,-18.07,CA
6896,1/13/2013,San Diego Museum,-32.54,CA
6896,1/13/2013,Online Education Courses,-23.61,CA
6896,1/13/2013,Art Museum,-32.39,CA
6896,1/13/2013,Library Membership,-9.7,CA
6896,1/13/2013,Library Membership,-68.58,CA
6896,1/13/2013,Public Transportation - Bus Pass,-20.52,CA
6896,1/13/2013,Mary's Book Store,-25.73,CA
6896,1/14/2013,Mary's Book Store,-34.93,CA
6896,1/14/2013,San Diego Museum,-68.72,CA
6896,1/15/2013,Amazon Order - Science Book,-8.16,CA
6896,1/16/2013,Goods2 - ThinkGeek,-22.86,CA
6896,1/17/2013,Art Museum,-11.82,CA
6896,1/18/2013,Restaurant - Steakhouse,-16.26,CA
6896,1/18/2013,Goods2 - ThinkGeek,-14.61,CA
6896,1/18/2013,Amazon Order - Science Book,-10.67,CA
6896,1/19/2013,Amazon Order - Science Book,-15.02,CA
6896,1/19/2013,Uber,-60.74,CA
6896,1/19/2013,DVD - Star Trek,-68.06,CA
6896,1/20/2013,Food Delivery - GrubHub,-20.99,CA
6896,1/21/2013,Public Transportation - Train Pass,-33.71,CA
6896,1/22/2013,Coffee,-31.53,CA
6896,1/22/2013,Ralph's Grocery Store,-38.06,CA
6896,1/22/2013,Amazon Order - Mathematics Book,-20.13,CA
6896,1/22/2013,San Diego Museum,-49.06,CA
6896,1/23/2013,Taxi,-26.11,CA
6896,1/24/2013,Sprouts Market,-35.77,CA
6896,1/24/2013,Restaurant - Pizza,-35.35,CA
6896,1/24/2013,Amazon Order - Star Wars Figurine,-12.93,CA
6896,1/24/2013,Library Membership,-0.53,CA
6896,1/24/2013,Amazon Order - Star Wars Figurine,-42.74,CA
6896,1/25/2013,Library Membership,-34.96,CA
6896,1/26/2013,Online Education Courses,-2,CA
6896,1/26/2013,Science Museum,-32.49,CA
6896,1/26/2013,Library Membership,-18.38,CA
6896,1/26/2013,Library Membership,-39.6,CA
6896,1/27/2013,Online Education Courses,-17.02,CA
6896,1/27/2013,Coffee,-1.11,CA
6896,1/27/2013,Library Membership,-27.1,CA
6896,1/27/2013,Science Museum,-22.35,CA
6896,1/28/2013,Mary's Book Store,-34.4,CA
6896,1/28/2013,Online Education Courses,-23.77,CA
6896,1/28/2013,Amazon Order - Star Wars Figurine,-68.56,CA
6896,1/28/2013,Goods2 - ThinkGeek,-89.67,CA
6896,1/28/2013,Science Museum,-4.66,CA
6896,1/29/2013,Amazon Order - Star Wars Figurine,-103.49,CA
6896,1/29/2013,Science Museum,-27.24,CA
6896,1/29/2013,Art Museum,-22.08,CA
6896,1/30/2013,Video Game - PlayStation,-16.63,CA
6896,1/30/2013,Restaurant - Chinese,-1.69,CA
6896,1/30/2013,San Diego Museum,-31.58,CA
6896,3/2/2013,Paycheck,3793,CA
6896,3/2/2013,Housing Rent,-1062,CA
6896,3/2/2013,Credit Card Payment,-154,CA
6896,3/2/2013,Gas & Electric,-32,CA
6896,3/2/2013,Amazon Order - Biology Book,-31.74,CA
6896,3/2/2013,Amazon Order - Mathematics Book,-29.32,CA
6896,3/2/2013,DVD - Star Trek,-28.8,CA
6896,3/3/2013,Whole Foods,-7.22,CA
6896,3/3/2013,DVD - Star Trek,-7.74,CA
6896,3/3/2013,Taxi,-10.15,CA
6896,3/4/2013,Goods2 - ThinkGeek,-109.88,CA
6896,3/4/2013,Amazon Order - Science Book,-10.43,CA
6896,3/4/2013,Science Museum,-16.54,CA
6896,3/5/2013,DVD - Star Trek,-4.37,CA
6896,3/5/2013,Taxi,-0.7,CA
6896,3/6/2013,Mary's Book Store,-3.2,CA
6896,3/6/2013,San Diego Museum,-27.65,CA
6896,3/6/2013,Amazon Order - Science Book,-9.19,CA
6896,3/7/2013,San Diego Museum,-5.42,CA
6896,3/8/2013,Science Museum,-16.34,CA
6896,3/8/2013,San Diego Museum,-116.48,CA
6896,3/9/2013,DVD - Star Trek,-34.3,CA
6896,3/9/2013,Amazon Order - Mathematics Book,-13.67,CA
6896,3/9/2013,Amazon Order - Star Wars Figurine,-34.34,CA
6896,3/9/2013,Taxi,-13.81,CA
6896,3/9/2013,Amazon Order - Mathematics Book,-22.47,CA
6896,3/9/2013,Von's Groceries,-42.64,CA
6896,3/9/2013,Uber,-34.44,CA
6896,3/9/2013,Video Game - PlayStation,-35.72,CA
6896,3/9/2013,Mary's Book Store,-36.06,CA
6896,3/10/2013,Von's Groceries,-20.8,CA
6896,3/11/2013,Uber,-2.43,CA
6896,3/11/2013,Coffee,-57.97,CA
6896,3/11/2013,Science Museum,-30.34,CA
6896,3/11/2013,Goods2 - ThinkGeek,-33.01,CA
6896,3/11/2013,Restaurant - Steakhouse,-52.15,CA
6896,3/11/2013,Amazon Order - Star Wars Figurine,-100.35,CA
6896,3/11/2013,Amazon Order - Biology Book,-31.23,CA
6896,3/11/2013,Science Museum,-47.43,CA
6896,3/11/2013,Amazon Order - Mathematics Book,-2.33,CA
6896,3/11/2013,Ralph's Grocery Store,-73.41,CA
6896,3/12/2013,Public Transportation - Train Pass,-27.78,CA
6896,3/12/2013,Restaurant - Pizza,-12.92,CA
6896,3/12/2013,Online Education Courses,-1.61,CA
6896,3/12/2013,Science Museum,-19.97,CA
6896,3/12/2013,Library Membership,-38.24,CA
6896,3/12/2013,Amazon Order - Star Wars Figurine,-34.89,CA
6896,3/13/2013,Video Game - PlayStation,-5.41,CA
6896,3/13/2013,Uber,-5.51,CA
6896,3/14/2013,Amazon Order - Mathematics Book,-4.63,CA
6896,3/15/2013,Public Transportation - Bus Pass,-6.68,CA
6896,3/15/2013,Public Transportation - Train Pass,-3.17,CA
6896,3/15/2013,Amazon Order - Science Book,-73.02,CA
6896,3/15/2013,Amazon Order - Mathematics Book,-61.2,CA
6896,3/15/2013,San Diego Museum,-9.4,CA
6896,3/15/2013,Uber,-25.22,CA
6896,3/16/2013,Science Museum,-29.55,CA
6896,3/16/2013,Public Transportation - Bus Pass,-49.93,CA
6896,3/16/2013,Lyft,-22.52,CA
6896,3/16/2013,DVD - Star Trek,-14.01,CA
6896,3/16/2013,Public Transportation - Train Pass,-30,CA
6896,3/17/2013,Sprouts Market,-1.69,CA
6896,3/18/2013,Public Transportation - Bus Pass,-87.35,CA
6896,3/19/2013,Public Transportation - Bus Pass,-22.11,CA
6896,3/20/2013,Coffee,-15.74,CA
6896,3/20/2013,Science Museum,-32.46,CA
6896,3/20/2013,Restaurant - Pizza,-27.13,CA
6896,3/20/2013,Amazon Order - Star Wars Figurine,-13.49,CA
6896,3/20/2013,Amazon Order - Mathematics Book,-39.1,CA
6896,3/20/2013,Ralph's Grocery Store,-31.5,CA
6896,3/21/2013,DVD - Star Trek,-40.81,CA
6896,3/21/2013,Starbucks Coffee,-34.14,CA
6896,3/21/2013,Public Transportation - Train Pass,-28.95,CA
6896,3/21/2013,San Diego Museum,-4.72,CA
6896,3/21/2013,Science Museum,-4.6,CA
6896,3/21/2013,Coffee,-22.91,CA
6896,3/21/2013,Goods2 - ThinkGeek,-33.89,CA
6896,3/21/2013,Taxi,-40.91,CA
6896,3/21/2013,Amazon Order - Mathematics Book,-94.65,CA
6896,3/22/2013,Public Transportation - Bus Pass,-55.96,CA
6896,3/22/2013,Art Museum,-41.52,CA
6896,3/22/2013,Restaurant - Steakhouse,-24.25,CA
6896,3/22/2013,Starbucks Coffee,-10.08,CA
6896,3/22/2013,Coffee,-24.73,CA
6896,3/22/2013,Amazon Order - Science Book,-7.32,CA
6896,3/22/2013,Restaurant - Steakhouse,-24.16,CA
6896,3/22/2013,Amazon Order - Mathematics Book,-31.01,CA
6896,3/22/2013,Video Game - PlayStation,-3.62,CA
6896,3/22/2013,Public Transportation - Bus Pass,-19.23,CA
6896,3/22/2013,Amazon Order - Science Book,-21.78,CA
6896,3/22/2013,Art Museum,-3.31,CA
6896,3/22/2013,Amazon Order - Biology Book,-12.22,CA
6896,3/22/2013,Restaurant - Pizza,-77.58,CA
6896,3/22/2013,Library Membership,-27.98,CA
6896,3/22/2013,Uber,-31.94,CA
6896,3/22/2013,San Diego Museum,-79.03,CA
6896,3/23/2013,Taxi,-26.05,CA
6896,3/23/2013,Science Museum,-27.5,CA
6896,3/23/2013,Taxi,-15.59,CA
6896,3/23/2013,Food Delivery - GrubHub,-3.69,CA
6896,3/23/2013,Goods2 - ThinkGeek,-13.99,CA
6896,3/23/2013,Sprouts Market,-10.93,CA
6896,3/24/2013,Art Museum,-7.68,CA
6896,3/24/2013,Lyft,-27.41,CA
6896,3/24/2013,Art Museum,-28.97,CA
6896,3/24/2013,Amazon Order - Star Wars Figurine,-26.61,CA
6896,3/24/2013,Amazon Order - Star Wars Figurine,-22.45,CA
6896,3/24/2013,DVD - Star Trek,-19.06,CA
6896,3/25/2013,Taxi,-13.42,CA
6896,3/25/2013,Whole Foods,-34.13,CA
6896,3/25/2013,Online Education Courses,-14.96,CA
6896,3/25/2013,Restaurant - Chinese,-27.8,CA
6896,3/25/2013,Science Museum,-15.11,CA
6896,3/25/2013,Library Membership,-72.16,CA
6896,3/26/2013,Restaurant - Burgers,-9.31,CA
6896,3/27/2013,Sprouts Market,-32.14,CA
6896,3/28/2013,Amazon Order - Science Book,-36.65,CA
6896,3/28/2013,Von's Groceries,-15.88,CA
6896,3/29/2013,San Diego Museum,-83.79,CA
6896,3/30/2013,Food Delivery - GrubHub,-24.27,CA
6896,4/2/2013,Paycheck,3793,CA
6896,4/2/2013,Housing Rent,-1051,CA
6896,4/2/2013,Credit Card Payment,-154,CA
6896,4/2/2013,Gas & Electric,-32,CA
6896,4/2/2013,Goods2 - ThinkGeek,-32,CA
6896,4/3/2013,Restaurant - Burgers,-5.64,CA
6896,4/3/2013,Goods2 - ThinkGeek,-24.11,CA
6896,4/3/2013,Amazon Order - Mathematics Book,-39.31,CA
6896,4/3/2013,Restaurant - Burgers,-77.94,CA
6896,4/3/2013,Amazon Order - Mathematics Book,-37.54,CA
6896,4/3/2013,Amazon Order - Science Book,-5.73,CA
6896,4/3/2013,Amazon Order - Biology Book,-30.45,CA
6896,4/3/2013,San Diego Museum,-3.36,CA
6896,4/3/2013,Taxi,-11.07,CA
6896,4/3/2013,Whole Foods,-5.09,CA
6896,4/4/2013,Coffee,-15.67,CA
6896,4/4/2013,Amazon Order - Mathematics Book,-53.17,CA
6896,4/5/2013,Coffee,-11.71,CA
6896,4/5/2013,Online Education Courses,-8.81,CA
6896,4/6/2013,Amazon Order - Science Book,-83.47,CA
6896,4/6/2013,Amazon Order - Science Book,-14.74,CA
6896,4/6/2013,Science Museum,-33.44,CA
6896,4/6/2013,Von's Groceries,-12.11,CA
6896,4/6/2013,Amazon Order - Biology Book,-3.55,CA
6896,4/6/2013,DVD - Star Trek,-3.49,CA
6896,4/7/2013,Video Game - PlayStation,-13.95,CA
6896,4/8/2013,Video Game - PlayStation,-77.21,CA
6896,4/8/2013,Food Delivery - GrubHub,-72.44,CA
6896,4/8/2013,Video Game - PlayStation,-23.14,CA
6896,4/8/2013,Library Membership,-17.78,CA
6896,4/8/2013,Goods2 - ThinkGeek,-114.65,CA
6896,4/9/2013,Sprouts Market,-23.8,CA
6896,4/9/2013,Art Museum,-21.6,CA
6896,4/9/2013,Library Membership,-24.52,CA
6896,4/9/2013,Art Museum,-49.31,CA
6896,4/10/2013,Public Transportation - Train Pass,-103.12,CA
6896,4/10/2013,Amazon Order - Star Wars Figurine,-20.51,CA
6896,4/11/2013,Von's Groceries,-38.12,CA
6896,4/11/2013,Food Delivery - GrubHub,-38.01,CA
6896,4/12/2013,Amazon Order - Science Book,-33.61,CA
6896,4/12/2013,Taxi,-117.38,CA
6896,4/12/2013,Amazon Order - Star Wars Figurine,-4.52,CA
6896,4/13/2013,DVD - Star Trek,-4.72,CA
6896,4/13/2013,Library Membership,-19.23,CA
6896,4/14/2013,DVD - Star Trek,-3.24,CA
6896,4/15/2013,Taxi,-31.27,CA
6896,4/16/2013,Online Education Courses,-31.29,CA
6896,4/16/2013,Public Transportation - Bus Pass,-99.82,CA
6896,4/17/2013,Amazon Order - Science Book,-7.51,CA
6896,4/17/2013,Mary's Book Store,-23.06,CA
6896,4/18/2013,Uber,-10.31,CA
6896,4/18/2013,Amazon Order - Star Wars Figurine,-3.56,CA
6896,4/18/2013,Uber,-0.72,CA
6896,4/18/2013,Library Membership,-37.21,CA
6896,4/18/2013,Coffee,-15.94,CA
6896,4/18/2013,Amazon Order - Star Wars Figurine,-25.28,CA
6896,4/18/2013,Amazon Order - Star Wars Figurine,-27.97,CA
6896,4/18/2013,Coffee,-14.96,CA
6896,4/19/2013,Coffee,-32.93,CA
6896,4/19/2013,Food Delivery - GrubHub,-19.28,CA
6896,4/19/2013,Coffee,-15.92,CA
6896,4/19/2013,Uber,-11.15,CA
6896,4/19/2013,Art Museum,-8.63,CA
6896,4/19/2013,Goods2 - ThinkGeek,-38.92,CA
6896,4/19/2013,Amazon Order - Star Wars Figurine,-16.61,CA
6896,4/19/2013,Restaurant - Chinese,-18.26,CA
6896,4/19/2013,Science Museum,-17.17,CA
6896,4/19/2013,Taxi,-11.19,CA
6896,4/19/2013,Taxi,-119.49,CA
6896,4/19/2013,Public Transportation - Train Pass,-35.31,CA
6896,4/19/2013,Mary's Book Store,-96.39,CA
6896,4/20/2013,Public Transportation - Bus Pass,-36.64,CA
6896,4/21/2013,Public Transportation - Bus Pass,-53.47,CA
6896,4/21/2013,San Diego Museum,-24.13,CA
6896,4/21/2013,Library Membership,-15.14,CA
6896,4/21/2013,DVD - Star Trek,-16.98,CA
6896,4/22/2013,Restaurant - Burgers,-31.65,CA
6896,4/22/2013,Amazon Order - Science Book,-75.18,CA
6896,4/22/2013,Amazon Order - Mathematics Book,-2.31,CA
6896,4/22/2013,Lyft,-18.75,CA
6896,4/23/2013,Lyft,-0.99,CA
6896,4/23/2013,Library Membership,-22.22,CA
6896,4/23/2013,Public Transportation - Train Pass,-1.9,CA
6896,4/23/2013,Video Game - PlayStation,-38.13,CA
6896,4/23/2013,DVD - Star Trek,-27.88,CA
6896,4/23/2013,DVD - Star Trek,-21.64,CA
6896,4/23/2013,Amazon Order - Star Wars Figurine,-17.23,CA
6896,4/23/2013,Taxi,-33.33,CA
6896,4/23/2013,Sprouts Market,-21.55,CA
6896,4/23/2013,Coffee,-100.36,CA
6896,4/23/2013,Taxi,-22.2,CA
6896,4/23/2013,Online Education Courses,-111.29,CA
6896,4/23/2013,DVD - Star Trek,-24.42,CA
6896,4/23/2013,Sprouts Market,-62.28,CA
6896,4/23/2013,Restaurant - Burgers,-12.08,CA
6896,4/23/2013,Ralph's Grocery Store,-61.5,CA
6896,4/23/2013,Online Education Courses,-29.11,CA
6896,4/23/2013,San Diego Museum,-20.99,CA
6896,4/23/2013,Online Education Courses,-20.12,CA
6896,4/23/2013,DVD - Star Trek,-41.42,CA
6896,4/23/2013,Goods2 - ThinkGeek,-23.3,CA
6896,4/23/2013,Public Transportation - Bus Pass,-13.35,CA
6896,4/23/2013,Amazon Order - Mathematics Book,-43.11,CA
6896,4/24/2013,Video Game - PlayStation,-69.24,CA
6896,4/24/2013,Science Museum,-7.88,CA
6896,4/24/2013,Amazon Order - Star Wars Figurine,-114.34,CA
6896,4/24/2013,Amazon Order - Mathematics Book,-7.44,CA
6896,4/25/2013,Amazon Order - Science Book,-8.36,CA
6896,4/25/2013,Goods2 - ThinkGeek,-3.43,CA
6896,4/25/2013,Public Transportation - Bus Pass,-8.18,CA
6896,4/26/2013,Goods2 - ThinkGeek,-3.29,CA
6896,4/26/2013,Sprouts Market,-18.13,CA
6896,4/27/2013,Whole Foods,-32.96,CA
6896,4/27/2013,DVD - Star Trek,-29.62,CA
6896,4/27/2013,Lyft,-11.43,CA
6896,4/27/2013,Library Membership,-11.02,CA
6896,4/27/2013,DVD - Star Trek,-38.9,CA
6896,4/27/2013,San Diego Museum,-67.02,CA
6896,4/27/2013,Restaurant - Pizza,-5.02,CA
6896,4/27/2013,Amazon Order - Mathematics Book,-28.25,CA
6896,4/27/2013,Public Transportation - Train Pass,-31.16,CA
6896,4/28/2013,DVD - Star Trek,-109.38,CA
6896,4/29/2013,Library Membership,-49.17,CA
6896,4/29/2013,Library Membership,-18.62,CA
6896,4/30/2013,Taxi,-1.67,CA
6896,4/30/2013,Von's Groceries,-28.68,CA
6896,5/2/2013,Paycheck,3793,CA
6896,5/2/2013,Housing Rent,-1036,CA
6896,5/2/2013,Credit Card Payment,-154,CA
6896,5/2/2013,Gas & Electric,-32,CA
6896,5/2/2013,Restaurant - Burgers,-30.7,CA
6896,5/3/2013,Amazon Order - Star Wars Figurine,-81.64,CA
6896,5/3/2013,Uber,-3.3,CA
6896,5/3/2013,San Diego Museum,-22.65,CA
6896,5/4/2013,Ralph's Grocery Store,-3.15,CA
6896,5/4/2013,Sprouts Market,-23,CA
6896,5/4/2013,Amazon Order - Science Book,-21.62,CA
6896,5/4/2013,Online Education Courses,-113.16,CA
6896,5/5/2013,Goods2 - ThinkGeek,-29.56,CA
6896,5/5/2013,Video Game - PlayStation,-39.95,CA
6896,5/5/2013,Science Museum,-22.56,CA
6896,5/5/2013,Mary's Book Store,-12.31,CA
6896,5/5/2013,San Diego Museum,-30.27,CA
6896,5/5/2013,Von's Groceries,-38.59,CA
6896,5/6/2013,Food Delivery - GrubHub,-26.83,CA
6896,5/7/2013,DVD - Star Trek,-39.26,CA
6896,5/8/2013,Science Museum,-36.93,CA
6896,5/8/2013,Coffee,-16.4,CA
6896,5/8/2013,Amazon Order - Mathematics Book,-39.55,CA
6896,5/9/2013,Mary's Book Store,-23.82,CA
6896,5/10/2013,Public Transportation - Train Pass,-112.83,CA
6896,5/10/2013,San Diego Museum,-30.51,CA
6896,5/10/2013,Video Game - PlayStation,-15.94,CA
6896,5/11/2013,Library Membership,-13.07,CA
6896,5/12/2013,Mary's Book Store,-18.55,CA
6896,5/12/2013,Video Game - PlayStation,-16.78,CA
6896,5/12/2013,Goods2 - ThinkGeek,-16.09,CA
6896,5/12/2013,Restaurant - Pizza,-100.97,CA
6896,5/13/2013,Amazon Order - Biology Book,-19.89,CA
6896,5/13/2013,Public Transportation - Bus Pass,-27.79,CA
6896,5/13/2013,Amazon Order - Biology Book,-21.79,CA
6896,5/13/2013,Amazon Order - Star Wars Figurine,-34.66,CA
6896,5/14/2013,Amazon Order - Biology Book,-32.62,CA
6896,5/15/2013,Coffee,-28.86,CA
6896,5/15/2013,Amazon Order - Biology Book,-11.37,CA
6896,5/15/2013,Goods2 - ThinkGeek,-21.72,CA
6896,5/15/2013,Von's Groceries,-27.59,CA
6896,5/15/2013,San Diego Museum,-38.37,CA
6896,5/15/2013,Uber,-25.91,CA
6896,5/16/2013,Restaurant - Pizza,-4.37,CA
6896,5/17/2013,Sprouts Market,-9.46,CA
6896,5/17/2013,Restaurant - Burgers,-13.43,CA
6896,5/17/2013,Taxi,-31.55,CA
6896,5/18/2013,Starbucks Coffee,-31.95,CA
6896,5/18/2013,Amazon Order - Biology Book,-7.85,CA
6896,5/18/2013,Coffee,-17.35,CA
6896,5/19/2013,Coffee,-113.61,CA
6896,5/20/2013,Amazon Order - Science Book,-92.09,CA
6896,5/20/2013,Public Transportation - Bus Pass,-31.89,CA
6896,5/21/2013,San Diego Museum,-35.53,CA
6896,5/21/2013,Art Museum,-36.6,CA
6896,5/21/2013,Restaurant - Burgers,-37.34,CA
6896,5/22/2013,Starbucks Coffee,-83.02,CA
6896,5/22/2013,Whole Foods,-45.36,CA
6896,5/22/2013,DVD - Star Trek,-28.56,CA
6896,5/23/2013,Uber,-11.74,CA
6896,5/23/2013,Art Museum,-21.28,CA
6896,5/24/2013,DVD - Star Trek,-27.31,CA
6896,5/24/2013,Online Education Courses,-2.96,CA
6896,5/24/2013,San Diego Museum,-35.76,CA
6896,5/24/2013,Mary's Book Store,-30.78,CA
6896,5/24/2013,Mary's Book Store,-39.51,CA
6896,5/25/2013,Public Transportation - Bus Pass,-35,CA
6896,5/25/2013,Restaurant - Pizza,-18.26,CA
6896,5/25/2013,DVD - Star Trek,-12.32,CA
6896,5/25/2013,Amazon Order - Biology Book,-27.62,CA
6896,5/25/2013,Amazon Order - Biology Book,-12.54,CA
6896,5/25/2013,Mary's Book Store,-2.63,CA
6896,5/26/2013,Restaurant - Burgers,-6.02,CA
6896,5/26/2013,Amazon Order - Star Wars Figurine,-0.35,CA
6896,5/26/2013,Restaurant - Pizza,-6.24,CA
6896,5/26/2013,Public Transportation - Train Pass,-9.53,CA
6896,5/26/2013,Lyft,-71.69,CA
6896,5/27/2013,San Diego Museum,-36.42,CA
6896,5/27/2013,Amazon Order - Mathematics Book,-21.2,CA
6896,5/27/2013,Public Transportation - Bus Pass,-4.68,CA
6896,5/28/2013,Restaurant - Pizza,-70.93,CA
6896,5/28/2013,Coffee,-26.9,CA
6896,5/29/2013,San Diego Museum,-8.51,CA
6896,5/29/2013,Coffee,-25.1,CA
6896,5/29/2013,DVD - Star Trek,-35.06,CA
6896,5/29/2013,Goods2 - ThinkGeek,-35.77,CA
6896,5/29/2013,Amazon Order - Science Book,-14.31,CA
6896,5/29/2013,Public Transportation - Train Pass,-60.81,CA
6896,5/29/2013,San Diego Museum,-16.07,CA
6896,5/29/2013,Online Education Courses,-37.36,CA
6896,5/29/2013,Starbucks Coffee,-5.36,CA
6896,5/30/2013,Video Game - PlayStation,-12.29,CA
6896,5/30/2013,Art Museum,-28.52,CA
6896,5/30/2013,Public Transportation - Bus Pass,-10.75,CA
6896,5/30/2013,Taxi,-106.64,CA
6896,6/2/2013,Paycheck,3793,CA
6896,6/2/2013,Housing Rent,-1260,CA
6896,6/2/2013,Credit Card Payment,-154,CA
6896,6/2/2013,Gas & Electric,-32,CA
6896,6/2/2013,Amazon Order - Mathematics Book,-59.08,CA
6896,6/2/2013,Uber,-33.63,CA
6896,6/2/2013,Restaurant - Burgers,-33.82,CA
6896,6/3/2013,Von's Groceries,-38.77,CA
6896,6/4/2013,Taxi,-6.8,CA
6896,6/4/2013,Restaurant - Steakhouse,-37.01,CA
6896,6/4/2013,Online Education Courses,-4.81,CA
6896,6/4/2013,Mary's Book Store,-6.3,CA
6896,6/5/2013,Ralph's Grocery Store,-6.48,CA
6896,6/5/2013,Amazon Order - Science Book,-0.87,CA
6896,6/6/2013,Amazon Order - Science Book,-2.48,CA
6896,6/7/2013,Amazon Order - Science Book,-22.51,CA
6896,6/7/2013,Library Membership,-28.66,CA
6896,6/7/2013,Von's Groceries,-74.35,CA
6896,6/7/2013,DVD - Star Trek,-13.21,CA
6896,6/8/2013,Food Delivery - GrubHub,-22.22,CA
6896,6/8/2013,Amazon Order - Science Book,-42.18,CA
6896,6/9/2013,Science Museum,-25.11,CA
6896,6/9/2013,Library Membership,-33.02,CA
6896,6/9/2013,Amazon Order - Science Book,-22.74,CA
6896,6/9/2013,Mary's Book Store,-96.99,CA
6896,6/9/2013,Art Museum,-19.39,CA
6896,6/9/2013,Taxi,-12.46,CA
6896,6/10/2013,Mary's Book Store,-13.73,CA
6896,6/10/2013,Restaurant - Burgers,-59.54,CA
6896,6/10/2013,Uber,-11.48,CA
6896,6/10/2013,Online Education Courses,-17.97,CA
6896,6/10/2013,Uber,-32.38,CA
6896,6/10/2013,Mary's Book Store,-47.87,CA
6896,6/10/2013,Video Game - PlayStation,-13.52,CA
6896,6/10/2013,Amazon Order - Star Wars Figurine,-2.35,CA
6896,6/10/2013,Whole Foods,-84.74,CA
6896,6/10/2013,Amazon Order - Science Book,-3.49,CA
6896,6/11/2013,Art Museum,-0.12,CA
6896,6/11/2013,Restaurant - Steakhouse,-59.94,CA
6896,6/11/2013,Public Transportation - Bus Pass,-39.45,CA
6896,6/11/2013,Taxi,-105.71,CA
6896,6/11/2013,Lyft,-14.68,CA
6896,6/11/2013,Restaurant - Burgers,-11.13,CA
6896,6/11/2013,San Diego Museum,-4.58,CA
6896,6/11/2013,Art Museum,-17.57,CA
6896,6/11/2013,Library Membership,-9.1,CA
6896,6/11/2013,Amazon Order - Science Book,-1.51,CA
6896,6/11/2013,Amazon Order - Mathematics Book,-30.67,CA
6896,6/11/2013,DVD - Star Trek,-22.29,CA
6896,6/12/2013,Library Membership,-24.51,CA
6896,6/12/2013,Lyft,-23.8,CA
6896,6/12/2013,Taxi,-24.06,CA
6896,6/12/2013,Public Transportation - Train Pass,-26.67,CA
6896,6/13/2013,Restaurant - Chinese,-37.13,CA
6896,6/14/2013,Video Game - PlayStation,-9.37,CA
6896,6/14/2013,Restaurant - Steakhouse,-17.99,CA
6896,6/14/2013,Uber,-12.93,CA
6896,6/14/2013,Mary's Book Store,-91.72,CA
6896,6/15/2013,Public Transportation - Train Pass,-9.81,CA
6896,6/16/2013,Whole Foods,-34.55,CA
6896,6/16/2013,Uber,-15.77,CA
6896,6/17/2013,Ralph's Grocery Store,-19.66,CA
6896,6/17/2013,Public Transportation - Train Pass,-15.95,CA
6896,6/17/2013,Uber,-3.55,CA
6896,6/17/2013,Coffee,-2.41,CA
6896,6/17/2013,Coffee,-22.3,CA
6896,6/17/2013,Art Museum,-2.11,CA
6896,6/17/2013,Library Membership,-18.71,CA
6896,6/18/2013,Taxi,-24.12,CA
6896,6/18/2013,Public Transportation - Train Pass,-40.57,CA
6896,6/18/2013,Amazon Order - Star Wars Figurine,-6.11,CA
6896,6/18/2013,Video Game - PlayStation,-30.22,CA
6896,6/18/2013,Amazon Order - Science Book,-58.83,CA
6896,6/18/2013,Uber,-99.66,CA
6896,6/18/2013,Amazon Order - Biology Book,-7.97,CA
6896,6/18/2013,Art Museum,-62.9,CA
6896,6/18/2013,Goods2 - ThinkGeek,-6.62,CA
6896,6/18/2013,Amazon Order - Biology Book,-29.05,CA
6896,6/18/2013,Restaurant - Pizza,-32.45,CA
6896,6/18/2013,Food Delivery - GrubHub,-60.74,CA
6896,6/18/2013,Amazon Order - Mathematics Book,-31.51,CA
6896,6/19/2013,Coffee,-12.06,CA
6896,6/19/2013,Goods2 - ThinkGeek,-24.12,CA
6896,6/19/2013,Restaurant - Pizza,-6.12,CA
6896,6/19/2013,Coffee,-19.13,CA
6896,6/19/2013,Public Transportation - Train Pass,-19.64,CA
6896,6/19/2013,Amazon Order - Star Wars Figurine,-35.35,CA
6896,6/20/2013,Library Membership,-27.12,CA
6896,6/21/2013,Mary's Book Store,-11.36,CA
6896,6/21/2013,Amazon Order - Biology Book,-38.86,CA
6896,6/22/2013,Goods2 - ThinkGeek,-37.91,CA
6896,6/23/2013,Kay Jewelry,-21.81,CA
6896,6/23/2013,Wedding Planner,-18.18,CA
6896,6/23/2013,Southwest Flights - Cancun,-14.34,CA
6896,6/23/2013,Cancun Beach Resort,-114.02,CA
6896,6/23/2013,San Diego Museum,-13.45,CA
6896,6/24/2013,Amazon Order - Star Wars Figurine,-78.9,CA
6896,6/24/2013,Public Transportation - Train Pass,-15.02,CA
6896,6/25/2013,Amazon Order - Mathematics Book,-31.38,CA
6896,6/25/2013,Public Transportation - Bus Pass,-33.29,CA
6896,6/25/2013,Mary's Book Store,-2.25,CA
6896,6/26/2013,Lyft,-12.05,CA
6896,6/26/2013,Taxi,-34.84,CA
6896,6/26/2013,Amazon Order - Biology Book,-23.25,CA
6896,6/26/2013,Restaurant - Chinese,-16.5,CA
6896,6/27/2013,Art Museum,-110.9,CA
6896,6/28/2013,Uber,-11.77,CA
6896,6/28/2013,Amazon Order - Science Book,-24.01,CA
6896,6/29/2013,Sprouts Market,-33.97,CA
6896,6/29/2013,Amazon Order - Science Book,-8.15,CA
6896,6/29/2013,Taxi,-12.97,CA
6896,6/30/2013,Restaurant - Pizza,-28.48,CA
6896,6/30/2013,Amazon Order - Star Wars Figurine,-36.65,CA
6896,6/30/2013,Amazon Order - Biology Book,-31.93,CA
6896,6/30/2013,Taxi,-83.35,CA
6896,6/30/2013,Lyft,-71.44,CA
6896,6/30/2013,Coffee,-29.54,CA
6896,6/30/2013,Amazon Order - Star Wars Figurine,-7.61,CA
6896,6/30/2013,San Diego Museum,-5.31,CA
6896,6/30/2013,Video Game - PlayStation,-7.05,CA
6896,6/30/2013,Science Museum,-6.03,CA
6896,6/30/2013,Online Education Courses,-23.61,CA
6896,7/2/2013,Paycheck,3793,CA
6896,7/2/2013,Housing Rent,-1100,CA
6896,7/2/2013,Credit Card Payment,-154,CA
6896,7/2/2013,Gas & Electric,-32,CA
6896,7/2/2013,Lyft,-77.66,CA
6896,7/2/2013,Taxi,-3.76,CA
6896,7/2/2013,Lyft,-4.75,CA
6896,7/2/2013,Von's Groceries,-56.43,CA
6896,7/2/2013,Library Membership,-8.36,CA
6896,7/3/2013,Amazon Order - Mathematics Book,-12.61,CA
6896,7/3/2013,Mary's Book Store,-20.21,CA
6896,7/3/2013,Restaurant - Chinese,-86.48,CA
6896,7/3/2013,Online Education Courses,-23.33,CA
6896,7/4/2013,Amazon Order - Mathematics Book,-21.41,CA
6896,7/4/2013,Amazon Order - Star Wars Figurine,-9.24,CA
6896,7/5/2013,Art Museum,-11.1,CA
6896,7/5/2013,Lyft,-32.47,CA
6896,7/5/2013,Restaurant - Pizza,-37.44,CA
6896,7/6/2013,Uber,-0.72,CA
6896,7/7/2013,Amazon Order - Science Book,-119.39,CA
6896,7/7/2013,San Diego Museum,-28.56,CA
6896,7/7/2013,Public Transportation - Train Pass,-3.05,CA
6896,7/7/2013,Restaurant - Steakhouse,-12.19,CA
6896,7/7/2013,Ralph's Grocery Store,-7.28,CA
6896,7/8/2013,Public Transportation - Bus Pass,-21.45,CA
6896,7/8/2013,Lyft,-76.37,CA
6896,7/8/2013,Lyft,-9.29,CA
6896,7/8/2013,Public Transportation - Train Pass,-22.73,CA
6896,7/8/2013,Amazon Order - Mathematics Book,-53.31,CA
6896,7/9/2013,Art Museum,-117.13,CA
6896,7/9/2013,Amazon Order - Biology Book,-20.08,CA
6896,7/9/2013,Online Education Courses,-15.38,CA
6896,7/9/2013,DVD - Star Trek,-24.41,CA
6896,7/10/2013,Food Delivery - GrubHub,-87.29,CA
6896,7/10/2013,Public Transportation - Bus Pass,-17.57,CA
6896,7/10/2013,Public Transportation - Bus Pass,-60.87,CA
6896,7/10/2013,Amazon Order - Star Wars Figurine,-31.1,CA
6896,7/10/2013,Video Game - PlayStation,-23.83,CA
6896,7/11/2013,Amazon Order - Star Wars Figurine,-2.88,CA
6896,7/12/2013,Amazon Order - Science Book,-37.19,CA
6896,7/12/2013,San Diego Museum,-36.35,CA
6896,7/13/2013,Public Transportation - Train Pass,-28.02,CA
6896,7/13/2013,DVD - Star Trek,-15.16,CA
6896,7/14/2013,Amazon Order - Mathematics Book,-15.38,CA
6896,7/15/2013,Science Museum,-108.31,CA
6896,7/15/2013,Online Education Courses,-23.98,CA
6896,7/16/2013,Science Museum,-104.27,CA
6896,7/16/2013,Library Membership,-27.09,CA
6896,7/17/2013,Library Membership,-39.62,CA
6896,7/17/2013,Amazon Order - Star Wars Figurine,-18.73,CA
6896,7/18/2013,Starbucks Coffee,-27.53,CA
6896,7/18/2013,Science Museum,-117.59,CA
6896,7/18/2013,Coffee,-33,CA
6896,7/18/2013,Amazon Order - Star Wars Figurine,-39.24,CA
6896,7/19/2013,Taxi,-37.82,CA
6896,7/19/2013,San Diego Museum,-25.47,CA
6896,7/19/2013,Video Game - PlayStation,-8.5,CA
6896,7/19/2013,Starbucks Coffee,-20.21,CA
6896,7/20/2013,Amazon Order - Mathematics Book,-96.11,CA
6896,7/21/2013,Library Membership,-21.88,CA
6896,7/21/2013,Science Museum,-5.23,CA
6896,7/21/2013,Amazon Order - Star Wars Figurine,-91.32,CA
6896,7/21/2013,Video Game - PlayStation,-80.42,CA
6896,7/21/2013,Science Museum,-25.66,CA
6896,7/22/2013,Sprouts Market,-36.83,CA
6896,7/22/2013,Uber,-27.06,CA
6896,7/23/2013,Lyft,-28.49,CA
6896,7/23/2013,Taxi,-12.03,CA
6896,7/24/2013,Mary's Book Store,-26.46,CA
6896,7/24/2013,Ralph's Grocery Store,-30.13,CA
6896,7/24/2013,Lyft,-61.21,CA
6896,7/25/2013,Goods2 - ThinkGeek,-70.89,CA
6896,7/25/2013,Taxi,-4.38,CA
6896,7/25/2013,Starbucks Coffee,-15.23,CA
6896,7/25/2013,Goods2 - ThinkGeek,-5.87,CA
6896,7/25/2013,San Diego Museum,-84.53,CA
6896,7/26/2013,Public Transportation - Bus Pass,-18.9,CA
6896,7/26/2013,Amazon Order - Star Wars Figurine,-17.25,CA
6896,7/26/2013,Amazon Order - Star Wars Figurine,-102.32,CA
6896,7/26/2013,Science Museum,-12.97,CA
6896,7/26/2013,Lyft,-34.21,CA
6896,7/26/2013,San Diego Museum,-17.88,CA
6896,7/26/2013,Whole Foods,-25.06,CA
6896,7/26/2013,Coffee,-108.96,CA
6896,7/26/2013,Science Museum,-86.06,CA
6896,7/26/2013,Coffee,-24.33,CA
6896,7/26/2013,Online Education Courses,-1.48,CA
6896,7/26/2013,Public Transportation - Train Pass,-14.77,CA
6896,7/26/2013,Uber,-2.16,CA
6896,7/26/2013,Ralph's Grocery Store,-54.31,CA
6896,7/26/2013,Art Museum,-26.86,CA
6896,7/26/2013,Whole Foods,-90.8,CA
6896,7/27/2013,Sprouts Market,-27.21,CA
6896,7/27/2013,Public Transportation - Train Pass,-0.06,CA
6896,7/27/2013,Taxi,-29.7,CA
6896,7/27/2013,Amazon Order - Mathematics Book,-33.25,CA
6896,7/27/2013,Goods2 - ThinkGeek,-1.76,CA
6896,7/28/2013,Amazon Order - Mathematics Book,-16.68,CA
6896,7/28/2013,Lyft,-12.82,CA
6896,7/28/2013,Coffee,-67.07,CA
6896,7/29/2013,Restaurant - Steakhouse,-22.58,CA
6896,7/29/2013,Taxi,-21.95,CA
6896,7/29/2013,Goods2 - ThinkGeek,-6.57,CA
6896,7/30/2013,Amazon Order - Mathematics Book,-72.75,CA
6896,8/2/2013,Paycheck,3793,CA
6896,8/2/2013,Housing Rent,-1271,CA
6896,8/2/2013,Credit Card Payment,-154,CA
6896,8/2/2013,Gas & Electric,-32,CA
6896,8/2/2013,Goods2 - ThinkGeek,-29.35,CA
6896,8/2/2013,Coffee,-97.39,CA
6896,8/2/2013,Art Museum,-11.35,CA
6896,8/2/2013,Uber,-48.07,CA
6896,8/3/2013,Amazon Order - Science Book,-11.31,CA
6896,8/3/2013,Art Museum,-29.96,CA
6896,8/3/2013,Restaurant - Pizza,-32.31,CA
6896,8/4/2013,Taxi,-5.52,CA
6896,8/5/2013,Amazon Order - Mathematics Book,-17.14,CA
6896,8/6/2013,Restaurant - Pizza,-1.38,CA
6896,8/6/2013,DVD - Star Trek,-13.77,CA
6896,8/7/2013,Public Transportation - Train Pass,-20.42,CA
6896,8/8/2013,Taxi,-37.09,CA
6896,8/8/2013,Coffee,-38.45,CA
6896,8/8/2013,Art Museum,-29.74,CA
6896,8/8/2013,Whole Foods,-33.71,CA
6896,8/8/2013,Amazon Order - Star Wars Figurine,-18.53,CA
6896,8/8/2013,Amazon Order - Star Wars Figurine,-5.72,CA
6896,8/8/2013,Lyft,-15.95,CA
6896,8/8/2013,Whole Foods,-76.96,CA
6896,8/8/2013,Library Membership,-27.63,CA
6896,8/8/2013,Starbucks Coffee,-14.12,CA
6896,8/9/2013,Amazon Order - Mathematics Book,-113.27,CA
6896,8/9/2013,Online Education Courses,-6.72,CA
6896,8/9/2013,San Diego Museum,-27.31,CA
6896,8/9/2013,Amazon Order - Star Wars Figurine,-28.75,CA
6896,8/9/2013,DVD - Star Trek,-8.86,CA
6896,8/9/2013,Mary's Book Store,-15.07,CA
6896,8/9/2013,Art Museum,-1.35,CA
6896,8/9/2013,Sprouts Market,-65.34,CA
6896,8/9/2013,Public Transportation - Bus Pass,-25.9,CA
6896,8/9/2013,Restaurant - Chinese,-15.03,CA
6896,8/10/2013,Science Museum,-31.46,CA
6896,8/11/2013,Taxi,-9.75,CA
6896,8/11/2013,Mary's Book Store,-30.3,CA
6896,8/11/2013,Art Museum,-30.91,CA
6896,8/11/2013,Goods2 - ThinkGeek,-12.56,CA
6896,8/11/2013,DVD - Star Trek,-82.52,CA
6896,8/11/2013,Coffee,-15.39,CA
6896,8/11/2013,Amazon Order - Mathematics Book,-5.19,CA
6896,8/12/2013,Lyft,-31.24,CA
6896,8/12/2013,Science Museum,-6.48,CA
6896,8/13/2013,Amazon Order - Mathematics Book,-3.22,CA
6896,8/13/2013,Video Game - PlayStation,-3.3,CA
6896,8/14/2013,Science Museum,-4.65,CA
6896,8/14/2013,DVD - Star Trek,-13.96,CA
6896,8/14/2013,Taxi,-36.61,CA
6896,8/14/2013,Uber,-23.39,CA
6896,8/15/2013,Science Museum,-30.35,CA
6896,8/16/2013,Mary's Book Store,-6.62,CA
6896,8/17/2013,Lyft,-25.82,CA
6896,8/17/2013,Video Game - PlayStation,-45.21,CA
6896,8/18/2013,Restaurant - Pizza,-38.95,CA
6896,8/19/2013,Library Membership,-72.23,CA
6896,8/20/2013,Mary's Book Store,-5.03,CA
6896,8/20/2013,Amazon Order - Science Book,-10.52,CA
6896,8/20/2013,DVD - Star Trek,-46.31,CA
6896,8/20/2013,Library Membership,-9.17,CA
6896,8/20/2013,Amazon Order - Mathematics Book,-10.63,CA
6896,8/21/2013,Lyft,-7.03,CA
6896,8/22/2013,Amazon Order - Star Wars Figurine,-30.57,CA
6896,8/22/2013,Online Education Courses,-12.61,CA
6896,8/22/2013,Amazon Order - Science Book,-28.23,CA
6896,8/22/2013,Taxi,-5.8,CA
6896,8/22/2013,Public Transportation - Bus Pass,-8.43,CA
6896,8/22/2013,Online Education Courses,-20.54,CA
6896,8/23/2013,Amazon Order - Mathematics Book,-94.42,CA
6896,8/23/2013,DVD - Star Trek,-8.61,CA
6896,8/23/2013,Art Museum,-46.52,CA
6896,8/23/2013,San Diego Museum,-24.64,CA
6896,8/23/2013,Amazon Order - Biology Book,-18.15,CA
6896,8/23/2013,Amazon Order - Mathematics Book,-38.18,CA
6896,8/24/2013,Amazon Order - Biology Book,-95.69,CA
6896,8/25/2013,Public Transportation - Train Pass,-5.14,CA
6896,8/25/2013,Goods2 - ThinkGeek,-22.83,CA
6896,8/25/2013,Amazon Order - Star Wars Figurine,-57.54,CA
6896,8/26/2013,Art Museum,-17.37,CA
6896,8/27/2013,Public Transportation - Bus Pass,-27.1,CA
6896,8/27/2013,San Diego Museum,-6.09,CA
6896,8/28/2013,Coffee,-29.32,CA
6896,8/29/2013,Amazon Order - Biology Book,-32.15,CA
6896,8/29/2013,Online Education Courses,-11.8,CA
6896,8/29/2013,Library Membership,-8.58,CA
6896,8/29/2013,Amazon Order - Mathematics Book,-3.69,CA
6896,8/29/2013,Mary's Book Store,-3.96,CA
6896,8/29/2013,Library Membership,-4.27,CA
6896,8/29/2013,Amazon Order - Star Wars Figurine,-35.49,CA
6896,8/29/2013,DVD - Star Trek,-33.04,CA
6896,8/30/2013,Uber,-32.22,CA
6896,9/2/2013,Paycheck,3793,CA
6896,9/2/2013,Housing Rent,-1070,CA
6896,9/2/2013,Credit Card Payment,-154,CA
6896,9/2/2013,Gas & Electric,-32,CA
6896,9/2/2013,Video Game - PlayStation,-26.17,CA
6896,9/2/2013,Coffee,-27.58,CA
6896,9/2/2013,Art Museum,-18.03,CA
6896,9/3/2013,Goods2 - ThinkGeek,-8.76,CA
6896,9/3/2013,Public Transportation - Train Pass,-24.12,CA
6896,9/4/2013,Amazon Order - Star Wars Figurine,-22.08,CA
6896,9/5/2013,Uber,-16.86,CA
6896,9/5/2013,Amazon Order - Biology Book,-32.14,CA
6896,9/6/2013,Food Delivery - GrubHub,-61.81,CA
6896,9/6/2013,Amazon Order - Star Wars Figurine,-73.13,CA
6896,9/6/2013,Amazon Order - Science Book,-35.87,CA
6896,9/7/2013,Amazon Order - Star Wars Figurine,-39.55,CA
6896,9/7/2013,Amazon Order - Biology Book,-49.64,CA
6896,9/7/2013,Science Museum,-17.36,CA
6896,9/8/2013,Video Game - PlayStation,-7.33,CA
6896,9/8/2013,Public Transportation - Train Pass,-117,CA
6896,9/8/2013,Goods2 - ThinkGeek,-30.83,CA
6896,9/9/2013,Lyft,-3.86,CA
6896,9/10/2013,Ralph's Grocery Store,-13.58,CA
6896,9/10/2013,Amazon Order - Biology Book,-35.68,CA
6896,9/10/2013,San Diego Museum,-10.53,CA
6896,9/11/2013,Restaurant - Pizza,-8.39,CA
6896,9/11/2013,Public Transportation - Bus Pass,-26.16,CA
6896,9/12/2013,Lyft,-3.74,CA
6896,9/13/2013,Amazon Order - Science Book,-74.54,CA
6896,9/13/2013,Sprouts Market,-8.24,CA
6896,9/14/2013,DVD - Star Trek,-6.65,CA
6896,9/15/2013,San Diego Museum,-18.56,CA
6896,9/15/2013,Art Museum,-16.82,CA
6896,9/16/2013,Art Museum,-23.34,CA
6896,9/16/2013,Uber,-29.19,CA
6896,9/17/2013,Uber,-30.21,CA
6896,9/17/2013,Restaurant - Burgers,-1.87,CA
6896,9/18/2013,San Diego Museum,-85.73,CA
6896,9/18/2013,Public Transportation - Bus Pass,-81.79,CA
6896,9/18/2013,Restaurant - Steakhouse,-31.8,CA
6896,9/19/2013,Mary's Book Store,-12.67,CA
6896,9/20/2013,Uber,-29.86,CA
6896,9/20/2013,Uber,-36.88,CA
6896,9/20/2013,Restaurant - Chinese,-59.74,CA
6896,9/20/2013,Uber,-27.6,CA
6896,9/21/2013,Amazon Order - Mathematics Book,-31.36,CA
6896,9/21/2013,Food Delivery - GrubHub,-39.82,CA
6896,9/21/2013,Goods2 - ThinkGeek,-72.76,CA
6896,9/21/2013,San Diego Museum,-39.06,CA
6896,9/21/2013,Public Transportation - Train Pass,-23.28,CA
6896,9/22/2013,Online Education Courses,-79.76,CA
6896,9/22/2013,Ralph's Grocery Store,-7.58,CA
6896,9/23/2013,Amazon Order - Mathematics Book,-111.74,CA
6896,9/23/2013,Amazon Order - Science Book,-0.5,CA
6896,9/24/2013,Whole Foods,-119.56,CA
6896,9/24/2013,Mary's Book Store,-85.41,CA
6896,9/24/2013,Goods2 - ThinkGeek,-83.11,CA
6896,9/24/2013,Video Game - PlayStation,-30.15,CA
6896,9/24/2013,Library Membership,-7.03,CA
6896,9/25/2013,Amazon Order - Star Wars Figurine,-37.01,CA
6896,9/26/2013,Food Delivery - GrubHub,-26.72,CA
6896,9/27/2013,Public Transportation - Train Pass,-22.03,CA
6896,9/28/2013,Public Transportation - Bus Pass,-119.95,CA
6896,9/29/2013,Mary's Book Store,-27.74,CA
6896,9/29/2013,Sprouts Market,-51.01,CA
6896,9/29/2013,Goods2 - ThinkGeek,-34.8,CA
6896,9/30/2013,Library Membership,-27.53,CA
6896,10/2/2013,Paycheck,3793,CA
6896,10/2/2013,Housing Rent,-979,CA
6896,10/2/2013,Credit Card Payment,-154,CA
6896,10/2/2013,Gas & Electric,-32,CA
6896,10/2/2013,Goods2 - ThinkGeek,-0.72,CA
6896,10/3/2013,Mary's Book Store,-60.57,CA
6896,10/3/2013,Taxi,-27.24,CA
6896,10/4/2013,Public Transportation - Bus Pass,-3.7,CA
6896,10/4/2013,Science Museum,-119.92,CA
6896,10/4/2013,Public Transportation - Train Pass,-7.7,CA
6896,10/5/2013,Amazon Order - Mathematics Book,-35.21,CA
6896,10/5/2013,Art Museum,-17.42,CA
6896,10/5/2013,Public Transportation - Train Pass,-54.1,CA
6896,10/5/2013,Science Museum,-36.1,CA
6896,10/5/2013,Art Museum,-21.58,CA
6896,10/6/2013,Public Transportation - Bus Pass,-14.78,CA
6896,10/6/2013,Video Game - PlayStation,-4.7,CA
6896,10/7/2013,Art Museum,-24.13,CA
6896,10/7/2013,Video Game - PlayStation,-12.63,CA
6896,10/8/2013,Art Museum,-26.91,CA
6896,10/8/2013,Uber,-35.89,CA
6896,10/8/2013,Video Game - PlayStation,-0.02,CA
6896,10/9/2013,Coffee,-0.76,CA
6896,10/9/2013,Food Delivery - GrubHub,-46.34,CA
6896,10/9/2013,Restaurant - Burgers,-4.89,CA
6896,10/10/2013,Library Membership,-16.76,CA
6896,10/10/2013,Video Game - PlayStation,-14.18,CA
6896,10/10/2013,Restaurant - Steakhouse,-6.54,CA
6896,10/10/2013,Science Museum,-39.77,CA
6896,10/11/2013,Sprouts Market,-18.69,CA
6896,10/11/2013,Science Museum,-38.81,CA
6896,10/11/2013,Taxi,-33.38,CA
6896,10/11/2013,Coffee,-20.23,CA
6896,10/11/2013,Goods2 - ThinkGeek,-4.99,CA
6896,10/12/2013,Amazon Order - Star Wars Figurine,-4.96,CA
6896,10/12/2013,Ralph's Grocery Store,-6.55,CA
6896,10/12/2013,Amazon Order - Biology Book,-49.06,CA
6896,10/13/2013,Lyft,-62.7,CA
6896,10/13/2013,Coffee,-36.06,CA
6896,10/13/2013,Restaurant - Pizza,-8,CA
6896,10/14/2013,Mary's Book Store,-34.05,CA
6896,10/15/2013,Amazon Order - Biology Book,-30.47,CA
6896,10/16/2013,Taxi,-11.35,CA
6896,10/16/2013,Goods2 - ThinkGeek,-32.02,CA
6896,10/17/2013,Restaurant - Burgers,-118.76,CA
6896,10/17/2013,Video Game - PlayStation,-32.08,CA
6896,10/17/2013,Restaurant - Chinese,-11.73,CA
6896,10/18/2013,Science Museum,-23.15,CA
6896,10/18/2013,Restaurant - Burgers,-37.84,CA
6896,10/19/2013,Coffee,-48.17,CA
6896,10/19/2013,Sprouts Market,-36.7,CA
6896,10/19/2013,Starbucks Coffee,-34.29,CA
6896,10/19/2013,Library Membership,-92.13,CA
6896,10/19/2013,Amazon Order - Science Book,-23.96,CA
6896,10/19/2013,Ralph's Grocery Store,-69.2,CA
6896,10/19/2013,Sprouts Market,-73.77,CA
6896,10/19/2013,Amazon Order - Science Book,-26.54,CA
6896,10/19/2013,Restaurant - Pizza,-29.06,CA
6896,10/19/2013,Public Transportation - Train Pass,-37.01,CA
6896,10/19/2013,Library Membership,-18.38,CA
6896,10/19/2013,Amazon Order - Biology Book,-11.03,CA
6896,10/20/2013,Taxi,-38.65,CA
6896,10/20/2013,Amazon Order - Science Book,-36.62,CA
6896,10/20/2013,Online Education Courses,-75.07,CA
6896,10/21/2013,Starbucks Coffee,-29.01,CA
6896,10/21/2013,Online Education Courses,-8.63,CA
6896,10/21/2013,Mary's Book Store,-15.35,CA
6896,10/21/2013,Sprouts Market,-28.49,CA
6896,10/21/2013,Mary's Book Store,-13.96,CA
6896,10/22/2013,Video Game - PlayStation,-37.44,CA
6896,10/22/2013,Amazon Order - Star Wars Figurine,-4.59,CA
6896,10/22/2013,Coffee,-28.66,CA
6896,10/23/2013,Amazon Order - Star Wars Figurine,-17.94,CA
6896,10/23/2013,Public Transportation - Bus Pass,-78.67,CA
6896,10/24/2013,Amazon Order - Mathematics Book,-10.59,CA
6896,10/24/2013,DVD - Star Trek,-8.46,CA
6896,10/24/2013,DVD - Star Trek,-89.24,CA
6896,10/24/2013,Restaurant - Chinese,-22.64,CA
6896,10/24/2013,San Diego Museum,-38.16,CA
6896,10/24/2013,Video Game - PlayStation,-25.07,CA
6896,10/24/2013,Restaurant - Burgers,-5.56,CA
6896,10/25/2013,Goods2 - ThinkGeek,-75.54,CA
6896,10/26/2013,Public Transportation - Bus Pass,-115.83,CA
6896,10/26/2013,Amazon Order - Biology Book,-118.24,CA
6896,10/27/2013,Amazon Order - Mathematics Book,-63.09,CA
6896,10/27/2013,Amazon Order - Star Wars Figurine,-33.37,CA
6896,10/27/2013,Restaurant - Steakhouse,-22.71,CA
6896,10/28/2013,Art Museum,-24.66,CA
6896,10/28/2013,Starbucks Coffee,-5.24,CA
6896,10/28/2013,Food Delivery - GrubHub,-21.11,CA
6896,10/29/2013,Public Transportation - Bus Pass,-15.74,CA
6896,10/29/2013,Mary's Book Store,-35.37,CA
6896,10/29/2013,Amazon Order - Star Wars Figurine,-5.59,CA
6896,10/29/2013,Science Museum,-10.47,CA
6896,10/29/2013,Coffee,-11.55,CA
6896,10/29/2013,Lyft,-25.09,CA
6896,10/30/2013,Uber,-26.55,CA
6896,11/2/2013,Housing Rent,-839,CA
6896,11/2/2013,Credit Card Payment,-154,CA
6896,11/2/2013,Gas & Electric,-32,CA
6896,11/2/2013,Public Transportation - Train Pass,-22.9,CA
6896,11/2/2013,Coffee,-16.34,CA
6896,11/2/2013,Public Transportation - Bus Pass,-21.27,CA
6896,11/3/2013,Taxi,-22.45,CA
6896,11/3/2013,San Diego Museum,-5.81,CA
6896,11/4/2013,San Diego Museum,-21.49,CA
6896,11/4/2013,Mark's Movers,-31.88,CA
6896,11/4/2013,FedEx Shipping,-28.73,CA
6896,11/4/2013,Jerome's Furniture,-13.69,CA
6896,11/4/2013,Home Depot,-18.83,CA
6896,11/4/2013,Refrigerator Depot,-85.64,CA
6896,11/4/2013,Hamilton Move & Storage,-16.9,CA
6896,11/4/2013,Library Membership,-61.36,CA
6896,11/4/2013,Public Transportation - Bus Pass,-8.03,CA
6896,11/4/2013,Whole Foods,-3.01,CA
6896,11/5/2013,DVD - Star Trek,-26.6,CA
6896,11/5/2013,Art Museum,-20.42,CA
6896,11/5/2013,Mary's Book Store,-50.78,CA
6896,11/5/2013,Restaurant - Burgers,-35.78,CA
6896,11/5/2013,Coffee,-17.92,CA
6896,11/6/2013,Lyft,-20.95,CA
6896,11/7/2013,Art Museum,-83.7,CA
6896,11/7/2013,Library Membership,-4.22,CA
6896,11/8/2013,Restaurant - Burgers,-5.73,CA
6896,11/8/2013,Library Membership,-37.98,CA
6896,11/8/2013,Amazon Order - Biology Book,-30.41,CA
6896,11/9/2013,Amazon Order - Science Book,-86.61,CA
6896,11/10/2013,Public Transportation - Train Pass,-30.74,CA
6896,11/10/2013,Lyft,-37.12,CA
6896,11/10/2013,Von's Groceries,-3.2,CA
6896,11/10/2013,San Diego Museum,-19.73,CA
6896,11/10/2013,Amazon Order - Star Wars Figurine,-32.89,CA
6896,11/11/2013,Starbucks Coffee,-30.39,CA
6896,11/11/2013,Goods2 - ThinkGeek,-85.07,CA
6896,11/11/2013,Mary's Book Store,-61.76,CA
6896,11/12/2013,Public Transportation - Train Pass,-37.01,CA
6896,11/13/2013,Amazon Order - Star Wars Figurine,-19.11,CA
6896,11/13/2013,Amazon Order - Biology Book,-83.22,CA
6896,11/13/2013,San Diego Museum,-11.53,CA
6896,11/13/2013,Public Transportation - Train Pass,-25.73,CA
6896,11/13/2013,Taxi,-90.24,CA
6896,11/13/2013,Coffee,-15.08,CA
6896,11/13/2013,Public Transportation - Bus Pass,-20.56,CA
6896,11/13/2013,Amazon Order - Science Book,-69.22,CA
6896,11/13/2013,Science Museum,-102.03,CA
6896,11/13/2013,Library Membership,-11.21,CA
6896,11/13/2013,Amazon Order - Science Book,-17.63,CA
6896,11/13/2013,DVD - Star Trek,-17.52,CA
6896,11/13/2013,DVD - Star Trek,-27.42,CA
6896,11/14/2013,Video Game - PlayStation,-19.4,CA
6896,11/15/2013,Restaurant - Steakhouse,-1.87,CA
6896,11/16/2013,Restaurant - Steakhouse,-28.25,CA
6896,11/16/2013,Amazon Order - Mathematics Book,-17.83,CA
6896,11/16/2013,DVD - Star Trek,-32.96,CA
6896,11/17/2013,Amazon Order - Science Book,-39.31,CA
6896,11/17/2013,San Diego Museum,-15.46,CA
6896,11/17/2013,Whole Foods,-8.19,CA
6896,11/17/2013,Mary's Book Store,-10.21,CA
6896,11/18/2013,Video Game - PlayStation,-7.74,CA
6896,11/19/2013,Public Transportation - Bus Pass,-0.78,CA
6896,11/20/2013,Whole Foods,-22.72,CA
6896,11/20/2013,San Diego Museum,-12.1,CA
6896,11/21/2013,Ralph's Grocery Store,-33.87,CA
6896,11/21/2013,Online Education Courses,-39.17,CA
6896,11/22/2013,Science Museum,-5.45,CA
6896,11/22/2013,Lyft,-56.44,CA
6896,11/23/2013,Art Museum,-59.33,CA
6896,11/23/2013,Sprouts Market,-11.36,CA
6896,11/24/2013,Von's Groceries,-25.15,CA
6896,11/25/2013,Video Game - PlayStation,-37.58,CA
6896,11/25/2013,Mary's Book Store,-21.59,CA
6896,11/25/2013,Food Delivery - GrubHub,-49.1,CA
6896,11/25/2013,Restaurant - Steakhouse,-28.44,CA
6896,11/25/2013,Food Delivery - GrubHub,-69.32,CA
6896,11/25/2013,Food Delivery - GrubHub,-35.46,CA
6896,11/25/2013,Amazon Order - Mathematics Book,-1.46,CA
6896,11/26/2013,Mary's Book Store,-0.58,CA
6896,11/26/2013,DVD - Star Trek,-42.45,CA
6896,11/26/2013,Goods2 - ThinkGeek,-77.68,CA
6896,11/26/2013,Goods2 - ThinkGeek,-75.4,CA
6896,11/26/2013,Amazon Order - Mathematics Book,-17.67,CA
6896,11/27/2013,Coffee,-24.52,CA
6896,11/28/2013,Food Delivery - GrubHub,-10.65,CA
6896,11/28/2013,Mary's Book Store,-18.71,CA
6896,11/28/2013,Restaurant - Chinese,-24.22,CA
6896,11/29/2013,Coffee,-58.99,CA
6896,11/29/2013,Restaurant - Chinese,-35.25,CA
6896,11/30/2013,Restaurant - Chinese,-36.83,CA
6896,11/30/2013,Von's Groceries,-19.08,CA
6896,11/30/2013,Science Museum,-66.07,CA
6896,11/30/2013,Goods2 - ThinkGeek,-0.5,CA
6896,11/30/2013,Mary's Book Store,-29.19,CA
6896,11/30/2013,Video Game - PlayStation,-46.89,CA
6896,11/30/2013,Lyft,-21.35,CA
6896,11/30/2013,Online Education Courses,-34.61,CA
6896,11/30/2013,Amazon Order - Science Book,-19.35,CA
6896,11/30/2013,Food Delivery - GrubHub,-20.08,CA
6896,11/30/2013,Sprouts Market,-21.6,CA
6896,11/30/2013,Uber,-22.87,CA
6896,11/30/2013,Amazon Order - Mathematics Book,-4.69,CA
6896,11/30/2013,Video Game - PlayStation,-27.41,CA
6896,12/2/2013,Housing Rent,-1397,CA
6896,12/2/2013,Credit Card Payment,-154,CA
6896,12/2/2013,Gas & Electric,-32,CA
6896,12/2/2013,Public Transportation - Train Pass,-37.55,CA
6896,12/2/2013,San Diego Museum,-7.87,CA
6896,12/3/2013,Art Museum,-41.69,CA
6896,12/3/2013,Starbucks Coffee,-25.53,CA
6896,12/3/2013,Amazon Order - Mathematics Book,-27.98,CA
6896,12/3/2013,Sprouts Market,-18.97,CA
6896,12/3/2013,DVD - Star Trek,-37.5,CA
6896,12/4/2013,Science Museum,-29.83,CA
6896,12/5/2013,Amazon Order - Star Wars Figurine,-21.42,CA
6896,12/6/2013,Library Membership,-22.63,CA
6896,12/6/2013,DVD - Star Trek,-10.46,CA
6896,12/6/2013,Video Game - PlayStation,-35.5,CA
6896,12/6/2013,Mary's Book Store,-28.12,CA
6896,12/6/2013,Amazon Order - Star Wars Figurine,-7.7,CA
6896,12/6/2013,Starbucks Coffee,-22.69,CA
6896,12/6/2013,Amazon Order - Science Book,-19.84,CA
6896,12/6/2013,Amazon Order - Science Book,-31.16,CA
6896,12/6/2013,Amazon Order - Star Wars Figurine,-10.07,CA
6896,12/6/2013,Public Transportation - Train Pass,-30.93,CA
6896,12/7/2013,Uber,-35.95,CA
6896,12/7/2013,Amazon Order - Biology Book,-6.87,CA
6896,12/7/2013,Science Museum,-10.83,CA
6896,12/8/2013,Taxi,-39.93,CA
6896,12/8/2013,Uber,-92.23,CA
6896,12/8/2013,Goods2 - ThinkGeek,-3.17,CA
6896,12/9/2013,Uber,-0.34,CA
6896,12/10/2013,Mary's Book Store,-114.72,CA
6896,12/11/2013,Amazon Order - Mathematics Book,-24.2,CA
6896,12/12/2013,Restaurant - Steakhouse,-39.62,CA
6896,12/12/2013,Online Education Courses,-27.84,CA
6896,12/13/2013,Sprouts Market,-14.24,CA
6896,12/13/2013,Sprouts Market,-16.96,CA
6896,12/13/2013,Starbucks Coffee,-21.43,CA
6896,12/14/2013,Restaurant - Burgers,-11.31,CA
6896,12/14/2013,Starbucks Coffee,-29.78,CA
6896,12/15/2013,San Diego Museum,-31.47,CA
6896,12/15/2013,Goods2 - ThinkGeek,-99.38,CA
6896,12/16/2013,San Diego Museum,-14.24,CA
6896,12/16/2013,Public Transportation - Train Pass,-36.02,CA
6896,12/17/2013,Art Museum,-19.85,CA
6896,12/18/2013,Amazon Order - Biology Book,-63.7,CA
6896,12/19/2013,Amazon Order - Biology Book,-22.01,CA
6896,12/19/2013,Amazon Order - Biology Book,-33.04,CA
6896,12/19/2013,Lyft,-20.68,CA
6896,12/20/2013,Lyft,-93.21,CA
6896,12/20/2013,Amazon Order - Mathematics Book,-9.68,CA
6896,12/21/2013,Starbucks Coffee,-75.68,CA
6896,12/21/2013,Restaurant - Chinese,-31.36,CA
6896,12/21/2013,Science Museum,-28.01,CA
6896,12/21/2013,Restaurant - Burgers,-36.58,CA
6896,12/21/2013,Science Museum,-30.62,CA
6896,12/22/2013,Amazon Order - Mathematics Book,-32.24,CA
6896,12/22/2013,Video Game - PlayStation,-32.54,CA
6896,12/22/2013,Restaurant - Burgers,-18.48,CA
6896,12/22/2013,Uber,-34.31,CA
6896,12/23/2013,Sprouts Market,-13.12,CA
6896,12/24/2013,Online Education Courses,-20.34,CA
6896,12/24/2013,Restaurant - Burgers,-5.33,CA
6896,12/24/2013,Restaurant - Pizza,-66.8,CA
6896,12/24/2013,Science Museum,-38.56,CA
6896,12/24/2013,Amazon Order - Star Wars Figurine,-25.77,CA
6896,12/24/2013,Online Education Courses,-4.03,CA
6896,12/24/2013,Science Museum,-96.06,CA
6896,12/25/2013,Uber,-35.3,CA
6896,12/25/2013,Taxi,-37.5,CA
6896,12/25/2013,Starbucks Coffee,-19.82,CA
6896,12/26/2013,Coffee,-15.59,CA
6896,12/26/2013,Food Delivery - GrubHub,-107.16,CA
6896,12/26/2013,Coffee,-0.6,CA
6896,12/26/2013,Online Education Courses,-14.73,CA
6896,12/26/2013,Coffee,-8.17,CA
6896,12/27/2013,Mary's Book Store,-22.05,CA
6896,12/27/2013,DVD - Star Trek,-25.26,CA
6896,12/28/2013,Public Transportation - Bus Pass,-39.5,CA
6896,12/28/2013,Mary's Book Store,-91.53,CA
6896,12/28/2013,Restaurant - Steakhouse,-6.95,CA
6896,12/29/2013,Amazon Order - Star Wars Figurine,-0.18,CA
6896,12/30/2013,Video Game - PlayStation,-25.67,CA
6896,12/32/2013,Science Museum,-1.72,CA
6896,1/2/2014,DVD - Star Trek,-10.93,CA
6896,1/3/2014,Restaurant - Burgers,-31.36,CA
6896,1/3/2014,Amazon Order - Mathematics Book,-101,CA
6896,1/3/2014,Lyft,-16.9,CA
6896,1/3/2014,Art Museum,-70.25,CA
6896,1/3/2014,Public Transportation - Bus Pass,-25.95,CA
6896,1/3/2014,Art Museum,-35.6,CA
6896,1/4/2014,Online Education Courses,-31.15,CA
6896,1/4/2014,Art Museum,-27.14,CA
6896,1/4/2014,San Diego Museum,-6.61,CA
6896,1/5/2014,Amazon Order - Mathematics Book,-24.78,CA
6896,1/5/2014,Amazon Order - Science Book,-28.14,CA
6896,1/6/2014,Mary's Book Store,-55.56,CA
6896,1/7/2014,Taxi,-19.39,CA
6896,1/7/2014,San Diego Museum,-7.77,CA
6896,1/7/2014,Amazon Order - Star Wars Figurine,-114.56,CA
6896,1/7/2014,Amazon Order - Science Book,-12.49,CA
6896,1/7/2014,Amazon Order - Mathematics Book,-33.54,CA
6896,1/7/2014,San Diego Museum,-29.08,CA
6896,1/7/2014,Von's Groceries,-28.94,CA
6896,1/8/2014,DVD - Star Trek,-2.12,CA
6896,1/8/2014,Public Transportation - Bus Pass,-76.32,CA
6896,1/8/2014,Library Membership,-54.31,CA
6896,1/9/2014,Restaurant - Pizza,-16.64,CA
6896,1/9/2014,Public Transportation - Train Pass,-13.08,CA
6896,1/9/2014,Restaurant - Pizza,-24.15,CA
6896,1/9/2014,Goods2 - ThinkGeek,-19.36,CA
6896,1/9/2014,Coffee,-20.47,CA
6896,1/9/2014,Video Game - PlayStation,-33.54,CA
6896,1/9/2014,DVD - Star Trek,-13.81,CA
6896,1/9/2014,San Diego Museum,-112.31,CA
6896,1/9/2014,Coffee,-77.73,CA
6896,1/9/2014,Amazon Order - Science Book,-15.03,CA
6896,1/9/2014,Food Delivery - GrubHub,-3.79,CA
6896,1/9/2014,Amazon Order - Star Wars Figurine,-19.7,CA
6896,1/9/2014,Restaurant - Burgers,-29.65,CA
6896,1/9/2014,DVD - Star Trek,-111.71,CA
6896,1/10/2014,Amazon Order - Biology Book,-20.24,CA
6896,1/10/2014,Uber,-15.01,CA
6896,1/11/2014,Restaurant - Steakhouse,-35.15,CA
6896,1/11/2014,Library Membership,-17.1,CA
6896,1/11/2014,Science Museum,-36.18,CA
6896,1/12/2014,Video Game - PlayStation,-9.14,CA
6896,1/12/2014,Von's Groceries,-10.36,CA
6896,1/12/2014,Library Membership,-33.79,CA
6896,1/12/2014,Amazon Order - Mathematics Book,-29.92,CA
6896,1/12/2014,Art Museum,-13.67,CA
6896,1/12/2014,Coffee,-5.17,CA
6896,1/12/2014,Library Membership,-74.64,CA
6896,1/12/2014,Science Museum,-24.41,CA
6896,1/12/2014,Public Transportation - Bus Pass,-3.34,CA
6896,1/13/2014,Coffee,-18.39,CA
6896,1/13/2014,Public Transportation - Train Pass,-57.69,CA
6896,1/13/2014,Amazon Order - Mathematics Book,-27.75,CA
6896,1/13/2014,Von's Groceries,-2.37,CA
6896,1/13/2014,DVD - Star Trek,-0.91,CA
6896,1/13/2014,Restaurant - Burgers,-59.52,CA
6896,1/13/2014,DVD - Star Trek,-7.75,CA
6896,1/14/2014,Restaurant - Chinese,-14.64,CA
6896,1/14/2014,Von's Groceries,-12.69,CA
6896,1/14/2014,Coffee,-28.04,CA
6896,1/14/2014,Sprouts Market,-28.09,CA
6896,1/15/2014,Amazon Order - Mathematics Book,-13.57,CA
6896,1/15/2014,Restaurant - Pizza,-13.75,CA
6896,1/16/2014,Amazon Order - Mathematics Book,-5.87,CA
6896,1/17/2014,Uber,-79.2,CA
6896,1/18/2014,Amazon Order - Biology Book,-62.35,CA
6896,1/18/2014,Amazon Order - Biology Book,-26.21,CA
6896,1/18/2014,Public Transportation - Bus Pass,-4.88,CA
6896,1/18/2014,Amazon Order - Biology Book,-18.91,CA
6896,1/18/2014,Amazon Order - Biology Book,-24.88,CA
6896,1/19/2014,Lyft,-96.78,CA
6896,1/20/2014,Goods2 - ThinkGeek,-8.57,CA
6896,1/21/2014,San Diego Museum,-30.33,CA
6896,1/21/2014,Goods2 - ThinkGeek,-21.5,CA
6896,1/21/2014,Von's Groceries,-24.93,CA
6896,1/21/2014,Restaurant - Pizza,-52.08,CA
6896,1/21/2014,Amazon Order - Science Book,-31.73,CA
6896,1/21/2014,Science Museum,-24.83,CA
6896,1/21/2014,Coffee,-81.63,CA
6896,1/22/2014,Restaurant - Chinese,-26.67,CA
6896,1/22/2014,Starbucks Coffee,-24.04,CA
6896,1/22/2014,San Diego Museum,-8.19,CA
6896,1/23/2014,Video Game - PlayStation,-29.11,CA
6896,1/23/2014,Amazon Order - Mathematics Book,-17.19,CA
6896,1/23/2014,Amazon Order - Mathematics Book,-12.84,CA
6896,1/23/2014,Coffee,-12.84,CA
6896,1/23/2014,Ralph's Grocery Store,-17.95,CA
6896,1/23/2014,Amazon Order - Star Wars Figurine,-7.06,CA
6896,1/23/2014,Art Museum,-92.47,CA
6896,1/23/2014,Public Transportation - Train Pass,-25.81,CA
6896,1/24/2014,Amazon Order - Biology Book,-20.21,CA
6896,1/25/2014,San Diego Museum,-20.38,CA
6896,1/26/2014,Restaurant - Pizza,-68.26,CA
6896,1/26/2014,DVD - Star Trek,-0.61,CA
6896,1/26/2014,Amazon Order - Science Book,-37.7,CA
6896,1/27/2014,Amazon Order - Mathematics Book,-46.28,CA
6896,1/27/2014,Amazon Order - Biology Book,-36.07,CA
6896,1/27/2014,Public Transportation - Train Pass,-24.75,CA
6896,1/27/2014,Public Transportation - Train Pass,-7.69,CA
6896,1/28/2014,Mary's Book Store,-22.44,CA
6896,1/28/2014,Public Transportation - Train Pass,-8.57,CA
6896,1/28/2014,Starbucks Coffee,-25.37,CA
6896,1/28/2014,Restaurant - Pizza,-37.6,CA
6896,1/28/2014,DVD - Star Trek,-47.01,CA
6896,1/29/2014,Library Membership,-2.92,CA
6896,1/29/2014,Amazon Order - Science Book,-17.65,CA
6896,1/29/2014,Amazon Order - Biology Book,-83.89,CA
6896,1/29/2014,Lyft,-27.17,CA
6896,1/29/2014,DVD - Star Trek,-34.25,CA
6896,1/29/2014,Restaurant - Steakhouse,-37.18,CA
6896,1/30/2014,Amazon Order - Star Wars Figurine,-19.52,CA
6896,3/2/2014,Housing Rent,-1307,CA
6896,3/2/2014,Credit Card Payment,-154,CA
6896,3/2/2014,Gas & Electric,-32,CA
6896,3/2/2014,San Diego Museum,-34.28,CA
6896,3/2/2014,Food Delivery - GrubHub,-35.57,CA
6896,3/2/2014,Uber,-5.74,CA
6896,3/2/2014,Amazon Order - Star Wars Figurine,-11.91,CA
6896,3/2/2014,Lyft,-22.13,CA
6896,3/3/2014,Public Transportation - Train Pass,-7.36,CA
6896,3/3/2014,Library Membership,-23.3,CA
6896,3/4/2014,Restaurant - Pizza,-79.01,CA
6896,3/4/2014,Amazon Order - Star Wars Figurine,-31.72,CA
6896,3/4/2014,Science Museum,-19.28,CA
6896,3/4/2014,Science Museum,-117.01,CA
6896,3/4/2014,Amazon Order - Biology Book,-9.17,CA
6896,3/4/2014,Video Game - PlayStation,-17.73,CA
6896,3/5/2014,Taxi,-87.04,CA
6896,3/5/2014,Restaurant - Pizza,-7.64,CA
6896,3/5/2014,San Diego Museum,-11.19,CA
6896,3/5/2014,Public Transportation - Train Pass,-22.18,CA
6896,3/6/2014,Amazon Order - Science Book,-7.12,CA
6896,3/6/2014,Library Membership,-8.25,CA
6896,3/6/2014,Science Museum,-15.35,CA
6896,3/6/2014,Lyft,-0.49,CA
6896,3/7/2014,Public Transportation - Bus Pass,-1.88,CA
6896,3/8/2014,Public Transportation - Bus Pass,-9.77,CA
6896,3/9/2014,Art Museum,-6.01,CA
6896,3/10/2014,Amazon Order - Science Book,-87.48,CA
6896,3/10/2014,Video Game - PlayStation,-36.64,CA
6896,3/10/2014,Video Game - PlayStation,-12.18,CA
6896,3/10/2014,Lyft,-24.09,CA
6896,3/10/2014,San Diego Museum,-30.96,CA
6896,3/11/2014,Library Membership,-23.99,CA
6896,3/11/2014,Goods2 - ThinkGeek,-10.02,CA
6896,3/11/2014,Starbucks Coffee,-39.41,CA
6896,3/11/2014,Science Museum,-79.6,CA
6896,3/12/2014,Mary's Book Store,-52.07,CA
6896,3/13/2014,DVD - Star Trek,-21.33,CA
6896,3/13/2014,Starbucks Coffee,-98.43,CA
6896,3/13/2014,Goods2 - ThinkGeek,-11.71,CA
6896,3/13/2014,Goods2 - ThinkGeek,-3.52,CA
6896,3/14/2014,Art Museum,-27.57,CA
6896,3/14/2014,DVD - Star Trek,-24.75,CA
6896,3/15/2014,Amazon Order - Biology Book,-20.85,CA
6896,3/16/2014,Lyft,-109.15,CA
6896,3/16/2014,Uber,-23.77,CA
6896,3/17/2014,Public Transportation - Bus Pass,-33.74,CA
6896,3/17/2014,Ralph's Grocery Store,-26.18,CA
6896,3/17/2014,Amazon Order - Biology Book,-104.17,CA
6896,3/18/2014,Amazon Order - Biology Book,-29.16,CA
6896,3/18/2014,Science Museum,-17.15,CA
6896,3/18/2014,Amazon Order - Science Book,-24.48,CA
6896,3/18/2014,Von's Groceries,-18.98,CA
6896,3/18/2014,San Diego Museum,-28.67,CA
6896,3/18/2014,Video Game - PlayStation,-24.58,CA
6896,3/19/2014,Goods2 - ThinkGeek,-2.46,CA
6896,3/20/2014,Restaurant - Chinese,-25.37,CA
6896,3/20/2014,Art Museum,-18.69,CA
6896,3/21/2014,Amazon Order - Biology Book,-24.19,CA
6896,3/21/2014,Lyft,-109.19,CA
6896,3/21/2014,Amazon Order - Star Wars Figurine,-17.69,CA
6896,3/21/2014,San Diego Museum,-7.74,CA
6896,3/22/2014,Lyft,-37.81,CA
6896,3/22/2014,San Diego Museum,-38.69,CA
6896,3/23/2014,Mary's Book Store,-23.1,CA
6896,3/24/2014,Amazon Order - Star Wars Figurine,-11.86,CA
6896,3/25/2014,Goods2 - ThinkGeek,-29.19,CA
6896,3/25/2014,Amazon Order - Mathematics Book,-16.13,CA
6896,3/25/2014,Public Transportation - Train Pass,-32.86,CA
6896,3/25/2014,Food Delivery - GrubHub,-0.11,CA
6896,3/25/2014,Library Membership,-118.03,CA
6896,3/25/2014,Amazon Order - Mathematics Book,-17.03,CA
6896,3/26/2014,Library Membership,-23.53,CA
6896,3/26/2014,Science Museum,-32.1,CA
6896,3/26/2014,Library Membership,-6.84,CA
6896,3/26/2014,Restaurant - Steakhouse,-31.71,CA
6896,3/26/2014,Taxi,-1.16,CA
6896,3/26/2014,San Diego Museum,-38.42,CA
6896,3/27/2014,DVD - Star Trek,-33.41,CA
6896,3/27/2014,Coffee,-82.39,CA
6896,3/27/2014,Science Museum,-16.21,CA
6896,3/28/2014,Taxi,-36.04,CA
6896,3/28/2014,Whole Foods,-110.27,CA
6896,3/29/2014,Library Membership,-19.22,CA
6896,3/29/2014,Amazon Order - Mathematics Book,-8.6,CA
6896,3/29/2014,Restaurant - Chinese,-8.98,CA
6896,3/30/2014,Amazon Order - Mathematics Book,-26.91,CA
6896,4/2/2014,Housing Rent,-728,CA
6896,4/2/2014,Credit Card Payment,-154,CA
6896,4/2/2014,Gas & Electric,-32,CA
6896,4/2/2014,San Diego Museum,-20.11,CA
6896,4/2/2014,Whole Foods,-13.81,CA
6896,4/2/2014,Public Transportation - Bus Pass,-11.01,CA
6896,4/2/2014,Coffee,-10.35,CA
6896,4/2/2014,Starbucks Coffee,-30.34,CA
6896,4/2/2014,Public Transportation - Bus Pass,-19.56,CA
6896,4/2/2014,Amazon Order - Biology Book,-109.63,CA
6896,4/2/2014,Amazon Order - Mathematics Book,-4.34,CA
6896,4/2/2014,DVD - Star Trek,-11.7,CA
6896,4/3/2014,Public Transportation - Bus Pass,-19.13,CA
6896,4/3/2014,Goods2 - ThinkGeek,-9.96,CA
6896,4/3/2014,Taxi,-4.49,CA
6896,4/3/2014,Goods2 - ThinkGeek,-11.16,CA
6896,4/3/2014,Science Museum,-14.8,CA
6896,4/4/2014,Sprouts Market,-18.8,CA
6896,4/4/2014,Amazon Order - Biology Book,-5.53,CA
6896,4/5/2014,Online Education Courses,-10.95,CA
6896,4/5/2014,Video Game - PlayStation,-38.6,CA
6896,4/5/2014,Amazon Order - Science Book,-29.33,CA
6896,4/5/2014,Lyft,-3.35,CA
6896,4/5/2014,Science Museum,-13.93,CA
6896,4/5/2014,Public Transportation - Bus Pass,-1.88,CA
6896,4/5/2014,DVD - Star Trek,-35.33,CA
6896,4/5/2014,Public Transportation - Train Pass,-24.66,CA
6896,4/5/2014,Ralph's Grocery Store,-3.06,CA
6896,4/6/2014,DVD - Star Trek,-7.24,CA
6896,4/7/2014,Amazon Order - Biology Book,-69.64,CA
6896,4/8/2014,DVD - Star Trek,-20.53,CA
6896,4/8/2014,Whole Foods,-81.15,CA
6896,4/8/2014,DVD - Star Trek,-8.88,CA
6896,4/9/2014,Uber,-37.31,CA
6896,4/9/2014,Lyft,-35.63,CA
6896,4/9/2014,Video Game - PlayStation,-105.5,CA
6896,4/10/2014,Restaurant - Steakhouse,-12.24,CA
6896,4/10/2014,Mary's Book Store,-5.59,CA
6896,4/10/2014,Lyft,-15.75,CA
6896,4/10/2014,Food Delivery - GrubHub,-16.27,CA
6896,4/11/2014,Public Transportation - Bus Pass,-87.33,CA
6896,4/12/2014,Science Museum,-30.39,CA
6896,4/12/2014,Online Education Courses,-2.4,CA
6896,4/13/2014,Public Transportation - Train Pass,-23.05,CA
6896,4/14/2014,Public Transportation - Train Pass,-9.54,CA
6896,4/14/2014,San Diego Museum,-11.66,CA
6896,4/15/2014,Restaurant - Chinese,-1.34,CA
6896,4/15/2014,Art Museum,-38.68,CA
6896,4/16/2014,Public Transportation - Train Pass,-24.74,CA
6896,4/16/2014,Online Education Courses,-22.67,CA
6896,4/17/2014,Coffee,-6.73,CA
6896,4/17/2014,Lyft,-22.71,CA
6896,4/18/2014,Public Transportation - Bus Pass,-8.43,CA
6896,4/18/2014,Public Transportation - Train Pass,-36.93,CA
6896,4/18/2014,Public Transportation - Bus Pass,-28.23,CA
6896,4/18/2014,Science Museum,-1.36,CA
6896,4/19/2014,Food Delivery - GrubHub,-80.75,CA
6896,4/19/2014,Restaurant - Steakhouse,-24.64,CA
6896,4/20/2014,Starbucks Coffee,-18.36,CA
6896,4/20/2014,DVD - Star Trek,-2.08,CA
6896,4/20/2014,Science Museum,-43.61,CA
6896,4/21/2014,Amazon Order - Star Wars Figurine,-17.51,CA
6896,4/22/2014,Whole Foods,-2.47,CA
6896,4/22/2014,Restaurant - Chinese,-34.99,CA
6896,4/22/2014,Video Game - PlayStation,-4.3,CA
6896,4/22/2014,Public Transportation - Train Pass,-20.19,CA
6896,4/23/2014,Mary's Book Store,-13.67,CA
6896,4/23/2014,Taxi,-5.15,CA
6896,4/23/2014,Uber,-113.27,CA
6896,4/24/2014,Goods2 - ThinkGeek,-28.73,CA
6896,4/24/2014,Art Museum,-8.51,CA
6896,4/24/2014,Sprouts Market,-115.31,CA
6896,4/24/2014,Amazon Order - Science Book,-34.56,CA
6896,4/24/2014,Library Membership,-100.85,CA
6896,4/24/2014,Science Museum,-78.86,CA
6896,4/24/2014,Science Museum,-10.1,CA
6896,4/24/2014,Online Education Courses,-1.15,CA
6896,4/25/2014,Art Museum,-2.22,CA
6896,4/25/2014,Art Museum,-7.68,CA
6896,4/26/2014,Amazon Order - Star Wars Figurine,-12.57,CA
6896,4/26/2014,Amazon Order - Science Book,-33.4,CA
6896,4/27/2014,Online Education Courses,-11.18,CA
6896,4/27/2014,Uber,-69.91,CA
6896,4/28/2014,Amazon Order - Biology Book,-24.26,CA
6896,4/28/2014,Science Museum,-106.43,CA
6896,4/28/2014,Uber,-20.05,CA
6896,4/28/2014,Video Game - PlayStation,-110.95,CA
6896,4/28/2014,Coffee,-6.16,CA
6896,4/28/2014,Restaurant - Pizza,-3.55,CA
6896,4/29/2014,DVD - Star Trek,-26.33,CA
6896,4/29/2014,Taxi,-3.81,CA
6896,4/29/2014,Amazon Order - Biology Book,-19.85,CA
6896,4/29/2014,Science Museum,-8.13,CA
6896,4/29/2014,Amazon Order - Star Wars Figurine,-47.77,CA
6896,4/29/2014,Food Delivery - GrubHub,-17.34,CA
6896,4/29/2014,San Diego Museum,-11.46,CA
6896,4/29/2014,Art Museum,-29.75,CA
6896,4/29/2014,Uber,-10.54,CA
6896,4/29/2014,Sprouts Market,-12.86,CA
6896,4/30/2014,Public Transportation - Train Pass,-64.43,CA
6896,4/30/2014,Restaurant - Steakhouse,-36.66,CA
6896,4/30/2014,Taxi,-6.46,CA
6896,5/2/2014,Housing Rent,-968,CA
6896,5/2/2014,Credit Card Payment,-154,CA
6896,5/2/2014,Gas & Electric,-32,CA
6896,5/2/2014,Food Delivery - GrubHub,-34.93,CA
6896,5/2/2014,Mary's Book Store,-11.47,CA
6896,5/2/2014,Taxi,-7.45,CA
6896,5/2/2014,Ralph's Grocery Store,-78.44,CA
6896,5/2/2014,Online Education Courses,-49.34,CA
6896,5/2/2014,Coffee,-0.19,CA
6896,5/3/2014,Starbucks Coffee,-25.87,CA
6896,5/3/2014,Uber,-36.25,CA
6896,5/3/2014,Video Game - PlayStation,-10.19,CA
6896,5/4/2014,Goods2 - ThinkGeek,-20.77,CA
6896,5/4/2014,Food Delivery - GrubHub,-14.71,CA
6896,5/4/2014,Amazon Order - Science Book,-32.74,CA
6896,5/4/2014,Public Transportation - Bus Pass,-117.48,CA
6896,5/5/2014,DVD - Star Trek,-11.47,CA
6896,5/6/2014,Food Delivery - GrubHub,-13.7,CA
6896,5/6/2014,San Diego Museum,-8.72,CA
6896,5/6/2014,Library Membership,-25.96,CA
6896,5/6/2014,Ralph's Grocery Store,-106.88,CA
6896,5/6/2014,Amazon Order - Star Wars Figurine,-63.91,CA
6896,5/6/2014,Online Education Courses,-5.06,CA
6896,5/6/2014,Science Museum,-20.31,CA
6896,5/6/2014,San Diego Museum,-24.01,CA
6896,5/6/2014,Von's Groceries,-34.45,CA
6896,5/6/2014,Sprouts Market,-54.01,CA
6896,5/6/2014,Amazon Order - Mathematics Book,-8.33,CA
6896,5/6/2014,Online Education Courses,-70.28,CA
6896,5/6/2014,Starbucks Coffee,-7.29,CA
6896,5/7/2014,Restaurant - Pizza,-3.78,CA
6896,5/8/2014,Online Education Courses,-97.32,CA
6896,5/8/2014,Public Transportation - Train Pass,-7.76,CA
6896,5/8/2014,Lyft,-22.79,CA
6896,5/8/2014,Taxi,-4.18,CA
6896,5/8/2014,Amazon Order - Biology Book,-14.76,CA
6896,5/8/2014,Amazon Order - Star Wars Figurine,-3.48,CA
6896,5/8/2014,Goods2 - ThinkGeek,-37.62,CA
6896,5/8/2014,Lyft,-26.6,CA
6896,5/9/2014,Amazon Order - Science Book,-1.39,CA
6896,5/9/2014,Amazon Order - Mathematics Book,-4.33,CA
6896,5/9/2014,Public Transportation - Train Pass,-22.85,CA
6896,5/9/2014,Uber,-33.07,CA
6896,5/9/2014,Food Delivery - GrubHub,-18.96,CA
6896,5/10/2014,Lyft,-11.37,CA
6896,5/10/2014,Amazon Order - Biology Book,-6.51,CA
6896,5/11/2014,Public Transportation - Bus Pass,-2.97,CA
6896,5/11/2014,Art Museum,-22.86,CA
6896,5/11/2014,Amazon Order - Biology Book,-12.44,CA
6896,5/11/2014,Coffee,-4.34,CA
6896,5/11/2014,Art Museum,-21.26,CA
6896,5/12/2014,Starbucks Coffee,-46.74,CA
6896,5/13/2014,Restaurant - Pizza,-5.42,CA
6896,5/14/2014,Goods2 - ThinkGeek,-117.98,CA
6896,5/14/2014,DVD - Star Trek,-28.61,CA
6896,5/14/2014,Public Transportation - Train Pass,-84.56,CA
6896,5/14/2014,Food Delivery - GrubHub,-78.77,CA
6896,5/15/2014,Amazon Order - Science Book,-32.68,CA
6896,5/15/2014,Amazon Order - Mathematics Book,-33.85,CA
6896,5/15/2014,Amazon Order - Mathematics Book,-37.05,CA
6896,5/16/2014,Art Museum,-75.41,CA
6896,5/16/2014,Science Museum,-5.46,CA
6896,5/16/2014,Ralph's Grocery Store,-20.39,CA
6896,5/16/2014,Restaurant - Pizza,-12.04,CA
6896,5/16/2014,San Diego Museum,-10.12,CA
6896,5/16/2014,Whole Foods,-36.23,CA
6896,5/17/2014,Sprouts Market,-16.66,CA
6896,5/17/2014,Coffee,-9.49,CA
6896,5/17/2014,DVD - Star Trek,-35.8,CA
6896,5/18/2014,Amazon Order - Science Book,-31.35,CA
6896,5/19/2014,San Diego Museum,-13.22,CA
6896,5/20/2014,Coffee,-36.35,CA
6896,5/20/2014,Public Transportation - Train Pass,-29.72,CA
6896,5/20/2014,Goods2 - ThinkGeek,-6.62,CA
6896,5/20/2014,Amazon Order - Science Book,-32.73,CA
6896,5/20/2014,Taxi,-29.37,CA
6896,5/20/2014,Amazon Order - Science Book,-15.32,CA
6896,5/20/2014,Science Museum,-10.5,CA
6896,5/20/2014,Uber,-60.87,CA
6896,5/20/2014,Art Museum,-24.23,CA
6896,5/20/2014,Ralph's Grocery Store,-2.63,CA
6896,5/20/2014,Amazon Order - Mathematics Book,-6.57,CA
6896,5/21/2014,Restaurant - Burgers,-27,CA
6896,5/21/2014,Lyft,-111.15,CA
6896,5/22/2014,Online Education Courses,-54.8,CA
6896,5/22/2014,Mary's Book Store,-22.05,CA
6896,5/22/2014,Amazon Order - Star Wars Figurine,-30.05,CA
6896,5/22/2014,Mary's Book Store,-25.2,CA
6896,5/22/2014,Amazon Order - Science Book,-37.24,CA
6896,5/23/2014,Lyft,-39.98,CA
6896,5/23/2014,Coffee,-5.59,CA
6896,5/23/2014,Coffee,-26.86,CA
6896,5/23/2014,Online Education Courses,-23.92,CA
6896,5/24/2014,Coffee,-8.52,CA
6896,5/24/2014,Online Education Courses,-24.34,CA
6896,5/24/2014,San Diego Museum,-5.96,CA
6896,5/24/2014,Online Education Courses,-39.78,CA
6896,5/24/2014,Public Transportation - Train Pass,-101.52,CA
6896,5/25/2014,Goods2 - ThinkGeek,-9.38,CA
6896,5/26/2014,Public Transportation - Bus Pass,-39.71,CA
6896,5/27/2014,Sprouts Market,-25.62,CA
6896,5/27/2014,Public Transportation - Train Pass,-2.14,CA
6896,5/27/2014,Video Game - PlayStation,-30.35,CA
6896,5/27/2014,Uber,-54.98,CA
6896,5/27/2014,Video Game - PlayStation,-26.13,CA
6896,5/27/2014,DVD - Star Trek,-19.23,CA
6896,5/27/2014,Coffee,-103.53,CA
6896,5/27/2014,Lyft,-33.41,CA
6896,5/27/2014,DVD - Star Trek,-14.27,CA
6896,5/28/2014,Art Museum,-9.85,CA
6896,5/28/2014,Food Delivery - GrubHub,-18.71,CA
6896,5/29/2014,Public Transportation - Train Pass,-17.19,CA
6896,5/30/2014,San Diego Museum,-15.88,CA
6896,5/30/2014,San Diego Museum,-51.25,CA
6896,5/30/2014,DVD - Star Trek,-26.18,CA
6896,5/30/2014,Online Education Courses,-35.05,CA
6896,5/30/2014,Restaurant - Chinese,-35.54,CA
6896,5/30/2014,Goods2 - ThinkGeek,-29.04,CA
6896,5/30/2014,Amazon Order - Science Book,-102.74,CA
6896,5/30/2014,Restaurant - Steakhouse,-77.85,CA
6896,5/30/2014,Amazon Order - Mathematics Book,-5.86,CA
6896,6/2/2014,Paycheck,4781,CA
6896,6/2/2014,Housing Rent,-931,CA
6896,6/2/2014,Credit Card Payment,-154,CA
6896,6/2/2014,Gas & Electric,-32,CA
6896,6/2/2014,Art Museum,-27.88,CA
6896,6/2/2014,Coffee,-14.45,CA
6896,6/3/2014,Restaurant - Pizza,-6.32,CA
6896,6/3/2014,Public Transportation - Train Pass,-35.48,CA
6896,6/4/2014,Video Game - PlayStation,-0.51,CA
6896,6/4/2014,Art Museum,-31.37,CA
6896,6/4/2014,Public Transportation - Train Pass,-19.68,CA
6896,6/5/2014,Public Transportation - Bus Pass,-13.24,CA
6896,6/6/2014,Public Transportation - Bus Pass,-33.28,CA
6896,6/6/2014,Von's Groceries,-38.4,CA
6896,6/6/2014,Amazon Order - Star Wars Figurine,-30.69,CA
6896,6/7/2014,Video Game - PlayStation,-9.57,CA
6896,6/7/2014,Mary's Book Store,-0.74,CA
6896,6/7/2014,Video Game - PlayStation,-24.37,CA
6896,6/7/2014,Starbucks Coffee,-26.73,CA
6896,6/7/2014,Coffee,-33.31,CA
6896,6/7/2014,Online Education Courses,-22.79,CA
6896,6/7/2014,Coffee,-35.8,CA
6896,6/7/2014,Art Museum,-16.8,CA
6896,6/8/2014,Library Membership,-30.06,CA
6896,6/9/2014,Taxi,-26.72,CA
6896,6/9/2014,Amazon Order - Biology Book,-13.62,CA
6896,6/9/2014,Restaurant - Steakhouse,-12.33,CA
6896,6/9/2014,Science Museum,-34.26,CA
6896,6/9/2014,DVD - Star Trek,-22.8,CA
6896,6/10/2014,Von's Groceries,-30.58,CA
6896,6/10/2014,Public Transportation - Bus Pass,-8.76,CA
6896,6/10/2014,Uber,-4.03,CA
6896,6/10/2014,Science Museum,-47.91,CA
6896,6/10/2014,Public Transportation - Bus Pass,-16.75,CA
6896,6/10/2014,Von's Groceries,-6.21,CA
6896,6/10/2014,Taxi,-21.98,CA
6896,6/11/2014,Von's Groceries,-88.38,CA
6896,6/11/2014,Art Museum,-33.64,CA
6896,6/12/2014,Public Transportation - Bus Pass,-10.75,CA
6896,6/13/2014,Public Transportation - Bus Pass,-24.72,CA
6896,6/14/2014,Online Education Courses,-13.95,CA
6896,6/14/2014,Uber,-75.63,CA
6896,6/15/2014,Amazon Order - Mathematics Book,-18.96,CA
6896,6/15/2014,Library Membership,-3.04,CA
6896,6/15/2014,Public Transportation - Train Pass,-25,CA
6896,6/15/2014,Public Transportation - Bus Pass,-67.73,CA
6896,6/15/2014,Ralph's Grocery Store,-34.26,CA
6896,6/16/2014,Coffee,-105.3,CA
6896,6/16/2014,San Diego Museum,-38.5,CA
6896,6/16/2014,DVD - Star Trek,-12.55,CA
6896,6/16/2014,Restaurant - Chinese,-12.08,CA
6896,6/16/2014,Mary's Book Store,-4.19,CA
6896,6/16/2014,Amazon Order - Biology Book,-5.09,CA
6896,6/16/2014,San Diego Museum,-82.68,CA
6896,6/17/2014,Restaurant - Chinese,-5.87,CA
6896,6/17/2014,Coffee,-34.74,CA
6896,6/17/2014,San Diego Museum,-30.37,CA
6896,6/18/2014,Restaurant - Burgers,-8.76,CA
6896,6/19/2014,Ralph's Grocery Store,-13.6,CA
6896,6/19/2014,Art Museum,-62.8,CA
6896,6/19/2014,San Diego Museum,-39.66,CA
6896,6/19/2014,Amazon Order - Biology Book,-19.55,CA
6896,6/19/2014,Uber,-16.4,CA
6896,6/19/2014,Coffee,-117.37,CA
6896,6/19/2014,Restaurant - Chinese,-107.21,CA
6896,6/19/2014,Video Game - PlayStation,-28.73,CA
6896,6/19/2014,Restaurant - Burgers,-96.28,CA
6896,6/20/2014,Whole Foods,-12.05,CA
6896,6/21/2014,Restaurant - Steakhouse,-25.66,CA
6896,6/22/2014,Goods2 - ThinkGeek,-17.68,CA
6896,6/23/2014,San Diego Museum,-68.47,CA
6896,6/23/2014,Goods2 - ThinkGeek,-37.87,CA
6896,6/23/2014,Starbucks Coffee,-26.76,CA
6896,6/23/2014,Video Game - PlayStation,-10.39,CA
6896,6/23/2014,Goods2 - ThinkGeek,-3.03,CA
6896,6/23/2014,Goods2 - ThinkGeek,-8.29,CA
6896,6/23/2014,DVD - Star Trek,-33.83,CA
6896,6/23/2014,Science Museum,-13.27,CA
6896,6/23/2014,Coffee,-97.66,CA
6896,6/24/2014,Public Transportation - Bus Pass,-25.9,CA
6896,6/25/2014,Amazon Order - Star Wars Figurine,-7.76,CA
6896,6/25/2014,Sprouts Market,-31.57,CA
6896,6/25/2014,Coffee,-24.8,CA
6896,6/25/2014,DVD - Star Trek,-9.64,CA
6896,6/25/2014,Ralph's Grocery Store,-6.5,CA
6896,6/25/2014,Amazon Order - Biology Book,-30.36,CA
6896,6/25/2014,Amazon Order - Star Wars Figurine,-10.96,CA
6896,6/26/2014,Taxi,-41.33,CA
6896,6/26/2014,Online Education Courses,-34.56,CA
6896,6/26/2014,Amazon Order - Star Wars Figurine,-15.9,CA
6896,6/26/2014,Restaurant - Steakhouse,-68.1,CA
6896,6/27/2014,Restaurant - Steakhouse,-20.59,CA
6896,6/27/2014,Goods2 - ThinkGeek,-2.22,CA
6896,6/27/2014,Amazon Order - Star Wars Figurine,-13.98,CA
6896,6/27/2014,Amazon Order - Mathematics Book,-34.18,CA
6896,6/27/2014,Taxi,-117.51,CA
6896,6/27/2014,Library Membership,-29.87,CA
6896,6/27/2014,Ralph's Grocery Store,-33.32,CA
6896,6/27/2014,Restaurant - Chinese,-26.42,CA
6896,6/27/2014,Amazon Order - Biology Book,-2.35,CA
6896,6/27/2014,Art Museum,-86,CA
6896,6/27/2014,Coffee,-14.03,CA
6896,6/27/2014,Public Transportation - Bus Pass,-22,CA
6896,6/28/2014,Ralph's Grocery Store,-25.66,CA
6896,6/28/2014,Art Museum,-33.54,CA
6896,6/28/2014,Amazon Order - Biology Book,-37.88,CA
6896,6/29/2014,San Diego Museum,-14.82,CA
6896,6/29/2014,Uber,-1.52,CA
6896,6/29/2014,Public Transportation - Train Pass,-113.62,CA
6896,6/30/2014,Amazon Order - Star Wars Figurine,-24.94,CA
6896,6/30/2014,Science Museum,-22.43,CA
6896,6/30/2014,Amazon Order - Mathematics Book,-12.15,CA
6896,6/30/2014,San Diego Museum,-21.48,CA
6896,6/30/2014,Amazon Order - Mathematics Book,-34.82,CA
6896,7/2/2014,Paycheck,4781,CA
6896,7/2/2014,Housing Rent,-1043,CA
6896,7/2/2014,Credit Card Payment,-154,CA
6896,7/2/2014,Gas & Electric,-32,CA
6896,7/2/2014,DVD - Star Trek,-23.89,CA
6896,7/2/2014,Online Education Courses,-39.81,CA
6896,7/3/2014,Public Transportation - Train Pass,-35.54,CA
6896,7/3/2014,Public Transportation - Bus Pass,-1.69,CA
6896,7/3/2014,Food Delivery - GrubHub,-7.58,CA
6896,7/3/2014,San Diego Museum,-68.81,CA
6896,7/4/2014,Coffee,-33.69,CA
6896,7/5/2014,Science Museum,-29.06,CA
6896,7/5/2014,Amazon Order - Science Book,-77.38,CA
6896,7/5/2014,Taxi,-39.91,CA
6896,7/5/2014,Restaurant - Burgers,-56.83,CA
6896,7/5/2014,Uber,-19,CA
6896,7/6/2014,San Diego Museum,-30,CA
6896,7/6/2014,Amazon Order - Star Wars Figurine,-0.51,CA
6896,7/6/2014,Restaurant - Chinese,-62.18,CA
6896,7/6/2014,Public Transportation - Train Pass,-8.61,CA
6896,7/7/2014,Lyft,-8.52,CA
6896,7/7/2014,DVD - Star Trek,-70.36,CA
6896,7/7/2014,Uber,-11.1,CA
6896,7/7/2014,Taxi,-23.74,CA
6896,7/7/2014,Public Transportation - Bus Pass,-27.51,CA
6896,7/7/2014,Library Membership,-31.76,CA
6896,7/8/2014,Library Membership,-12.38,CA
6896,7/9/2014,Uber,-32.9,CA
6896,7/9/2014,Online Education Courses,-26.96,CA
6896,7/10/2014,San Diego Museum,-18.16,CA
6896,7/10/2014,Coffee,-27.74,CA
6896,7/10/2014,Public Transportation - Train Pass,-0.25,CA
6896,7/11/2014,Public Transportation - Bus Pass,-3.93,CA
6896,7/12/2014,Public Transportation - Bus Pass,-25.66,CA
6896,7/12/2014,Amazon Order - Mathematics Book,-77.82,CA
6896,7/12/2014,Starbucks Coffee,-10.28,CA
6896,7/12/2014,Amazon Order - Science Book,-3.96,CA
6896,7/12/2014,Library Membership,-10.22,CA
6896,7/12/2014,DVD - Star Trek,-9.38,CA
6896,7/12/2014,Restaurant - Chinese,-17.5,CA
6896,7/12/2014,Library Membership,-20.06,CA
6896,7/13/2014,Public Transportation - Bus Pass,-1.36,CA
6896,7/14/2014,Restaurant - Steakhouse,-11.2,CA
6896,7/15/2014,Mary's Book Store,-34.35,CA
6896,7/15/2014,Von's Groceries,-72.07,CA
6896,7/15/2014,Art Museum,-30.58,CA
6896,7/15/2014,Sprouts Market,-11.33,CA
6896,7/16/2014,Ralph's Grocery Store,-7.78,CA
6896,7/16/2014,Taxi,-6.37,CA
6896,7/17/2014,Library Membership,-2.65,CA
6896,7/17/2014,Art Museum,-31.87,CA
6896,7/17/2014,Amazon Order - Star Wars Figurine,-12.21,CA
6896,7/17/2014,Public Transportation - Bus Pass,-4.94,CA
6896,7/17/2014,Amazon Order - Biology Book,-24.1,CA
6896,7/18/2014,Von's Groceries,-2.22,CA
6896,7/19/2014,Uber,-25.3,CA
6896,7/19/2014,Amazon Order - Biology Book,-11.63,CA
6896,7/19/2014,Ralph's Grocery Store,-8.23,CA
6896,7/19/2014,Amazon Order - Mathematics Book,-31.32,CA
6896,7/20/2014,Science Museum,-29.07,CA
6896,7/20/2014,Goods2 - ThinkGeek,-27.49,CA
6896,7/20/2014,Public Transportation - Train Pass,-27.76,CA
6896,7/21/2014,Amazon Order - Star Wars Figurine,-10.68,CA
6896,7/21/2014,Whole Foods,-38.78,CA
6896,7/21/2014,Taxi,-5.18,CA
6896,7/21/2014,Video Game - PlayStation,-7.46,CA
6896,7/22/2014,Sprouts Market,-37.16,CA
6896,7/22/2014,Amazon Order - Biology Book,-16.26,CA
6896,7/23/2014,Taxi,-35.89,CA
6896,7/24/2014,Whole Foods,-71.22,CA
6896,7/24/2014,Goods2 - ThinkGeek,-30,CA
6896,7/24/2014,Online Education Courses,-16.36,CA
6896,7/24/2014,San Diego Museum,-8.71,CA
6896,7/24/2014,Ralph's Grocery Store,-10.63,CA
6896,7/25/2014,Lyft,-36.21,CA
6896,7/25/2014,Ralph's Grocery Store,-116.5,CA
6896,7/26/2014,Goods2 - ThinkGeek,-37.22,CA
6896,7/26/2014,Restaurant - Burgers,-34.17,CA
6896,7/26/2014,Amazon Order - Mathematics Book,-114,CA
6896,7/26/2014,Uber,-66.34,CA
6896,7/27/2014,Amazon Order - Star Wars Figurine,-0.02,CA
6896,7/27/2014,Goods2 - ThinkGeek,-27.29,CA
6896,7/27/2014,DVD - Star Trek,-26.38,CA
6896,7/27/2014,Public Transportation - Bus Pass,-14.3,CA
6896,7/27/2014,Ralph's Grocery Store,-20.02,CA
6896,7/27/2014,Online Education Courses,-34.93,CA
6896,7/27/2014,Starbucks Coffee,-53.75,CA
6896,7/27/2014,Amazon Order - Star Wars Figurine,-29.37,CA
6896,7/27/2014,Library Membership,-1.89,CA
6896,7/27/2014,Art Museum,-9.86,CA
6896,7/27/2014,Amazon Order - Baby Crib,-24.11,CA
6896,7/27/2014,Hospital - Prenatal Care,-32.63,CA
6896,7/27/2014,Babies "R" Us,-108.71,CA
6896,7/27/2014,BuyBuyBaby.com,-0.55,CA
6896,7/28/2014,Uber,-14.39,CA
6896,7/28/2014,Uber,-16.02,CA
6896,7/28/2014,Public Transportation - Bus Pass,-47.4,CA
6896,7/28/2014,Amazon Order - Science Book,-0.56,CA
6896,7/28/2014,Restaurant - Chinese,-22.75,CA
6896,7/28/2014,Lyft,-42.44,CA
6896,7/29/2014,Restaurant - Burgers,-20.85,CA
6896,7/30/2014,Lyft,-112.73,CA
6896,7/30/2014,Science Museum,-25.79,CA
6896,7/30/2014,Video Game - PlayStation,-92.68,CA
6896,7/30/2014,Sprouts Market,-37.37,CA
6896,7/30/2014,Public Transportation - Train Pass,-14.92,CA
6896,8/2/2014,Paycheck,4781,CA
6896,8/2/2014,Housing Rent,-801,CA
6896,8/2/2014,Credit Card Payment,-154,CA
6896,8/2/2014,Gas & Electric,-32,CA
6896,8/2/2014,Online Education Courses,-23.85,CA
6896,8/2/2014,Restaurant - Chinese,-27.69,CA
6896,8/2/2014,DVD - Star Trek,-4.41,CA
6896,8/3/2014,Taxi,-34.75,CA
6896,8/4/2014,Amazon Order - Biology Book,-46.73,CA
6896,8/4/2014,Amazon Order - Biology Book,-12.35,CA
6896,8/4/2014,Restaurant - Burgers,-26.71,CA
6896,8/4/2014,Restaurant - Pizza,-31.65,CA
6896,8/4/2014,Lyft,-11.08,CA
6896,8/4/2014,Library Membership,-37.21,CA
6896,8/4/2014,Online Education Courses,-18.87,CA
6896,8/5/2014,Goods2 - ThinkGeek,-36.39,CA
6896,8/6/2014,Lyft,-26.33,CA
6896,8/6/2014,Coffee,-30.53,CA
6896,8/6/2014,DVD - Star Trek,-10.44,CA
6896,8/7/2014,Goods2 - ThinkGeek,-89.75,CA
6896,8/7/2014,Science Museum,-5.07,CA
6896,8/7/2014,Taxi,-2.31,CA
6896,8/7/2014,Mary's Book Store,-27.3,CA
6896,8/7/2014,Science Museum,-4.69,CA
6896,8/8/2014,Amazon Order - Biology Book,-21.87,CA
6896,8/8/2014,Restaurant - Burgers,-9.52,CA
6896,8/8/2014,Lyft,-116.1,CA
6896,8/8/2014,Online Education Courses,-74.96,CA
6896,8/8/2014,Coffee,-19.13,CA
6896,8/9/2014,Goods2 - ThinkGeek,-47.41,CA
6896,8/9/2014,Coffee,-6.19,CA
6896,8/9/2014,Lyft,-3.3,CA
6896,8/9/2014,Mary's Book Store,-10.53,CA
6896,8/9/2014,Video Game - PlayStation,-98.97,CA
6896,8/9/2014,Video Game - PlayStation,-17.97,CA
6896,8/10/2014,Coffee,-18.59,CA
6896,8/11/2014,Restaurant - Burgers,-35.11,CA
6896,8/11/2014,Amazon Order - Science Book,-113.79,CA
6896,8/12/2014,San Diego Museum,-8.94,CA
6896,8/13/2014,San Diego Museum,-35.64,CA
6896,8/14/2014,Lyft,-8.97,CA
6896,8/15/2014,Amazon Order - Star Wars Figurine,-34.03,CA
6896,8/15/2014,Goods2 - ThinkGeek,-76.74,CA
6896,8/15/2014,Amazon Order - Star Wars Figurine,-38.96,CA
6896,8/16/2014,Starbucks Coffee,-22.26,CA
6896,8/16/2014,Science Museum,-75.27,CA
6896,8/16/2014,Public Transportation - Train Pass,-66.87,CA
6896,8/17/2014,Amazon Order - Science Book,-26.76,CA
6896,8/17/2014,Lyft,-3.06,CA
6896,8/17/2014,Amazon Order - Star Wars Figurine,-110.26,CA
6896,8/17/2014,Art Museum,-4.4,CA
6896,8/18/2014,Food Delivery - GrubHub,-117.9,CA
6896,8/18/2014,Public Transportation - Train Pass,-33.95,CA
6896,8/18/2014,Taxi,-10.56,CA
6896,8/18/2014,Video Game - PlayStation,-12.84,CA
6896,8/18/2014,Taxi,-1.7,CA
6896,8/18/2014,Science Museum,-11.68,CA
6896,8/18/2014,Amazon Order - Science Book,-26.74,CA
6896,8/18/2014,Taxi,-13.27,CA
6896,8/19/2014,Restaurant - Burgers,-31.11,CA
6896,8/19/2014,Goods2 - ThinkGeek,-2,CA
6896,8/20/2014,Taxi,-38.6,CA
6896,8/20/2014,Amazon Order - Biology Book,-28.12,CA
6896,8/20/2014,Amazon Order - Biology Book,-28.6,CA
6896,8/20/2014,Public Transportation - Bus Pass,-45.31,CA
6896,8/21/2014,Uber,-30.08,CA
6896,8/21/2014,Public Transportation - Bus Pass,-29.87,CA
6896,8/21/2014,Library Membership,-100.94,CA
6896,8/21/2014,Amazon Order - Mathematics Book,-118.37,CA
6896,8/21/2014,Amazon Order - Biology Book,-2.08,CA
6896,8/21/2014,Lyft,-20.31,CA
6896,8/22/2014,Art Museum,-36.05,CA
6896,8/22/2014,Uber,-9.35,CA
6896,8/22/2014,Science Museum,-6.67,CA
6896,8/23/2014,Restaurant - Burgers,-11.04,CA
6896,8/23/2014,Amazon Order - Star Wars Figurine,-113.97,CA
6896,8/23/2014,Online Education Courses,-38.97,CA
6896,8/23/2014,Amazon Order - Star Wars Figurine,-87.77,CA
6896,8/24/2014,Restaurant - Pizza,-35.46,CA
6896,8/24/2014,San Diego Museum,-6.57,CA
6896,8/24/2014,Coffee,-26.61,CA
6896,8/24/2014,Library Membership,-7.24,CA
6896,8/25/2014,Amazon Order - Science Book,-3.14,CA
6896,8/26/2014,San Diego Museum,-3.11,CA
6896,8/26/2014,Lyft,-29.07,CA
6896,8/27/2014,Amazon Order - Mathematics Book,-42.13,CA
6896,8/27/2014,Mary's Book Store,-3.66,CA
6896,8/28/2014,Art Museum,-12.8,CA
6896,8/28/2014,Amazon Order - Star Wars Figurine,-27.29,CA
6896,8/28/2014,DVD - Star Trek,-31.18,CA
6896,8/28/2014,Video Game - PlayStation,-19.33,CA
6896,8/28/2014,Mary's Book Store,-16.29,CA
6896,8/29/2014,Restaurant - Pizza,-93.26,CA
6896,8/29/2014,Amazon Order - Science Book,-4.3,CA
6896,8/29/2014,DVD - Star Trek,-5.67,CA
6896,8/29/2014,Video Game - PlayStation,-4.36,CA
6896,8/29/2014,Video Game - PlayStation,-24.58,CA
6896,8/29/2014,San Diego Museum,-28.44,CA
6896,8/29/2014,Library Membership,-33.72,CA
6896,8/29/2014,Video Game - PlayStation,-16.38,CA
6896,8/30/2014,Amazon Order - Mathematics Book,-19.89,CA
6896,9/2/2014,Paycheck,4781,CA
6896,9/2/2014,Housing Rent,-828,CA
6896,9/2/2014,Credit Card Payment,-154,CA
6896,9/2/2014,Gas & Electric,-32,CA
6896,9/2/2014,Coffee,-7.01,CA
6896,9/3/2014,Amazon Order - Star Wars Figurine,-3.95,CA
6896,9/3/2014,DVD - Star Trek,-16.62,CA
6896,9/3/2014,Art Museum,-24.77,CA
6896,9/3/2014,Lyft,-9.19,CA
6896,9/4/2014,Coffee,-28.88,CA
6896,9/5/2014,Amazon Order - Biology Book,-13.77,CA
6896,9/5/2014,Coffee,-25.41,CA
6896,9/5/2014,Mary's Book Store,-58.22,CA
6896,9/5/2014,Taxi,-73.66,CA
6896,9/5/2014,Online Education Courses,-22.74,CA
6896,9/5/2014,San Diego Museum,-9.67,CA
6896,9/5/2014,San Diego Museum,-29.27,CA
6896,9/6/2014,DVD - Star Trek,-28.66,CA
6896,9/7/2014,Lyft,-24.59,CA
6896,9/7/2014,Goods2 - ThinkGeek,-11.12,CA
6896,9/7/2014,Amazon Order - Star Wars Figurine,-39.99,CA
6896,9/7/2014,Taxi,-44.5,CA
6896,9/7/2014,Mary's Book Store,-32.4,CA
6896,9/7/2014,San Diego Museum,-10.74,CA
6896,9/7/2014,Goods2 - ThinkGeek,-112.37,CA
6896,9/7/2014,Science Museum,-30.81,CA
6896,9/7/2014,Art Museum,-16.68,CA
6896,9/7/2014,Goods2 - ThinkGeek,-20.88,CA
6896,9/8/2014,Video Game - PlayStation,-11.24,CA
6896,9/9/2014,Science Museum,-26.67,CA
6896,9/10/2014,San Diego Museum,-21.07,CA
6896,9/10/2014,Video Game - PlayStation,-24.23,CA
6896,9/10/2014,Uber,-7.63,CA
6896,9/10/2014,Mary's Book Store,-2.06,CA
6896,9/11/2014,Goods2 - ThinkGeek,-13.73,CA
6896,9/12/2014,Ralph's Grocery Store,-7.23,CA
6896,9/12/2014,Library Membership,-28.94,CA
6896,9/13/2014,Amazon Order - Biology Book,-21.04,CA
6896,9/14/2014,Lyft,-1.98,CA
6896,9/14/2014,Public Transportation - Bus Pass,-5.18,CA
6896,9/15/2014,Coffee,-14.52,CA
6896,9/15/2014,Amazon Order - Science Book,-1.96,CA
6896,9/16/2014,Online Education Courses,-26.12,CA
6896,9/16/2014,Video Game - PlayStation,-1.61,CA
6896,9/16/2014,Food Delivery - GrubHub,-90.96,CA
6896,9/16/2014,Mary's Book Store,-38.19,CA
6896,9/16/2014,Amazon Order - Science Book,-19.24,CA
6896,9/16/2014,Online Education Courses,-28.93,CA
6896,9/17/2014,Uber,-48.64,CA
6896,9/17/2014,Von's Groceries,-5.56,CA
6896,9/18/2014,DVD - Star Trek,-31.17,CA
6896,9/18/2014,Library Membership,-87.34,CA
6896,9/18/2014,Lyft,-63.43,CA
6896,9/18/2014,Ralph's Grocery Store,-18.32,CA
6896,9/18/2014,Uber,-7.42,CA
6896,9/18/2014,Lyft,-9.14,CA
6896,9/18/2014,Amazon Order - Science Book,-32.81,CA
6896,9/18/2014,Coffee,-24.68,CA
6896,9/18/2014,Restaurant - Chinese,-31.37,CA
6896,9/18/2014,Whole Foods,-8.76,CA
6896,9/19/2014,Art Museum,-36.75,CA
6896,9/20/2014,Coffee,-25.2,CA
6896,9/21/2014,Amazon Order - Mathematics Book,-35.64,CA
6896,9/21/2014,San Diego Museum,-22.09,CA
6896,9/22/2014,Restaurant - Steakhouse,-13.92,CA
6896,9/23/2014,Video Game - PlayStation,-22.09,CA
6896,9/23/2014,Restaurant - Chinese,-11.99,CA
6896,9/24/2014,Uber,-27.93,CA
6896,9/24/2014,Taxi,-67.84,CA
6896,9/24/2014,Mary's Book Store,-5.08,CA
6896,9/24/2014,Video Game - PlayStation,-98.29,CA
6896,9/24/2014,Von's Groceries,-16.73,CA
6896,9/24/2014,Uber,-37.59,CA
6896,9/24/2014,San Diego Museum,-34.17,CA
6896,9/25/2014,Goods2 - ThinkGeek,-53.12,CA
6896,9/25/2014,Coffee,-16.15,CA
6896,9/25/2014,Whole Foods,-7.74,CA
6896,9/26/2014,DVD - Star Trek,-106.56,CA
6896,9/26/2014,Amazon Order - Science Book,-2.86,CA
6896,9/27/2014,Mary's Book Store,-19.31,CA
6896,9/27/2014,Restaurant - Pizza,-10.19,CA
6896,9/28/2014,Public Transportation - Bus Pass,-33.73,CA
6896,9/29/2014,Ralph's Grocery Store,-18.85,CA
6896,9/29/2014,Coffee,-17.26,CA
6896,9/29/2014,Video Game - PlayStation,-19.03,CA
6896,9/30/2014,Amazon Order - Mathematics Book,-55.1,CA
6896,10/2/2014,Paycheck,4781,CA
6896,10/2/2014,Housing Rent,-991,CA
6896,10/2/2014,Credit Card Payment,-154,CA
6896,10/2/2014,Gas & Electric,-32,CA
6896,10/2/2014,Lyft,-51.09,CA
6896,10/2/2014,Lyft,-1.22,CA
6896,10/2/2014,Amazon Order - Science Book,-94.01,CA
6896,10/3/2014,Online Education Courses,-18.05,CA
6896,10/3/2014,Taxi,-20.13,CA
6896,10/3/2014,DVD - Star Trek,-7.96,CA
6896,10/3/2014,Online Education Courses,-29.47,CA
6896,10/3/2014,Mary's Book Store,-39.66,CA
6896,10/3/2014,Amazon Order - Science Book,-7.27,CA
6896,10/3/2014,Video Game - PlayStation,-4.98,CA
6896,10/4/2014,DVD - Star Trek,-20.01,CA
6896,10/4/2014,Video Game - PlayStation,-92.18,CA
6896,10/5/2014,Coffee,-2.61,CA
6896,10/5/2014,Art Museum,-5.7,CA
6896,10/6/2014,Amazon Order - Science Book,-24.58,CA
6896,10/6/2014,Sprouts Market,-2.67,CA
6896,10/6/2014,Coffee,-110.82,CA
6896,10/6/2014,Online Education Courses,-32.6,CA
6896,10/7/2014,Lyft,-34.87,CA
6896,10/7/2014,Restaurant - Burgers,-98.96,CA
6896,10/8/2014,Amazon Order - Biology Book,-22.08,CA
6896,10/8/2014,Video Game - PlayStation,-30.11,CA
6896,10/9/2014,Video Game - PlayStation,-29.5,CA
6896,10/9/2014,Amazon Order - Star Wars Figurine,-93.19,CA
6896,10/9/2014,DVD - Star Trek,-26.15,CA
6896,10/9/2014,Restaurant - Pizza,-14.15,CA
6896,10/9/2014,Mary's Book Store,-28.59,CA
6896,10/9/2014,Whole Foods,-84.33,CA
6896,10/9/2014,Mary's Book Store,-102.74,CA
6896,10/10/2014,Video Game - PlayStation,-30.67,CA
6896,10/11/2014,Amazon Order - Star Wars Figurine,-9.56,CA
6896,10/11/2014,Uber,-15.33,CA
6896,10/12/2014,Amazon Order - Science Book,-63.64,CA
6896,10/12/2014,Taxi,-12.06,CA
6896,10/12/2014,Art Museum,-29.01,CA
6896,10/13/2014,Uber,-15.38,CA
6896,10/13/2014,Uber,-87.12,CA
6896,10/13/2014,DVD - Star Trek,-118.47,CA
6896,10/13/2014,Amazon Order - Biology Book,-18.88,CA
6896,10/14/2014,Restaurant - Steakhouse,-8.51,CA
6896,10/14/2014,Lyft,-6.21,CA
6896,10/14/2014,Public Transportation - Train Pass,-27.37,CA
6896,10/14/2014,Whole Foods,-110.53,CA
6896,10/14/2014,Library Membership,-44.5,CA
6896,10/14/2014,Public Transportation - Bus Pass,-7.98,CA
6896,10/15/2014,Food Delivery - GrubHub,-36.3,CA
6896,10/15/2014,Video Game - PlayStation,-15.81,CA
6896,10/15/2014,Public Transportation - Bus Pass,-38.7,CA
6896,10/15/2014,Online Education Courses,-43.62,CA
6896,10/16/2014,Amazon Order - Biology Book,-108.95,CA
6896,10/16/2014,DVD - Star Trek,-42.24,CA
6896,10/16/2014,Public Transportation - Train Pass,-36.62,CA
6896,10/16/2014,Online Education Courses,-4.03,CA
6896,10/17/2014,Public Transportation - Train Pass,-19.03,CA
6896,10/17/2014,Sprouts Market,-26.57,CA
6896,10/17/2014,Ralph's Grocery Store,-3.05,CA
6896,10/17/2014,Science Museum,-26.68,CA
6896,10/17/2014,Science Museum,-10.16,CA
6896,10/18/2014,Amazon Order - Science Book,-6.79,CA
6896,10/18/2014,Art Museum,-26.24,CA
6896,10/19/2014,Restaurant - Burgers,-14.43,CA
6896,10/20/2014,Online Education Courses,-19.02,CA
6896,10/20/2014,Coffee,-5.36,CA
6896,10/20/2014,Taxi,-33.11,CA
6896,10/20/2014,Science Museum,-23.12,CA
6896,10/20/2014,Restaurant - Steakhouse,-36.26,CA
6896,10/20/2014,Video Game - PlayStation,-95.88,CA
6896,10/20/2014,Science Museum,-58.77,CA
6896,10/20/2014,San Diego Museum,-18.81,CA
6896,10/20/2014,Public Transportation - Bus Pass,-110.7,CA
6896,10/20/2014,Amazon Order - Biology Book,-31.73,CA
6896,10/21/2014,Video Game - PlayStation,-14.12,CA
6896,10/21/2014,Sprouts Market,-28.08,CA
6896,10/21/2014,DVD - Star Trek,-22.52,CA
6896,10/22/2014,Video Game - PlayStation,-34.93,CA
6896,10/23/2014,Sprouts Market,-83.91,CA
6896,10/23/2014,Public Transportation - Train Pass,-26.18,CA
6896,10/24/2014,Online Education Courses,-18.62,CA
6896,10/24/2014,Restaurant - Pizza,-5.26,CA
6896,10/24/2014,Uber,-113.8,CA
6896,10/24/2014,Library Membership,-23.45,CA
6896,10/24/2014,Public Transportation - Train Pass,-3.46,CA
6896,10/24/2014,Restaurant - Chinese,-10.57,CA
6896,10/25/2014,Coffee,-26.4,CA
6896,10/25/2014,Amazon Order - Mathematics Book,-2.07,CA
6896,10/25/2014,Amazon Order - Science Book,-20.09,CA
6896,10/25/2014,Library Membership,-45.33,CA
6896,10/25/2014,Art Museum,-5.49,CA
6896,10/26/2014,Online Education Courses,-19.3,CA
6896,10/26/2014,Library Membership,-8.88,CA
6896,10/26/2014,Amazon Order - Mathematics Book,-7.93,CA
6896,10/26/2014,Taxi,-34.24,CA
6896,10/27/2014,Uber,-25.19,CA
6896,10/27/2014,Restaurant - Pizza,-0.65,CA
6896,10/28/2014,Library Membership,-9.53,CA
6896,10/29/2014,Amazon Order - Mathematics Book,-12.34,CA
6896,10/29/2014,Online Education Courses,-107.82,CA
6896,10/30/2014,Public Transportation - Bus Pass,-4.21,CA
6896,11/2/2014,Paycheck,4781,CA
6896,11/2/2014,Housing Rent,-1281,CA
6896,11/2/2014,Credit Card Payment,-154,CA
6896,11/2/2014,Gas & Electric,-32,CA
6896,11/2/2014,Amazon Order - Mathematics Book,-9.69,CA
6896,11/2/2014,San Diego Museum,-11.86,CA
6896,11/3/2014,Art Museum,-32.83,CA
6896,11/3/2014,Von's Groceries,-24.29,CA
6896,11/4/2014,Online Education Courses,-7.77,CA
6896,11/4/2014,Coffee,-36.23,CA
6896,11/4/2014,Amazon Order - Star Wars Figurine,-31.36,CA
6896,11/4/2014,Restaurant - Steakhouse,-21.41,CA
6896,11/4/2014,Starbucks Coffee,-34.48,CA
6896,11/5/2014,Von's Groceries,-31.95,CA
6896,11/5/2014,Amazon Order - Star Wars Figurine,-96.51,CA
6896,11/6/2014,Food Delivery - GrubHub,-42.66,CA
6896,11/6/2014,Lyft,-78.62,CA
6896,11/6/2014,Science Museum,-27.7,CA
6896,11/7/2014,Online Education Courses,-16.25,CA
6896,11/7/2014,Lyft,-20.44,CA
6896,11/8/2014,San Diego Museum,-34.74,CA
6896,11/8/2014,Mary's Book Store,-12.13,CA
6896,11/8/2014,San Diego Museum,-2.5,CA
6896,11/8/2014,Science Museum,-26.63,CA
6896,11/9/2014,Coffee,-7.74,CA
6896,11/9/2014,Science Museum,-21.92,CA
6896,11/9/2014,Restaurant - Burgers,-37.71,CA
6896,11/9/2014,Video Game - PlayStation,-10.58,CA
6896,11/9/2014,Taxi,-14.16,CA
6896,11/9/2014,Video Game - PlayStation,-12.09,CA
6896,11/9/2014,Science Museum,-12.02,CA
6896,11/9/2014,Video Game - PlayStation,-1.77,CA
6896,11/9/2014,Lyft,-16.08,CA
6896,11/9/2014,Online Education Courses,-3.89,CA
6896,11/9/2014,Amazon Order - Mathematics Book,-19.84,CA
6896,11/10/2014,Von's Groceries,-19.08,CA
6896,11/11/2014,Restaurant - Pizza,-1.87,CA
6896,11/11/2014,Library Membership,-1.83,CA
6896,11/11/2014,Science Museum,-8.35,CA
6896,11/11/2014,Restaurant - Pizza,-66.94,CA
6896,11/11/2014,Restaurant - Pizza,-10.04,CA
6896,11/12/2014,Science Museum,-33.45,CA
6896,11/12/2014,San Diego Museum,-25.05,CA
6896,11/12/2014,Uber,-35.45,CA
6896,11/12/2014,Starbucks Coffee,-19.15,CA
6896,11/12/2014,Online Education Courses,-27.25,CA
6896,11/12/2014,Video Game - PlayStation,-35.94,CA
6896,11/12/2014,Amazon Order - Biology Book,-70.15,CA
6896,11/12/2014,Library Membership,-32.38,CA
6896,11/12/2014,Public Transportation - Train Pass,-30.01,CA
6896,11/13/2014,San Diego Museum,-22.9,CA
6896,11/13/2014,Taxi,-28.25,CA
6896,11/13/2014,Video Game - PlayStation,-93.92,CA
6896,11/13/2014,Amazon Order - Biology Book,-37.7,CA
6896,11/13/2014,Taxi,-6.37,CA
6896,11/14/2014,Public Transportation - Bus Pass,-21.82,CA
6896,11/14/2014,Coffee,-3.4,CA
6896,11/14/2014,Von's Groceries,-118.74,CA
6896,11/15/2014,Coffee,-21.45,CA
6896,11/15/2014,Ralph's Grocery Store,-18.18,CA
6896,11/15/2014,Lyft,-19.79,CA
6896,11/15/2014,Video Game - PlayStation,-39.87,CA
6896,11/15/2014,Library Membership,-2.93,CA
6896,11/16/2014,Goods2 - ThinkGeek,-26.92,CA
6896,11/16/2014,Mary's Book Store,-11.98,CA
6896,11/17/2014,Library Membership,-70.14,CA
6896,11/17/2014,DVD - Star Trek,-19.03,CA
6896,11/17/2014,Goods2 - ThinkGeek,-23.24,CA
6896,11/18/2014,Science Museum,-3.27,CA
6896,11/18/2014,Von's Groceries,-8.29,CA
6896,11/18/2014,Mary's Book Store,-16.44,CA
6896,11/18/2014,Starbucks Coffee,-117.92,CA
6896,11/18/2014,Coffee,-3.83,CA
6896,11/18/2014,DVD - Star Trek,-11.99,CA
6896,11/19/2014,Goods2 - ThinkGeek,-29.23,CA
6896,11/19/2014,Science Museum,-38,CA
6896,11/19/2014,Taxi,-14.92,CA
6896,11/19/2014,Science Museum,-22.79,CA
6896,11/19/2014,Amazon Order - Star Wars Figurine,-38.5,CA
6896,11/19/2014,Amazon Order - Star Wars Figurine,-30.78,CA
6896,11/19/2014,Food Delivery - GrubHub,-15.93,CA
6896,11/19/2014,Amazon Order - Biology Book,-31.87,CA
6896,11/20/2014,Public Transportation - Train Pass,-1.28,CA
6896,11/20/2014,Amazon Order - Mathematics Book,-61.27,CA
6896,11/20/2014,Lyft,-4.99,CA
6896,11/21/2014,Art Museum,-101.39,CA
6896,11/21/2014,Goods2 - ThinkGeek,-21.15,CA
6896,11/21/2014,Online Education Courses,-46.27,CA
6896,11/22/2014,Amazon Order - Science Book,-14.84,CA
6896,11/22/2014,Coffee,-39.71,CA
6896,11/22/2014,Video Game - PlayStation,-6.96,CA
6896,11/22/2014,Library Membership,-34.26,CA
6896,11/22/2014,Sprouts Market,-13.84,CA
6896,11/23/2014,Coffee,-75.1,CA
6896,11/23/2014,DVD - Star Trek,-2.06,CA
6896,11/23/2014,Lyft,-19.68,CA
6896,11/24/2014,Online Education Courses,-9.24,CA
6896,11/25/2014,DVD - Star Trek,-9.23,CA
6896,11/25/2014,Mary's Book Store,-5.21,CA
6896,11/25/2014,Taxi,-7.43,CA
6896,11/25/2014,Restaurant - Chinese,-38.54,CA
6896,11/25/2014,Taxi,-38.5,CA
6896,11/26/2014,Coffee,-35.58,CA
6896,11/26/2014,DVD - Star Trek,-111.41,CA
6896,11/26/2014,Taxi,-13.27,CA
6896,11/27/2014,Amazon Order - Science Book,-22.25,CA
6896,11/28/2014,Coffee,-37.91,CA
6896,11/28/2014,Video Game - PlayStation,-5.49,CA
6896,11/28/2014,DVD - Star Trek,-26.38,CA
6896,11/28/2014,Starbucks Coffee,-11.52,CA
6896,11/28/2014,DVD - Star Trek,-11.76,CA
6896,11/29/2014,Lyft,-26.41,CA
6896,11/29/2014,Goods2 - ThinkGeek,-29.82,CA
6896,11/30/2014,Library Membership,-29.68,CA
6896,11/30/2014,Amazon Order - Mathematics Book,-30.66,CA
6896,12/2/2014,Paycheck,4781,CA
6896,12/2/2014,Housing Rent,-994,CA
6896,12/2/2014,Credit Card Payment,-154,CA
6896,12/2/2014,Gas & Electric,-32,CA
6896,12/2/2014,Art Museum,-16.19,CA
6896,12/3/2014,Taxi,-18.22,CA
6896,12/4/2014,Public Transportation - Bus Pass,-20.79,CA
6896,12/4/2014,Coffee,-2.44,CA
6896,12/4/2014,Amazon Order - Biology Book,-0.11,CA
6896,12/4/2014,Taxi,-36.52,CA
6896,12/5/2014,Restaurant - Burgers,-16.69,CA
6896,12/5/2014,Amazon Order - Biology Book,-105.03,CA
6896,12/5/2014,Online Education Courses,-116.68,CA
6896,12/5/2014,Food Delivery - GrubHub,-1.05,CA
6896,12/5/2014,Goods2 - ThinkGeek,-28.65,CA
6896,12/6/2014,Library Membership,-29.64,CA
6896,12/6/2014,Restaurant - Pizza,-12.33,CA
6896,12/6/2014,Ralph's Grocery Store,-15.8,CA
6896,12/7/2014,DVD - Star Trek,-63.97,CA
6896,12/8/2014,Library Membership,-29.15,CA
6896,12/8/2014,Science Museum,-15.68,CA
6896,12/8/2014,Ralph's Grocery Store,-20.75,CA
6896,12/8/2014,Restaurant - Chinese,-21.41,CA
6896,12/8/2014,Coffee,-9.91,CA
6896,12/9/2014,Science Museum,-24.11,CA
6896,12/9/2014,DVD - Star Trek,-31.97,CA
6896,12/9/2014,Public Transportation - Bus Pass,-95.7,CA
6896,12/9/2014,Library Membership,-85.77,CA
6896,12/10/2014,DVD - Star Trek,-96.94,CA
6896,12/10/2014,Restaurant - Pizza,-6.54,CA
6896,12/10/2014,Mary's Book Store,-35.69,CA
6896,12/11/2014,Online Education Courses,-5.44,CA
6896,12/12/2014,San Diego Museum,-1.12,CA
6896,12/13/2014,Restaurant - Steakhouse,-7.96,CA
6896,12/13/2014,Restaurant - Pizza,-38.97,CA
6896,12/13/2014,Public Transportation - Train Pass,-3.97,CA
6896,12/13/2014,Sprouts Market,-30.11,CA
6896,12/14/2014,DVD - Star Trek,-9.98,CA
6896,12/14/2014,Video Game - PlayStation,-74.59,CA
6896,12/14/2014,DVD - Star Trek,-38.51,CA
6896,12/15/2014,Restaurant - Steakhouse,-18.33,CA
6896,12/15/2014,Goods2 - ThinkGeek,-96.15,CA
6896,12/16/2014,Science Museum,-26.12,CA
6896,12/16/2014,Amazon Order - Star Wars Figurine,-39.6,CA
6896,12/16/2014,San Diego Museum,-23.17,CA
6896,12/16/2014,Restaurant - Pizza,-12.47,CA
6896,12/17/2014,Coffee,-4.19,CA
6896,12/17/2014,Science Museum,-1.18,CA
6896,12/17/2014,Amazon Order - Science Book,-24.05,CA
6896,12/18/2014,Art Museum,-17.09,CA
6896,12/19/2014,Taxi,-5.53,CA
6896,12/20/2014,Public Transportation - Train Pass,-7.55,CA
6896,12/20/2014,Amazon Order - Mathematics Book,-29.51,CA
6896,12/21/2014,Goods2 - ThinkGeek,-32.45,CA
6896,12/22/2014,Online Education Courses,-5.87,CA
6896,12/23/2014,Sprouts Market,-80.86,CA
6896,12/24/2014,Science Museum,-3.49,CA
6896,12/25/2014,Goods2 - ThinkGeek,-0.76,CA
6896,12/25/2014,Library Membership,-0.16,CA
6896,12/25/2014,Science Museum,-9.06,CA
6896,12/26/2014,Amazon Order - Star Wars Figurine,-99.18,CA
6896,12/26/2014,Amazon Order - Star Wars Figurine,-19.78,CA
6896,12/26/2014,Science Museum,-62.24,CA
6896,12/26/2014,Amazon Order - Science Book,-0.39,CA
6896,12/27/2014,Mary's Book Store,-32.41,CA
6896,12/27/2014,Ralph's Grocery Store,-18.53,CA
6896,12/28/2014,DVD - Star Trek,-29.52,CA
6896,12/29/2014,Art Museum,-23.93,CA
6896,12/30/2014,Lyft,-0.63,CA
6896,12/32/2014,DVD - Star Trek,-22.2,CA
