auth_id, Date, Vendor, Amount, Location 
72019,1/2/2013,Food Delivery - Uber Eats,-67.56,CA
72019,1/2/2013,On Demand TV,-32.44,CA
72019,1/2/2013,Food Delivery - GrubHub,-12.74,CA
72019,1/3/2013,On Demand TV,-10.24,CA
72019,1/3/2013,Public Transportation - Bus Pass,-13.34,CA
72019,1/3/2013,Podcast Subscription,-16.09,CA
72019,1/4/2013,Food Delivery - GrubHub,-6.12,CA
72019,1/4/2013,Starbucks Coffee,-104.74,CA
72019,1/5/2013,Pet Supply - Cat Food,-7.75,CA
72019,1/5/2013,Food Delivery - GrubHub,-23.78,CA
72019,1/6/2013,Restaurant - Burgers,-36.5,CA
72019,1/6/2013,Red Box DVD Rental,-34.54,CA
72019,1/6/2013,Food Delivery - GrubHub,-35.09,CA
72019,1/6/2013,Pet Supply - Cat Food,-35.48,CA
72019,1/6/2013,On Demand Movie,-7.11,CA
72019,1/6/2013,Lyft,-33.79,CA
72019,1/6/2013,Restaurant - Pizza,-53.31,CA
72019,1/6/2013,Public Transportation - Bus Pass,-104.36,CA
72019,1/6/2013,PlayStation Membership,-65.56,CA
72019,1/7/2013,Public Transportation - Bus Pass,-35.38,CA
72019,1/8/2013,Food Delivery - GrubHub,-31.16,CA
72019,1/8/2013,Uber,-53.43,CA
72019,1/8/2013,Wine Delivery,-33.85,CA
72019,1/8/2013,PlayStation Membership,-36.81,CA
72019,1/8/2013,Podcast Subscription,-11.82,CA
72019,1/8/2013,Red Box DVD Rental,-29.17,CA
72019,1/9/2013,Sprouts Market,-19.41,CA
72019,1/9/2013,Pet Supply - Cat Food,-0.27,CA
72019,1/10/2013,Lyft,-37.37,CA
72019,1/10/2013,Lyft,-7.3,CA
72019,1/10/2013,Food Delivery - Uber Eats,-22.92,CA
72019,1/10/2013,On Demand TV,-21.95,CA
72019,1/10/2013,Sprouts Market,-22.64,CA
72019,1/11/2013,Red Box DVD Rental,-46.62,CA
72019,1/11/2013,Pet Supply - Cat Food,-85.56,CA
72019,1/11/2013,Podcast Subscription,-32.84,CA
72019,1/12/2013,Food Delivery - GrubHub,-28.89,CA
72019,1/12/2013,Ralph's Grocery Store,-30.56,CA
72019,1/12/2013,Credit Card Overdraft Fee,-24.44,CA
72019,1/12/2013,Podcast Subscription,-0.6,CA
72019,1/12/2013,Food Delivery - GrubHub,-82.36,CA
72019,1/13/2013,Podcast Subscription,-7.21,CA
72019,1/13/2013,Pet Smart,-5.03,CA
72019,1/14/2013,On Demand Movie,-15.59,CA
72019,1/15/2013,Food Delivery - GrubHub,-33.2,CA
72019,1/15/2013,Sprouts Market,-49.59,CA
72019,1/15/2013,Sprouts Market,-14.97,CA
72019,1/15/2013,Red Box DVD Rental,-6.09,CA
72019,1/15/2013,Podcast Subscription,-29.65,CA
72019,1/16/2013,Wine Delivery,-109.33,CA
72019,1/16/2013,Podcast Subscription,-14.34,CA
72019,1/16/2013,Whole Foods,-25.01,CA
72019,1/16/2013,Food Delivery - GrubHub,-112.28,CA
72019,1/16/2013,Restaurant - Chinese,-26.21,CA
72019,1/16/2013,Lyft,-29.08,CA
72019,1/16/2013,Podcast Subscription,-26.2,CA
72019,1/17/2013,Pet Supply - Cat Food,-83.03,CA
72019,1/17/2013,Food Delivery - GrubHub,-8.89,CA
72019,1/17/2013,Pet Smart,-61.16,CA
72019,1/17/2013,PlayStation Membership,-26.77,CA
72019,1/17/2013,Uber,-14.61,CA
72019,1/17/2013,Red Box DVD Rental,-38.7,CA
72019,1/17/2013,Public Transportation - Bus Pass,-19.42,CA
72019,1/17/2013,On Demand Movie,-37.53,CA
72019,1/17/2013,On Demand Movie,-3.05,CA
72019,1/17/2013,Pet Supply - Cat Food,-20.65,CA
72019,1/18/2013,Pet Smart,-35.05,CA
72019,1/19/2013,Taxi,-31.64,CA
72019,1/19/2013,Wine Delivery,-1.21,CA
72019,1/20/2013,Public Transportation - Bus Pass,-30.04,CA
72019,1/20/2013,Pet Supply - Cat Food,-1.98,CA
72019,1/20/2013,PlayStation Membership,-13.71,CA
72019,1/21/2013,PlayStation Membership,-41.94,CA
72019,1/21/2013,Red Box DVD Rental,-13.79,CA
72019,1/21/2013,Sprouts Market,-23.31,CA
72019,1/21/2013,Public Transportation - Train Pass,-34.42,CA
72019,1/21/2013,Podcast Subscription,-22.89,CA
72019,1/21/2013,On Demand TV,-23.45,CA
72019,1/22/2013,On Demand TV,-13.81,CA
72019,1/22/2013,On Demand Movie,-28.49,CA
72019,1/22/2013,Podcast Subscription,-87.84,CA
72019,1/22/2013,Public Transportation - Train Pass,-16.99,CA
72019,1/23/2013,Food Delivery - Uber Eats,-24.86,CA
72019,1/24/2013,Public Transportation - Bus Pass,-31,CA
72019,1/24/2013,Wine Delivery,-22.49,CA
72019,1/24/2013,Food Delivery - Uber Eats,-14.93,CA
72019,1/25/2013,Podcast Subscription,-21.3,CA
72019,1/25/2013,Pet Supply - Cat Food,-31.9,CA
72019,1/26/2013,Food Delivery - GrubHub,-3.98,CA
72019,1/26/2013,Credit Card Overdraft Fee,-0.38,CA
72019,1/27/2013,Bank Fee - Negative Balance,-27.1,CA
72019,1/27/2013,On Demand Movie,-1.57,CA
72019,1/27/2013,Podcast Subscription,-8.59,CA
72019,1/27/2013,Red Box DVD Rental,-44.19,CA
72019,1/27/2013,Food Delivery - GrubHub,-36.18,CA
72019,1/28/2013,Public Transportation - Bus Pass,-5.77,CA
72019,1/28/2013,On Demand Movie,-29.85,CA
72019,1/29/2013,Food Delivery - Uber Eats,-31.65,CA
72019,1/29/2013,Food Delivery - GrubHub,-104.12,CA
72019,1/30/2013,Pet Smart,-39.84,CA
72019,1/30/2013,Taxi,-22.8,CA
72019,1/30/2013,Credit Card Overdraft Fee,-33.17,CA
72019,3/2/2013,Paycheck,2915,CA
72019,3/2/2013,Housing Rent,-1093,CA
72019,3/2/2013,Credit Card Payment,-154,CA
72019,3/2/2013,Public Transportation - Train Pass,-33.01,CA
72019,3/2/2013,Pet Smart,-0.47,CA
72019,3/2/2013,Taxi,-35.64,CA
72019,3/2/2013,Pet Smart,-18.97,CA
72019,3/3/2013,Water & Sewer - Late Payment Penalty,-84.65,CA
72019,3/4/2013,On Demand Movie,-26.22,CA
72019,3/4/2013,Pet Smart,-23.69,CA
72019,3/4/2013,Podcast Subscription,-94.06,CA
72019,3/4/2013,Food Delivery - Uber Eats,-20.75,CA
72019,3/5/2013,Podcast Subscription,-4.86,CA
72019,3/5/2013,On Demand TV,-10.07,CA
72019,3/5/2013,PlayStation Membership,-34.36,CA
72019,3/5/2013,Food Delivery - Uber Eats,-64.18,CA
72019,3/5/2013,Wine Delivery,-5.25,CA
72019,3/6/2013,Taxi,-13.84,CA
72019,3/6/2013,Starbucks Coffee,-10.43,CA
72019,3/6/2013,Restaurant - Burgers,-98.82,CA
72019,3/6/2013,Whole Foods,-15.34,CA
72019,3/6/2013,Pet Smart,-4.07,CA
72019,3/7/2013,Public Transportation - Bus Pass,-109.14,CA
72019,3/7/2013,Restaurant - Burgers,-23.39,CA
72019,3/8/2013,Pet Smart,-56.07,CA
72019,3/9/2013,Pet Supply - Cat Food,-2.3,CA
72019,3/10/2013,Starbucks Coffee,-13.4,CA
72019,3/10/2013,Taxi,-33.57,CA
72019,3/10/2013,Wine Delivery,-7.71,CA
72019,3/11/2013,On Demand Movie,-1.52,CA
72019,3/11/2013,Public Transportation - Bus Pass,-26.95,CA
72019,3/11/2013,Podcast Subscription,-35.24,CA
72019,3/12/2013,Lyft,-43.41,CA
72019,3/12/2013,Ralph's Grocery Store,-8.17,CA
72019,3/12/2013,Uber,-70.99,CA
72019,3/13/2013,Sprouts Market,-29.1,CA
72019,3/14/2013,Wine Delivery,-4.77,CA
72019,3/14/2013,Red Box DVD Rental,-26.97,CA
72019,3/14/2013,Red Box DVD Rental,-37.48,CA
72019,3/14/2013,Credit Card Overdraft Fee,-4.72,CA
72019,3/14/2013,Lyft,-19.46,CA
72019,3/14/2013,Pet Smart,-30.97,CA
72019,3/14/2013,Starbucks Coffee,-3.08,CA
72019,3/14/2013,On Demand TV,-21.74,CA
72019,3/14/2013,Uber,-26.3,CA
72019,3/14/2013,Public Transportation - Bus Pass,-39.65,CA
72019,3/14/2013,Taxi,-55.89,CA
72019,3/14/2013,Pet Supply - Cat Food,-28.61,CA
72019,3/14/2013,Pet Supply - Cat Food,-27.38,CA
72019,3/15/2013,Food Delivery - Uber Eats,-31.08,CA
72019,3/16/2013,Public Transportation - Train Pass,-16.61,CA
72019,3/16/2013,Time Warne Cable - Late Payment Fee,-29.52,CA
72019,3/16/2013,Food Delivery - Uber Eats,-3.65,CA
72019,3/17/2013,Food Delivery - Uber Eats,-66.78,CA
72019,3/18/2013,Restaurant - Steakhouse,-23.45,CA
72019,3/18/2013,On Demand TV,-15.98,CA
72019,3/19/2013,Restaurant - Burgers,-27.3,CA
72019,3/19/2013,Podcast Subscription,-37.03,CA
72019,3/19/2013,Podcast Subscription,-4.82,CA
72019,3/20/2013,Pet Supply - Cat Food,-24.72,CA
72019,3/20/2013,Taxi,-33.02,CA
72019,3/20/2013,Pet Smart,-57.33,CA
72019,3/20/2013,Credit Card Overdraft Fee,-16.72,CA
72019,3/20/2013,On Demand TV,-54.74,CA
72019,3/20/2013,Pet Supply - Cat Food,-19.61,CA
72019,3/20/2013,Food Delivery - GrubHub,-32.93,CA
72019,3/21/2013,Sprouts Market,-77.98,CA
72019,3/21/2013,Lyft,-7.82,CA
72019,3/21/2013,Ralph's Grocery Store,-12.34,CA
72019,3/21/2013,Restaurant - Steakhouse,-22.09,CA
72019,3/21/2013,Pet Supply - Cat Food,-11.73,CA
72019,3/22/2013,Housing Rent - Late Fee,-42.5,CA
72019,3/23/2013,On Demand Movie,-23.57,CA
72019,3/23/2013,Food Delivery - GrubHub,-105.41,CA
72019,3/23/2013,On Demand Movie,-39.12,CA
72019,3/23/2013,Restaurant - Chinese,-36.24,CA
72019,3/23/2013,Von's Groceries,-22.91,CA
72019,3/24/2013,Food Delivery - Uber Eats,-24.06,CA
72019,3/25/2013,Lyft,-28.29,CA
72019,3/25/2013,Restaurant - Chinese,-31.91,CA
72019,3/26/2013,Pet Smart,-57.84,CA
72019,3/26/2013,Red Box DVD Rental,-89.23,CA
72019,3/27/2013,Uber,-0.67,CA
72019,3/27/2013,Food Delivery - GrubHub,-33.41,CA
72019,3/27/2013,PlayStation Membership,-27.96,CA
72019,3/28/2013,Sprouts Market,-16.69,CA
72019,3/28/2013,Credit Card Overdraft Fee,-59.2,CA
72019,3/28/2013,Taxi,-25.02,CA
72019,3/28/2013,Starbucks Coffee,-3.9,CA
72019,3/28/2013,Pet Supply - Cat Food,-0.38,CA
72019,3/29/2013,Food Delivery - GrubHub,-30.84,CA
72019,3/30/2013,Pet Supply - Cat Food,-31.73,CA
72019,3/30/2013,On Demand Movie,-29.14,CA
72019,3/30/2013,Podcast Subscription,-32.61,CA
72019,3/30/2013,Food Delivery - Uber Eats,-18.92,CA
72019,4/2/2013,Paycheck,2915,CA
72019,4/2/2013,Housing Rent,-816,CA
72019,4/2/2013,Credit Card Payment,-154,CA
72019,4/2/2013,Ralph's Grocery Store,-39.91,CA
72019,4/2/2013,Von's Groceries,-10.68,CA
72019,4/2/2013,Red Box DVD Rental,-13.91,CA
72019,4/2/2013,On Demand TV,-28.92,CA
72019,4/2/2013,Wine Delivery,-3.22,CA
72019,4/2/2013,Food Delivery - GrubHub,-39.34,CA
72019,4/2/2013,PlayStation Membership,-25.66,CA
72019,4/2/2013,On Demand Movie,-33.92,CA
72019,4/3/2013,Wine Delivery,-78.39,CA
72019,4/3/2013,Public Transportation - Bus Pass,-27.95,CA
72019,4/3/2013,Podcast Subscription,-10.53,CA
72019,4/3/2013,Wine Delivery,-11.25,CA
72019,4/3/2013,Ralph's Grocery Store,-87.96,CA
72019,4/3/2013,Wine Delivery,-9.64,CA
72019,4/3/2013,Credit Card Overdraft Fee,-24.2,CA
72019,4/3/2013,Credit Card Overdraft Fee,-51.01,CA
72019,4/3/2013,On Demand TV,-52.43,CA
72019,4/4/2013,Red Box DVD Rental,-51.35,CA
72019,4/5/2013,Wine Delivery,-23.55,CA
72019,4/5/2013,Pet Supply - Cat Food,-29.95,CA
72019,4/5/2013,Whole Foods,-36.2,CA
72019,4/5/2013,Restaurant - Burgers,-28.47,CA
72019,4/6/2013,Food Delivery - GrubHub,-2.14,CA
72019,4/6/2013,Red Box DVD Rental,-10.77,CA
72019,4/6/2013,PlayStation Membership,-30.17,CA
72019,4/7/2013,On Demand TV,-13.72,CA
72019,4/7/2013,Red Box DVD Rental,-1.71,CA
72019,4/8/2013,Taxi,-73.67,CA
72019,4/8/2013,Pet Supply - Cat Food,-29.65,CA
72019,4/9/2013,PlayStation Membership,-113.84,CA
72019,4/10/2013,PlayStation Membership,-40.15,CA
72019,4/10/2013,Food Delivery - GrubHub,-86.83,CA
72019,4/10/2013,Food Delivery - GrubHub,-113.92,CA
72019,4/10/2013,Podcast Subscription,-14.4,CA
72019,4/10/2013,Taxi,-31.54,CA
72019,4/10/2013,Uber,-22.55,CA
72019,4/10/2013,On Demand Movie,-4.08,CA
72019,4/10/2013,Public Transportation - Train Pass,-23.7,CA
72019,4/10/2013,Pet Supply - Cat Food,-49.34,CA
72019,4/10/2013,Pet Smart,-0.62,CA
72019,4/11/2013,Pet Supply - Cat Food,-21.38,CA
72019,4/11/2013,On Demand Movie,-0.12,CA
72019,4/11/2013,Restaurant - Burgers,-26.05,CA
72019,4/11/2013,Food Delivery - Uber Eats,-18.73,CA
72019,4/11/2013,Credit Card Overdraft Fee,-23.1,CA
72019,4/11/2013,Public Transportation - Bus Pass,-30.8,CA
72019,4/11/2013,PlayStation Membership,-28.16,CA
72019,4/12/2013,On Demand TV,-32.65,CA
72019,4/13/2013,Public Transportation - Train Pass,-38.28,CA
72019,4/13/2013,Taxi,-28.59,CA
72019,4/14/2013,On Demand TV,-42.06,CA
72019,4/15/2013,Food Delivery - Uber Eats,-13.41,CA
72019,4/15/2013,On Demand TV,-5.07,CA
72019,4/15/2013,Pet Supply - Cat Food,-14.64,CA
72019,4/15/2013,Restaurant - Steakhouse,-13.84,CA
72019,4/16/2013,Von's Groceries,-7.28,CA
72019,4/16/2013,On Demand Movie,-40.36,CA
72019,4/16/2013,Podcast Subscription,-10.76,CA
72019,4/16/2013,Food Delivery - GrubHub,-21.46,CA
72019,4/17/2013,Lyft,-9.32,CA
72019,4/17/2013,Podcast Subscription,-91.76,CA
72019,4/17/2013,Wine Delivery,-16.24,CA
72019,4/17/2013,Food Delivery - GrubHub,-29.66,CA
72019,4/17/2013,Food Delivery - GrubHub,-16.48,CA
72019,4/17/2013,Pet Smart,-7.14,CA
72019,4/17/2013,Taxi,-10.87,CA
72019,4/18/2013,Pet Smart,-29.89,CA
72019,4/18/2013,Wine Delivery,-6.72,CA
72019,4/18/2013,Sprouts Market,-27.08,CA
72019,4/18/2013,Food Delivery - GrubHub,-9.32,CA
72019,4/18/2013,Pet Smart,-5.4,CA
72019,4/18/2013,Public Transportation - Train Pass,-11.08,CA
72019,4/19/2013,Food Delivery - Uber Eats,-39.84,CA
72019,4/19/2013,Uber,-104.43,CA
72019,4/19/2013,Food Delivery - Uber Eats,-34.98,CA
72019,4/19/2013,Uber,-2.11,CA
72019,4/19/2013,Lyft,-7.83,CA
72019,4/19/2013,Taxi,-33.27,CA
72019,4/19/2013,Restaurant - Burgers,-1.88,CA
72019,4/19/2013,Pet Supply - Cat Food,-34.51,CA
72019,4/19/2013,Public Transportation - Bus Pass,-27.79,CA
72019,4/19/2013,Pet Smart,-17.72,CA
72019,4/19/2013,Starbucks Coffee,-23.81,CA
72019,4/20/2013,On Demand Movie,-25.97,CA
72019,4/20/2013,Pet Supply - Cat Food,-22.28,CA
72019,4/20/2013,Pet Smart,-68.67,CA
72019,4/20/2013,Podcast Subscription,-49.06,CA
72019,4/20/2013,On Demand TV,-3.65,CA
72019,4/20/2013,Public Transportation - Train Pass,-3.26,CA
72019,4/20/2013,Wine Delivery,-23.74,CA
72019,4/21/2013,Wine Delivery,-29.56,CA
72019,4/21/2013,Uber,-2.94,CA
72019,4/22/2013,Starbucks Coffee,-35.78,CA
72019,4/22/2013,Pet Supply - Cat Food,-48.88,CA
72019,4/22/2013,Red Box DVD Rental,-13.03,CA
72019,4/23/2013,Food Delivery - GrubHub,-13.26,CA
72019,4/24/2013,Whole Foods,-28.57,CA
72019,4/24/2013,Public Transportation - Bus Pass,-63.45,CA
72019,4/24/2013,Ralph's Grocery Store,-20.74,CA
72019,4/25/2013,Lyft,-25.03,CA
72019,4/26/2013,Pet Smart,-14.87,CA
72019,4/26/2013,Restaurant - Burgers,-36.53,CA
72019,4/26/2013,Red Box DVD Rental,-38.84,CA
72019,4/27/2013,Public Transportation - Bus Pass,-35.82,CA
72019,4/27/2013,Restaurant - Burgers,-25.09,CA
72019,4/28/2013,Taxi,-32.94,CA
72019,4/28/2013,Restaurant - Steakhouse,-12.08,CA
72019,4/28/2013,Pet Supply - Cat Food,-12.45,CA
72019,4/29/2013,Pet Supply - Cat Food,-2.34,CA
72019,4/29/2013,Restaurant - Pizza,-36.11,CA
72019,4/29/2013,Restaurant - Pizza,-27.86,CA
72019,4/29/2013,Uber,-6.5,CA
72019,4/29/2013,Public Transportation - Train Pass,-28.85,CA
72019,4/29/2013,Pet Supply - Cat Food,-19.13,CA
72019,4/29/2013,On Demand Movie,-34.18,CA
72019,4/30/2013,Pet Supply - Cat Food,-21.51,CA
72019,4/30/2013,Starbucks Coffee,-20.18,CA
72019,4/30/2013,Red Box DVD Rental,-27.58,CA
72019,4/30/2013,Pet Supply - Cat Food,-16.91,CA
72019,5/2/2013,Paycheck,2915,CA
72019,5/2/2013,Housing Rent,-727,CA
72019,5/2/2013,Credit Card Payment,-154,CA
72019,5/2/2013,Restaurant - Burgers,-5.3,CA
72019,5/2/2013,Wine Delivery,-41.25,CA
72019,5/2/2013,Wine Delivery,-32.57,CA
72019,5/2/2013,Public Transportation - Train Pass,-32.3,CA
72019,5/2/2013,Ralph's Grocery Store,-35.38,CA
72019,5/2/2013,Housing Rent - Late Fee,-15,CA
72019,5/2/2013,Pet Smart,-85.01,CA
72019,5/2/2013,Wine Delivery,-13.32,CA
72019,5/2/2013,Restaurant - Steakhouse,-14.58,CA
72019,5/2/2013,Public Transportation - Train Pass,-43.44,CA
72019,5/2/2013,Credit Card Overdraft Fee,-15.59,CA
72019,5/2/2013,Lyft,-34.27,CA
72019,5/3/2013,Bank Fee - Negative Balance,-32.79,CA
72019,5/3/2013,Podcast Subscription,-11.85,CA
72019,5/4/2013,Uber,-0.37,CA
72019,5/4/2013,Restaurant - Steakhouse,-9.27,CA
72019,5/4/2013,Pet Smart,-22.96,CA
72019,5/5/2013,Credit Card Overdraft Fee,-11.91,CA
72019,5/5/2013,Podcast Subscription,-34.02,CA
72019,5/6/2013,On Demand Movie,-17.68,CA
72019,5/7/2013,Taxi,-5.19,CA
72019,5/7/2013,Podcast Subscription,-22.36,CA
72019,5/7/2013,Pet Smart,-81.19,CA
72019,5/7/2013,Public Transportation - Bus Pass,-113.16,CA
72019,5/8/2013,Pet Smart,-39.94,CA
72019,5/8/2013,Uber,-24.99,CA
72019,5/9/2013,Food Delivery - Uber Eats,-11.02,CA
72019,5/10/2013,Taxi,-32.05,CA
72019,5/10/2013,PlayStation Membership,-27.57,CA
72019,5/11/2013,Wine Delivery,-11.91,CA
72019,5/12/2013,Bank Fee - Negative Balance,-0.74,CA
72019,5/12/2013,Housing Rent - Late Fee,-9.35,CA
72019,5/13/2013,Food Delivery - GrubHub,-38.35,CA
72019,5/14/2013,Food Delivery - GrubHub,-30.56,CA
72019,5/14/2013,Public Transportation - Train Pass,-9.83,CA
72019,5/15/2013,Taxi,-32.22,CA
72019,5/16/2013,Food Delivery - GrubHub,-15.48,CA
72019,5/16/2013,Pet Smart,-8.15,CA
72019,5/17/2013,Pet Supply - Cat Food,-5.92,CA
72019,5/17/2013,Wine Delivery,-5.52,CA
72019,5/18/2013,PlayStation Membership,-16.17,CA
72019,5/18/2013,Water & Sewer - Late Payment Penalty,-20.08,CA
72019,5/19/2013,Housing Rent - Late Fee,-36.34,CA
72019,5/19/2013,Food Delivery - Uber Eats,-118.37,CA
72019,5/20/2013,Taxi,-1.2,CA
72019,5/20/2013,On Demand TV,-6.57,CA
72019,5/21/2013,On Demand Movie,-5.79,CA
72019,5/21/2013,Uber,-71.36,CA
72019,5/21/2013,Lyft,-80.36,CA
72019,5/22/2013,Podcast Subscription,-12.24,CA
72019,5/23/2013,Public Transportation - Bus Pass,-31.71,CA
72019,5/24/2013,Food Delivery - Uber Eats,-65.6,CA
72019,5/24/2013,Food Delivery - Uber Eats,-19.2,CA
72019,5/25/2013,Red Box DVD Rental,-7.7,CA
72019,5/25/2013,Sprouts Market,-11.84,CA
72019,5/26/2013,On Demand TV,-62.72,CA
72019,5/26/2013,Taxi,-22.97,CA
72019,5/26/2013,Pet Supply - Cat Food,-17.87,CA
72019,5/27/2013,Uber,-15.17,CA
72019,5/28/2013,Food Delivery - GrubHub,-2.74,CA
72019,5/28/2013,Pet Supply - Cat Food,-20.76,CA
72019,5/28/2013,Pet Smart,-32.86,CA
72019,5/29/2013,On Demand TV,-17.84,CA
72019,5/30/2013,Pet Supply - Cat Food,-4.44,CA
72019,6/2/2013,Paycheck,2915,CA
72019,6/2/2013,Housing Rent,-745,CA
72019,6/2/2013,Credit Card Payment,-154,CA
72019,6/2/2013,Credit Card Overdraft Fee,-96.75,CA
72019,6/2/2013,Food Delivery - GrubHub,-2.99,CA
72019,6/2/2013,Food Delivery - Uber Eats,-7.47,CA
72019,6/3/2013,Von's Groceries,-30.1,CA
72019,6/3/2013,On Demand Movie,-20.21,CA
72019,6/3/2013,Restaurant - Chinese,-17.74,CA
72019,6/3/2013,Red Box DVD Rental,-30.79,CA
72019,6/3/2013,Food Delivery - GrubHub,-20.09,CA
72019,6/3/2013,Pet Supply - Cat Food,-6.58,CA
72019,6/3/2013,Pet Supply - Cat Food,-96.01,CA
72019,6/3/2013,Pet Smart,-5.01,CA
72019,6/3/2013,Ralph's Grocery Store,-19.48,CA
72019,6/3/2013,Pet Smart,-35.61,CA
72019,6/3/2013,Red Box DVD Rental,-36.07,CA
72019,6/3/2013,Public Transportation - Train Pass,-24.49,CA
72019,6/4/2013,Wine Delivery,-19.77,CA
72019,6/5/2013,On Demand Movie,-7.98,CA
72019,6/5/2013,PlayStation Membership,-28.31,CA
72019,6/5/2013,Restaurant - Steakhouse,-26.13,CA
72019,6/5/2013,Credit Card Overdraft Fee,-17.25,CA
72019,6/5/2013,Food Delivery - Uber Eats,-29,CA
72019,6/5/2013,Wine Delivery,-36.41,CA
72019,6/5/2013,Red Box DVD Rental,-34.92,CA
72019,6/5/2013,On Demand TV,-27.89,CA
72019,6/5/2013,Podcast Subscription,-0.82,CA
72019,6/6/2013,Podcast Subscription,-70.5,CA
72019,6/6/2013,Starbucks Coffee,-36.94,CA
72019,6/7/2013,Public Transportation - Train Pass,-39.48,CA
72019,6/7/2013,Housing Rent - Late Fee,-17.1,CA
72019,6/7/2013,Food Delivery - GrubHub,-13.29,CA
72019,6/8/2013,Bank Fee - Negative Balance,-24.61,CA
72019,6/8/2013,Pet Smart,-5.91,CA
72019,6/9/2013,On Demand Movie,-4.92,CA
72019,6/10/2013,Uber,-17.03,CA
72019,6/10/2013,Podcast Subscription,-36.47,CA
72019,6/11/2013,Sprouts Market,-13.26,CA
72019,6/11/2013,Food Delivery - Uber Eats,-22.22,CA
72019,6/11/2013,Podcast Subscription,-116.19,CA
72019,6/12/2013,Uber,-0.35,CA
72019,6/12/2013,Public Transportation - Bus Pass,-12.66,CA
72019,6/13/2013,Lyft,-30.4,CA
72019,6/14/2013,On Demand Movie,-27.2,CA
72019,6/14/2013,Ralph's Grocery Store,-3.03,CA
72019,6/14/2013,On Demand Movie,-52.43,CA
72019,6/15/2013,Restaurant - Steakhouse,-13.89,CA
72019,6/16/2013,Pet Smart,-33.62,CA
72019,6/16/2013,Food Delivery - Uber Eats,-30.85,CA
72019,6/17/2013,On Demand Movie,-54.36,CA
72019,6/17/2013,Food Delivery - Uber Eats,-66.31,CA
72019,6/18/2013,Restaurant - Steakhouse,-4.29,CA
72019,6/19/2013,Restaurant - Steakhouse,-30.38,CA
72019,6/19/2013,Pet Supply - Cat Food,-5.61,CA
72019,6/19/2013,Wine Delivery,-30.03,CA
72019,6/19/2013,Podcast Subscription,-1.52,CA
72019,6/19/2013,Starbucks Coffee,-8.37,CA
72019,6/19/2013,PlayStation Membership,-25,CA
72019,6/19/2013,Taxi,-93.25,CA
72019,6/19/2013,On Demand TV,-71.39,CA
72019,6/19/2013,Whole Foods,-12.15,CA
72019,6/19/2013,Red Box DVD Rental,-32.86,CA
72019,6/20/2013,Restaurant - Chinese,-1.46,CA
72019,6/21/2013,Public Transportation - Train Pass,-81.04,CA
72019,6/21/2013,Lyft,-24.13,CA
72019,6/21/2013,Food Delivery - Uber Eats,-22.05,CA
72019,6/21/2013,Bank Fee - Negative Balance,-13.16,CA
72019,6/22/2013,Ralph's Grocery Store,-25.69,CA
72019,6/23/2013,Sprouts Market,-30.26,CA
72019,6/23/2013,Pet Smart,-88.44,CA
72019,6/23/2013,Podcast Subscription,-31.12,CA
72019,6/23/2013,Restaurant - Chinese,-15.04,CA
72019,6/24/2013,Public Transportation - Train Pass,-25.67,CA
72019,6/24/2013,Podcast Subscription,-81.41,CA
72019,6/24/2013,Pet Smart,-55.31,CA
72019,6/24/2013,Restaurant - Chinese,-10.1,CA
72019,6/24/2013,PlayStation Membership,-0.76,CA
72019,6/24/2013,Starbucks Coffee,-16.27,CA
72019,6/25/2013,Food Delivery - Uber Eats,-12.36,CA
72019,6/25/2013,On Demand TV,-3.94,CA
72019,6/26/2013,Public Transportation - Train Pass,-101.52,CA
72019,6/26/2013,Podcast Subscription,-42.65,CA
72019,6/26/2013,Public Transportation - Train Pass,-19.23,CA
72019,6/26/2013,Uber,-52.37,CA
72019,6/26/2013,Podcast Subscription,-18.66,CA
72019,6/26/2013,Red Box DVD Rental,-22.18,CA
72019,6/27/2013,Pet Supply - Cat Food,-8.98,CA
72019,6/27/2013,Taxi,-113.43,CA
72019,6/27/2013,Pet Supply - Cat Food,-14.94,CA
72019,6/27/2013,Lyft,-20.3,CA
72019,6/27/2013,On Demand Movie,-0.5,CA
72019,6/27/2013,PlayStation Membership,-33.79,CA
72019,6/28/2013,PlayStation Membership,-7.86,CA
72019,6/28/2013,Wine Delivery,-37.57,CA
72019,6/29/2013,PlayStation Membership,-8.46,CA
72019,6/29/2013,PlayStation Membership,-2.22,CA
72019,6/29/2013,Food Delivery - Uber Eats,-16.26,CA
72019,6/29/2013,On Demand Movie,-22.53,CA
72019,6/29/2013,Wine Delivery,-15.86,CA
72019,6/29/2013,Pet Supply - Cat Food,-12.01,CA
72019,6/29/2013,PlayStation Membership,-68.08,CA
72019,6/30/2013,On Demand Movie,-21.34,CA
72019,6/30/2013,Food Delivery - Uber Eats,-15.41,CA
72019,6/30/2013,Red Box DVD Rental,-109.21,CA
72019,7/2/2013,Housing Rent,-775,CA
72019,7/2/2013,Credit Card Payment,-154,CA
72019,7/2/2013,PlayStation Membership,-33.8,CA
72019,7/2/2013,Pet Supply - Cat Food,-102.3,CA
72019,7/2/2013,Starbucks Coffee,-3.68,CA
72019,7/3/2013,Taxi,-30.31,CA
72019,7/4/2013,Food Delivery - Uber Eats,-18.52,CA
72019,7/4/2013,Pet Supply - Cat Food,-38.21,CA
72019,7/5/2013,Red Box DVD Rental,-14.88,CA
72019,7/5/2013,Pet Supply - Cat Food,-30.68,CA
72019,7/6/2013,Uber,-80.48,CA
72019,7/7/2013,On Demand Movie,-53.88,CA
72019,7/8/2013,Food Delivery - GrubHub,-9.12,CA
72019,7/8/2013,Pet Supply - Cat Food,-33.05,CA
72019,7/8/2013,On Demand Movie,-19.33,CA
72019,7/8/2013,On Demand Movie,-35.38,CA
72019,7/8/2013,Red Box DVD Rental,-90.66,CA
72019,7/8/2013,Restaurant - Burgers,-14.78,CA
72019,7/8/2013,Lyft,-19.32,CA
72019,7/8/2013,Red Box DVD Rental,-10.86,CA
72019,7/9/2013,PlayStation Membership,-10.35,CA
72019,7/10/2013,Ralph's Grocery Store,-55.86,CA
72019,7/10/2013,Restaurant - Pizza,-24.16,CA
72019,7/11/2013,Public Transportation - Train Pass,-15.49,CA
72019,7/11/2013,Food Delivery - GrubHub,-21.79,CA
72019,7/11/2013,Pet Supply - Cat Food,-37.46,CA
72019,7/11/2013,Red Box DVD Rental,-33.02,CA
72019,7/11/2013,Uber,-62.8,CA
72019,7/12/2013,Pet Smart,-102.91,CA
72019,7/12/2013,Red Box DVD Rental,-14.32,CA
72019,7/13/2013,Podcast Subscription,-14.13,CA
72019,7/13/2013,Food Delivery - Uber Eats,-9.28,CA
72019,7/14/2013,On Demand TV,-20.89,CA
72019,7/14/2013,Taxi,-5.33,CA
72019,7/14/2013,Taxi,-83.91,CA
72019,7/15/2013,PlayStation Membership,-19.48,CA
72019,7/15/2013,Credit Card Overdraft Fee,-30.43,CA
72019,7/16/2013,Uber,-33.56,CA
72019,7/16/2013,Credit Card Overdraft Fee,-31.36,CA
72019,7/17/2013,Restaurant - Chinese,-21.15,CA
72019,7/17/2013,Uber,-10.67,CA
72019,7/17/2013,Podcast Subscription,-105.76,CA
72019,7/18/2013,Ralph's Grocery Store,-21.92,CA
72019,7/18/2013,On Demand TV,-36.19,CA
72019,7/19/2013,Bank Fee - Negative Balance,-14.49,CA
72019,7/19/2013,On Demand TV,-16.42,CA
72019,7/20/2013,Restaurant - Steakhouse,-25.03,CA
72019,7/20/2013,Public Transportation - Train Pass,-6.74,CA
72019,7/20/2013,Pet Supply - Cat Food,-23.11,CA
72019,7/21/2013,Pet Supply - Cat Food,-3.33,CA
72019,7/21/2013,Public Transportation - Bus Pass,-47.57,CA
72019,7/21/2013,Pet Supply - Cat Food,-32.56,CA
72019,7/21/2013,Red Box DVD Rental,-30.18,CA
72019,7/21/2013,Whole Foods,-0.8,CA
72019,7/21/2013,Red Box DVD Rental,-104.91,CA
72019,7/21/2013,Food Delivery - GrubHub,-94.86,CA
72019,7/22/2013,Food Delivery - Uber Eats,-8.93,CA
72019,7/22/2013,Taxi,-6.73,CA
72019,7/22/2013,Starbucks Coffee,-11.68,CA
72019,7/23/2013,On Demand TV,-20.98,CA
72019,7/24/2013,Food Delivery - GrubHub,-82.19,CA
72019,7/25/2013,Lyft,-104.5,CA
72019,7/25/2013,Taxi,-2.66,CA
72019,7/26/2013,Pet Supply - Cat Food,-30.57,CA
72019,7/27/2013,Whole Foods,-4.94,CA
72019,7/27/2013,Public Transportation - Train Pass,-23.66,CA
72019,7/28/2013,Sprouts Market,-101.28,CA
72019,7/28/2013,PlayStation Membership,-10.31,CA
72019,7/28/2013,Public Transportation - Train Pass,-24.03,CA
72019,7/28/2013,Uber,-2.81,CA
72019,7/29/2013,Pet Supply - Cat Food,-26.97,CA
72019,7/29/2013,PlayStation Membership,-1.97,CA
72019,7/29/2013,Starbucks Coffee,-11.11,CA
72019,7/29/2013,Podcast Subscription,-16.43,CA
72019,7/29/2013,Food Delivery - GrubHub,-18.05,CA
72019,7/30/2013,Podcast Subscription,-100.2,CA
72019,8/2/2013,Housing Rent,-711,CA
72019,8/2/2013,Credit Card Payment,-154,CA
72019,8/2/2013,On Demand TV,-9.46,CA
72019,8/3/2013,Food Delivery - GrubHub,-27.68,CA
72019,8/3/2013,Food Delivery - GrubHub,-4.46,CA
72019,8/3/2013,Starbucks Coffee,-8.44,CA
72019,8/3/2013,PlayStation Membership,-61.76,CA
72019,8/4/2013,PlayStation Membership,-35.59,CA
72019,8/5/2013,Pet Supply - Cat Food,-34.44,CA
72019,8/5/2013,Time Warne Cable - Late Payment Fee,-33.1,CA
72019,8/6/2013,Restaurant - Pizza,-17.04,CA
72019,8/7/2013,Food Delivery - GrubHub,-22.99,CA
72019,8/7/2013,Von's Groceries,-11.08,CA
72019,8/7/2013,Public Transportation - Bus Pass,-19.34,CA
72019,8/7/2013,Pet Smart,-2.75,CA
72019,8/7/2013,Credit Card Overdraft Fee,-10.85,CA
72019,8/7/2013,On Demand Movie,-18.08,CA
72019,8/8/2013,On Demand TV,-36.34,CA
72019,8/8/2013,Housing Rent - Late Fee,-17.55,CA
72019,8/8/2013,Wine Delivery,-19.56,CA
72019,8/8/2013,Public Transportation - Train Pass,-27.64,CA
72019,8/8/2013,PlayStation Membership,-27.93,CA
72019,8/8/2013,Pet Supply - Cat Food,-53.48,CA
72019,8/8/2013,Food Delivery - Uber Eats,-100.07,CA
72019,8/8/2013,Pet Smart,-12.59,CA
72019,8/8/2013,On Demand TV,-111.56,CA
72019,8/8/2013,Food Delivery - Uber Eats,-32.93,CA
72019,8/8/2013,Lyft,-19.27,CA
72019,8/8/2013,On Demand TV,-34.72,CA
72019,8/8/2013,Food Delivery - Uber Eats,-16.11,CA
72019,8/8/2013,On Demand TV,-11.02,CA
72019,8/9/2013,Time Warne Cable - Late Payment Fee,-2.83,CA
72019,8/10/2013,On Demand Movie,-117.82,CA
72019,8/10/2013,Red Box DVD Rental,-8.44,CA
72019,8/10/2013,Restaurant - Steakhouse,-7.21,CA
72019,8/10/2013,PlayStation Membership,-19.24,CA
72019,8/11/2013,Pet Supply - Cat Food,-18.17,CA
72019,8/11/2013,Podcast Subscription,-60.77,CA
72019,8/11/2013,Pet Supply - Cat Food,-7.81,CA
72019,8/11/2013,Red Box DVD Rental,-5.01,CA
72019,8/12/2013,Wine Delivery,-84.02,CA
72019,8/13/2013,Pet Smart,-3.29,CA
72019,8/14/2013,Pet Smart,-28.49,CA
72019,8/14/2013,On Demand Movie,-24.1,CA
72019,8/14/2013,Public Transportation - Train Pass,-38.69,CA
72019,8/14/2013,Red Box DVD Rental,-31.13,CA
72019,8/14/2013,Lyft,-23.94,CA
72019,8/14/2013,Food Delivery - GrubHub,-10.55,CA
72019,8/14/2013,On Demand Movie,-27.04,CA
72019,8/14/2013,Housing Rent - Late Fee,-0.44,CA
72019,8/15/2013,Food Delivery - GrubHub,-21.26,CA
72019,8/16/2013,Lyft,-22.77,CA
72019,8/16/2013,Red Box DVD Rental,-78.31,CA
72019,8/16/2013,Taxi,-92.21,CA
72019,8/16/2013,Taxi,-4.54,CA
72019,8/16/2013,Food Delivery - GrubHub,-15.62,CA
72019,8/16/2013,On Demand Movie,-20.95,CA
72019,8/16/2013,Food Delivery - Uber Eats,-24.22,CA
72019,8/17/2013,Pet Smart,-10.22,CA
72019,8/17/2013,On Demand Movie,-12.46,CA
72019,8/18/2013,Wine Delivery,-53.48,CA
72019,8/18/2013,Starbucks Coffee,-10.31,CA
72019,8/19/2013,Restaurant - Burgers,-7.64,CA
72019,8/19/2013,PlayStation Membership,-33.63,CA
72019,8/19/2013,Restaurant - Steakhouse,-11.57,CA
72019,8/19/2013,Food Delivery - Uber Eats,-35.2,CA
72019,8/19/2013,Ralph's Grocery Store,-14.31,CA
72019,8/19/2013,Public Transportation - Train Pass,-68.12,CA
72019,8/19/2013,Food Delivery - Uber Eats,-34.48,CA
72019,8/19/2013,Pet Supply - Cat Food,-25.68,CA
72019,8/19/2013,Von's Groceries,-63.26,CA
72019,8/19/2013,Restaurant - Steakhouse,-27.33,CA
72019,8/20/2013,Whole Foods,-32.36,CA
72019,8/21/2013,PlayStation Membership,-13.26,CA
72019,8/22/2013,Restaurant - Chinese,-91.8,CA
72019,8/23/2013,Restaurant - Chinese,-73.04,CA
72019,8/23/2013,Von's Groceries,-32.64,CA
72019,8/23/2013,On Demand TV,-14.1,CA
72019,8/23/2013,Taxi,-24.39,CA
72019,8/23/2013,Housing Rent - Late Fee,-37.82,CA
72019,8/24/2013,Taxi,-20.3,CA
72019,8/24/2013,Food Delivery - GrubHub,-9.92,CA
72019,8/24/2013,Uber,-5.08,CA
72019,8/24/2013,Ralph's Grocery Store,-35.78,CA
72019,8/24/2013,Food Delivery - GrubHub,-9.67,CA
72019,8/25/2013,Food Delivery - GrubHub,-23.03,CA
72019,8/25/2013,Pet Smart,-34.26,CA
72019,8/25/2013,Public Transportation - Train Pass,-6.54,CA
72019,8/26/2013,PlayStation Membership,-6.97,CA
72019,8/26/2013,On Demand TV,-11.14,CA
72019,8/26/2013,On Demand Movie,-57.06,CA
72019,8/27/2013,PlayStation Membership,-28.85,CA
72019,8/27/2013,Restaurant - Pizza,-6.11,CA
72019,8/28/2013,Red Box DVD Rental,-8.65,CA
72019,8/28/2013,Uber,-25.71,CA
72019,8/29/2013,Red Box DVD Rental,-68.58,CA
72019,8/29/2013,On Demand Movie,-30.73,CA
72019,8/29/2013,On Demand TV,-0.4,CA
72019,8/29/2013,Ralph's Grocery Store,-25.19,CA
72019,8/29/2013,Public Transportation - Train Pass,-0.91,CA
72019,8/29/2013,Wine Delivery,-32.36,CA
72019,8/29/2013,Bank Fee - Negative Balance,-26.72,CA
72019,8/29/2013,Credit Card Overdraft Fee,-24.93,CA
72019,8/30/2013,Pet Supply - Cat Food,-10.87,CA
72019,9/2/2013,Housing Rent,-1332,CA
72019,9/2/2013,Credit Card Payment,-154,CA
72019,9/2/2013,Food Delivery - GrubHub,-5.23,CA
72019,9/2/2013,Food Delivery - GrubHub,-25.82,CA
72019,9/2/2013,Taxi,-28.86,CA
72019,9/2/2013,Pet Supply - Cat Food,-8.28,CA
72019,9/2/2013,Taxi,-88.21,CA
72019,9/2/2013,Lyft,-12.44,CA
72019,9/3/2013,On Demand Movie,-13.17,CA
72019,9/3/2013,Public Transportation - Bus Pass,-78.49,CA
72019,9/3/2013,PlayStation Membership,-13.72,CA
72019,9/3/2013,Uber,-6.96,CA
72019,9/4/2013,PlayStation Membership,-14.01,CA
72019,9/4/2013,Taxi,-34.39,CA
72019,9/4/2013,Food Delivery - GrubHub,-29.36,CA
72019,9/5/2013,Food Delivery - GrubHub,-20.79,CA
72019,9/5/2013,Taxi,-28.82,CA
72019,9/5/2013,Restaurant - Steakhouse,-30.61,CA
72019,9/6/2013,Food Delivery - GrubHub,-64.07,CA
72019,9/6/2013,Restaurant - Burgers,-17.6,CA
72019,9/6/2013,Taxi,-23.06,CA
72019,9/7/2013,On Demand TV,-4.95,CA
72019,9/7/2013,Taxi,-41.37,CA
72019,9/7/2013,Public Transportation - Train Pass,-2.16,CA
72019,9/7/2013,Public Transportation - Bus Pass,-27.41,CA
72019,9/7/2013,Uber,-88.46,CA
72019,9/7/2013,Taxi,-8.26,CA
72019,9/7/2013,Lyft,-34.12,CA
72019,9/7/2013,Ralph's Grocery Store,-32.77,CA
72019,9/7/2013,Taxi,-32.93,CA
72019,9/8/2013,Restaurant - Burgers,-20.65,CA
72019,9/8/2013,Uber,-3.48,CA
72019,9/9/2013,Pet Supply - Cat Food,-89.3,CA
72019,9/10/2013,Wine Delivery,-89.41,CA
72019,9/11/2013,Uber,-100.06,CA
72019,9/11/2013,Restaurant - Steakhouse,-18.75,CA
72019,9/11/2013,Pet Smart,-4.03,CA
72019,9/12/2013,Taxi,-75.16,CA
72019,9/12/2013,Uber,-39.89,CA
72019,9/13/2013,Taxi,-26.88,CA
72019,9/13/2013,Restaurant - Pizza,-0.16,CA
72019,9/13/2013,Wine Delivery,-22.28,CA
72019,9/13/2013,Uber,-13.08,CA
72019,9/14/2013,Public Transportation - Train Pass,-38.08,CA
72019,9/15/2013,Housing Rent - Late Fee,-2.62,CA
72019,9/15/2013,Food Delivery - Uber Eats,-27.29,CA
72019,9/15/2013,Time Warne Cable - Late Payment Fee,-30.89,CA
72019,9/16/2013,Food Delivery - Uber Eats,-88.31,CA
72019,9/17/2013,On Demand Movie,-15.67,CA
72019,9/17/2013,Von's Groceries,-29.3,CA
72019,9/17/2013,Wine Delivery,-87.06,CA
72019,9/17/2013,Uber,-16.62,CA
72019,9/17/2013,Housing Rent - Late Fee,-22.97,CA
72019,9/17/2013,Credit Card Overdraft Fee,-22.62,CA
72019,9/17/2013,Starbucks Coffee,-32.95,CA
72019,9/18/2013,Uber,-17.36,CA
72019,9/18/2013,Red Box DVD Rental,-10.95,CA
72019,9/18/2013,Whole Foods,-89.34,CA
72019,9/18/2013,Food Delivery - Uber Eats,-14.9,CA
72019,9/18/2013,Public Transportation - Train Pass,-68.01,CA
72019,9/19/2013,Red Box DVD Rental,-53.18,CA
72019,9/19/2013,On Demand Movie,-77.5,CA
72019,9/19/2013,Taxi,-25.27,CA
72019,9/19/2013,Lyft,-119.04,CA
72019,9/19/2013,Food Delivery - Uber Eats,-69.17,CA
72019,9/19/2013,Restaurant - Steakhouse,-13.22,CA
72019,9/19/2013,Uber,-8.96,CA
72019,9/19/2013,On Demand Movie,-23.72,CA
72019,9/20/2013,Food Delivery - GrubHub,-27.36,CA
72019,9/21/2013,Red Box DVD Rental,-19.94,CA
72019,9/21/2013,Pet Supply - Cat Food,-26.83,CA
72019,9/21/2013,Public Transportation - Bus Pass,-38.85,CA
72019,9/21/2013,Public Transportation - Train Pass,-27.68,CA
72019,9/21/2013,Starbucks Coffee,-95.78,CA
72019,9/21/2013,On Demand TV,-34.55,CA
72019,9/21/2013,Wine Delivery,-29.63,CA
72019,9/21/2013,On Demand TV,-98.32,CA
72019,9/22/2013,Public Transportation - Bus Pass,-33.33,CA
72019,9/22/2013,PlayStation Membership,-109.38,CA
72019,9/23/2013,Red Box DVD Rental,-6.35,CA
72019,9/23/2013,Red Box DVD Rental,-36.25,CA
72019,9/23/2013,Podcast Subscription,-105.64,CA
72019,9/24/2013,Wine Delivery,-7.48,CA
72019,9/25/2013,PlayStation Membership,-48.02,CA
72019,9/25/2013,Public Transportation - Bus Pass,-4.28,CA
72019,9/26/2013,Food Delivery - Uber Eats,-21.07,CA
72019,9/27/2013,Lyft,-30.37,CA
72019,9/28/2013,Public Transportation - Bus Pass,-9.48,CA
72019,9/29/2013,Pet Supply - Cat Food,-29.7,CA
72019,9/29/2013,Red Box DVD Rental,-34.98,CA
72019,9/29/2013,Restaurant - Burgers,-17.93,CA
72019,9/29/2013,Wine Delivery,-9.54,CA
72019,9/29/2013,Food Delivery - GrubHub,-22.55,CA
72019,9/29/2013,Credit Card Overdraft Fee,-61.21,CA
72019,9/29/2013,PlayStation Membership,-21.99,CA
72019,9/29/2013,Public Transportation - Bus Pass,-39.62,CA
72019,9/29/2013,On Demand TV,-16.07,CA
72019,9/30/2013,Public Transportation - Bus Pass,-11.55,CA
72019,10/2/2013,Housing Rent,-1175,CA
72019,10/2/2013,Credit Card Payment,-154,CA
72019,10/2/2013,On Demand Movie,-30.04,CA
72019,10/2/2013,Uber,-18.24,CA
72019,10/2/2013,Public Transportation - Bus Pass,-102.01,CA
72019,10/2/2013,On Demand Movie,-34.3,CA
72019,10/2/2013,Credit Card Overdraft Fee,-32.95,CA
72019,10/2/2013,Lyft,-31.46,CA
72019,10/3/2013,Restaurant - Chinese,-13.98,CA
72019,10/4/2013,Food Delivery - GrubHub,-11.92,CA
72019,10/4/2013,Public Transportation - Bus Pass,-68.37,CA
72019,10/5/2013,Food Delivery - Uber Eats,-31.37,CA
72019,10/5/2013,Red Box DVD Rental,-9.71,CA
72019,10/5/2013,Podcast Subscription,-2.15,CA
72019,10/5/2013,Uber,-2.37,CA
72019,10/6/2013,Public Transportation - Train Pass,-4.04,CA
72019,10/6/2013,Restaurant - Chinese,-26.33,CA
72019,10/7/2013,Von's Groceries,-86.94,CA
72019,10/7/2013,Ralph's Grocery Store,-18.39,CA
72019,10/8/2013,Pet Smart,-12.12,CA
72019,10/8/2013,Pet Supply - Cat Food,-2.21,CA
72019,10/8/2013,Wine Delivery,-2.06,CA
72019,10/8/2013,Restaurant - Burgers,-39.81,CA
72019,10/8/2013,On Demand Movie,-7.86,CA
72019,10/8/2013,Wine Delivery,-8.49,CA
72019,10/8/2013,Podcast Subscription,-7.35,CA
72019,10/8/2013,Restaurant - Chinese,-29.15,CA
72019,10/8/2013,Food Delivery - GrubHub,-7.47,CA
72019,10/8/2013,Podcast Subscription,-25.17,CA
72019,10/8/2013,Food Delivery - Uber Eats,-101.22,CA
72019,10/8/2013,Food Delivery - GrubHub,-12.87,CA
72019,10/9/2013,Taxi,-22.39,CA
72019,10/10/2013,Taxi,-22.54,CA
72019,10/10/2013,Public Transportation - Train Pass,-37.76,CA
72019,10/10/2013,PlayStation Membership,-106.46,CA
72019,10/10/2013,Ralph's Grocery Store,-24.98,CA
72019,10/10/2013,Wine Delivery,-21.27,CA
72019,10/10/2013,Food Delivery - Uber Eats,-1.09,CA
72019,10/10/2013,Restaurant - Chinese,-21.18,CA
72019,10/11/2013,Podcast Subscription,-1,CA
72019,10/11/2013,PlayStation Membership,-3.51,CA
72019,10/11/2013,Red Box DVD Rental,-2.15,CA
72019,10/12/2013,Public Transportation - Train Pass,-26.84,CA
72019,10/13/2013,Taxi,-10.65,CA
72019,10/13/2013,Housing Rent - Late Fee,-17.29,CA
72019,10/13/2013,Restaurant - Chinese,-2.4,CA
72019,10/14/2013,On Demand TV,-17.3,CA
72019,10/14/2013,Podcast Subscription,-13.51,CA
72019,10/14/2013,Red Box DVD Rental,-8.89,CA
72019,10/14/2013,Water & Sewer - Late Payment Penalty,-9.89,CA
72019,10/14/2013,Pet Smart,-27.55,CA
72019,10/15/2013,Food Delivery - Uber Eats,-20.12,CA
72019,10/15/2013,Housing Rent - Late Fee,-50.8,CA
72019,10/16/2013,Pet Supply - Cat Food,-73.39,CA
72019,10/16/2013,Von's Groceries,-23.53,CA
72019,10/16/2013,Pet Supply - Cat Food,-17.14,CA
72019,10/16/2013,Food Delivery - GrubHub,-15.49,CA
72019,10/16/2013,Restaurant - Chinese,-9.57,CA
72019,10/16/2013,Pet Smart,-29.35,CA
72019,10/16/2013,Restaurant - Steakhouse,-4.48,CA
72019,10/16/2013,On Demand Movie,-10.02,CA
72019,10/16/2013,Food Delivery - Uber Eats,-91.58,CA
72019,10/16/2013,Restaurant - Chinese,-0.65,CA
72019,10/16/2013,Public Transportation - Bus Pass,-9.81,CA
72019,10/16/2013,Restaurant - Steakhouse,-32.58,CA
72019,10/16/2013,Red Box DVD Rental,-85.89,CA
72019,10/16/2013,Red Box DVD Rental,-7.19,CA
72019,10/17/2013,Food Delivery - GrubHub,-29.85,CA
72019,10/17/2013,Uber,-8.41,CA
72019,10/17/2013,Wine Delivery,-75.53,CA
72019,10/18/2013,On Demand Movie,-27.2,CA
72019,10/18/2013,Taxi,-29.91,CA
72019,10/19/2013,Restaurant - Chinese,-36.6,CA
72019,10/19/2013,Restaurant - Steakhouse,-2.42,CA
72019,10/19/2013,Credit Card Overdraft Fee,-28.92,CA
72019,10/20/2013,Public Transportation - Train Pass,-29.22,CA
72019,10/21/2013,Food Delivery - Uber Eats,-17.85,CA
72019,10/22/2013,On Demand Movie,-15.21,CA
72019,10/22/2013,Food Delivery - GrubHub,-30.54,CA
72019,10/23/2013,Uber,-26.18,CA
72019,10/23/2013,On Demand Movie,-28.03,CA
72019,10/24/2013,Lyft,-35.2,CA
72019,10/24/2013,Pet Smart,-26.11,CA
72019,10/24/2013,Food Delivery - GrubHub,-26.38,CA
72019,10/24/2013,Red Box DVD Rental,-4.53,CA
72019,10/24/2013,Von's Groceries,-22.65,CA
72019,10/25/2013,Public Transportation - Bus Pass,-25.84,CA
72019,10/25/2013,Housing Rent - Late Fee,-5.01,CA
72019,10/25/2013,Food Delivery - Uber Eats,-13.78,CA
72019,10/26/2013,Public Transportation - Bus Pass,-17.62,CA
72019,10/26/2013,Red Box DVD Rental,-38.79,CA
72019,10/26/2013,Food Delivery - GrubHub,-18.31,CA
72019,10/26/2013,PlayStation Membership,-22.58,CA
72019,10/27/2013,Restaurant - Burgers,-63.71,CA
72019,10/28/2013,Public Transportation - Train Pass,-22.97,CA
72019,10/29/2013,Uber,-86.14,CA
72019,10/30/2013,Pet Supply - Cat Food,-26.95,CA
72019,10/30/2013,Podcast Subscription,-2.84,CA
72019,11/2/2013,Housing Rent,-740,CA
72019,11/2/2013,Credit Card Payment,-154,CA
72019,11/2/2013,Red Box DVD Rental,-21.94,CA
72019,11/3/2013,Food Delivery - GrubHub,-29.04,CA
72019,11/3/2013,Wine Delivery,-22.11,CA
72019,11/3/2013,Von's Groceries,-5.42,CA
72019,11/4/2013,Uber,-9.19,CA
72019,11/4/2013,Food Delivery - GrubHub,-25.47,CA
72019,11/4/2013,PlayStation Membership,-2.16,CA
72019,11/5/2013,Restaurant - Chinese,-12.4,CA
72019,11/5/2013,Pet Supply - Cat Food,-38.25,CA
72019,11/5/2013,Uber,-12.08,CA
72019,11/5/2013,Whole Foods,-23.97,CA
72019,11/5/2013,Ralph's Grocery Store,-35.45,CA
72019,11/5/2013,On Demand TV,-4.81,CA
72019,11/6/2013,PlayStation Membership,-25.35,CA
72019,11/6/2013,Restaurant - Pizza,-12.63,CA
72019,11/6/2013,PlayStation Membership,-35.07,CA
72019,11/7/2013,Food Delivery - GrubHub,-4.36,CA
72019,11/7/2013,PlayStation Membership,-102.82,CA
72019,11/8/2013,Food Delivery - GrubHub,-73.72,CA
72019,11/9/2013,Pet Supply - Cat Food,-3.08,CA
72019,11/9/2013,Restaurant - Chinese,-10.03,CA
72019,11/10/2013,Food Delivery - Uber Eats,-118.03,CA
72019,11/10/2013,Public Transportation - Bus Pass,-5.76,CA
72019,11/10/2013,Red Box DVD Rental,-34.61,CA
72019,11/11/2013,Restaurant - Chinese,-38.2,CA
72019,11/11/2013,Public Transportation - Bus Pass,-9.75,CA
72019,11/11/2013,Uber,-29.73,CA
72019,11/11/2013,Uber,-28.22,CA
72019,11/11/2013,Lyft,-14.2,CA
72019,11/12/2013,PlayStation Membership,-30.92,CA
72019,11/12/2013,Red Box DVD Rental,-7.65,CA
72019,11/12/2013,Food Delivery - GrubHub,-109.42,CA
72019,11/13/2013,PlayStation Membership,-20.65,CA
72019,11/13/2013,Food Delivery - Uber Eats,-52.68,CA
72019,11/14/2013,PlayStation Membership,-118.36,CA
72019,11/14/2013,Public Transportation - Train Pass,-49.6,CA
72019,11/14/2013,Food Delivery - Uber Eats,-28.06,CA
72019,11/15/2013,Restaurant - Burgers,-118.09,CA
72019,11/15/2013,On Demand Movie,-5.4,CA
72019,11/15/2013,Credit Card Overdraft Fee,-34.42,CA
72019,11/15/2013,Bank Fee - Negative Balance,-20.22,CA
72019,11/15/2013,PlayStation Membership,-1.57,CA
72019,11/15/2013,Public Transportation - Train Pass,-24.17,CA
72019,11/15/2013,Pet Smart,-13.33,CA
72019,11/16/2013,Restaurant - Pizza,-71.98,CA
72019,11/16/2013,Food Delivery - Uber Eats,-2.37,CA
72019,11/16/2013,Uber,-93.91,CA
72019,11/16/2013,Restaurant - Burgers,-36.56,CA
72019,11/17/2013,Food Delivery - GrubHub,-23.38,CA
72019,11/17/2013,Pet Smart,-6.26,CA
72019,11/17/2013,Taxi,-79.8,CA
72019,11/17/2013,Uber,-94.19,CA
72019,11/18/2013,Pet Smart,-2.36,CA
72019,11/18/2013,Wine Delivery,-1.32,CA
72019,11/18/2013,Restaurant - Pizza,-16.91,CA
72019,11/18/2013,Food Delivery - GrubHub,-13.24,CA
72019,11/18/2013,Podcast Subscription,-30.33,CA
72019,11/18/2013,Time Warne Cable - Late Payment Fee,-17.88,CA
72019,11/18/2013,Food Delivery - Uber Eats,-10.88,CA
72019,11/18/2013,Podcast Subscription,-1,CA
72019,11/19/2013,Restaurant - Steakhouse,-23.53,CA
72019,11/20/2013,Ralph's Grocery Store,-56.01,CA
72019,11/20/2013,Red Box DVD Rental,-22.56,CA
72019,11/20/2013,PlayStation Membership,-20.99,CA
72019,11/20/2013,Red Box DVD Rental,-20.56,CA
72019,11/20/2013,Lyft,-25.73,CA
72019,11/21/2013,Food Delivery - GrubHub,-37.25,CA
72019,11/21/2013,On Demand Movie,-29.42,CA
72019,11/22/2013,Red Box DVD Rental,-11.74,CA
72019,11/22/2013,On Demand TV,-30.72,CA
72019,11/22/2013,Public Transportation - Train Pass,-25.73,CA
72019,11/22/2013,Lyft,-103.18,CA
72019,11/22/2013,Wine Delivery,-117.45,CA
72019,11/22/2013,Wine Delivery,-96.27,CA
72019,11/22/2013,Water & Sewer - Late Payment Penalty,-26.81,CA
72019,11/23/2013,Public Transportation - Train Pass,-17.15,CA
72019,11/23/2013,On Demand Movie,-7.96,CA
72019,11/23/2013,Lyft,-3.64,CA
72019,11/24/2013,Von's Groceries,-17.06,CA
72019,11/24/2013,Pet Smart,-29.4,CA
72019,11/24/2013,On Demand Movie,-17.91,CA
72019,11/24/2013,Taxi,-3.24,CA
72019,11/25/2013,Starbucks Coffee,-1.92,CA
72019,11/25/2013,Public Transportation - Bus Pass,-13.82,CA
72019,11/25/2013,Restaurant - Pizza,-39.32,CA
72019,11/25/2013,Sprouts Market,-9.98,CA
72019,11/25/2013,Water & Sewer - Late Payment Penalty,-19.87,CA
72019,11/25/2013,Public Transportation - Bus Pass,-96.1,CA
72019,11/25/2013,Podcast Subscription,-14.35,CA
72019,11/26/2013,Food Delivery - GrubHub,-19.94,CA
72019,11/27/2013,Food Delivery - Uber Eats,-33.62,CA
72019,11/27/2013,Lyft,-0.68,CA
72019,11/27/2013,Pet Smart,-26.28,CA
72019,11/27/2013,Pet Supply - Cat Food,-20.05,CA
72019,11/27/2013,Food Delivery - GrubHub,-21.3,CA
72019,11/27/2013,Uber,-5.36,CA
72019,11/28/2013,Public Transportation - Train Pass,-30.67,CA
72019,11/29/2013,Food Delivery - GrubHub,-27.39,CA
72019,11/30/2013,Ralph's Grocery Store,-20.34,CA
72019,11/30/2013,Whole Foods,-32.73,CA
72019,12/2/2013,Housing Rent,-908,CA
72019,12/2/2013,Credit Card Payment,-154,CA
72019,12/2/2013,Wine Delivery,-24.71,CA
72019,12/3/2013,Taxi,-13.92,CA
72019,12/4/2013,Wine Delivery,-17.96,CA
72019,12/4/2013,Uber,-2.76,CA
72019,12/4/2013,On Demand TV,-26.25,CA
72019,12/4/2013,Food Delivery - GrubHub,-87.67,CA
72019,12/4/2013,Red Box DVD Rental,-21.07,CA
72019,12/5/2013,Public Transportation - Train Pass,-27.22,CA
72019,12/5/2013,Public Transportation - Bus Pass,-1.32,CA
72019,12/6/2013,Restaurant - Chinese,-34.47,CA
72019,12/6/2013,Podcast Subscription,-10.13,CA
72019,12/6/2013,Lyft,-13.78,CA
72019,12/6/2013,Red Box DVD Rental,-17.25,CA
72019,12/7/2013,Uber,-2.23,CA
72019,12/7/2013,PlayStation Membership,-82.03,CA
72019,12/7/2013,Uber,-84.79,CA
72019,12/7/2013,Credit Card Overdraft Fee,-1.7,CA
72019,12/7/2013,Pet Smart,-37.73,CA
72019,12/8/2013,Restaurant - Steakhouse,-14.1,CA
72019,12/8/2013,Podcast Subscription,-4.68,CA
72019,12/9/2013,Pet Supply - Cat Food,-4.79,CA
72019,12/9/2013,Pet Smart,-31.36,CA
72019,12/9/2013,Whole Foods,-8.21,CA
72019,12/9/2013,Restaurant - Pizza,-32.7,CA
72019,12/10/2013,Lyft,-95.57,CA
72019,12/11/2013,Taxi,-14.14,CA
72019,12/12/2013,Red Box DVD Rental,-57.15,CA
72019,12/13/2013,Sprouts Market,-97.85,CA
72019,12/13/2013,Restaurant - Steakhouse,-23.05,CA
72019,12/14/2013,Public Transportation - Bus Pass,-19.17,CA
72019,12/14/2013,Restaurant - Chinese,-31.04,CA
72019,12/15/2013,Public Transportation - Train Pass,-109.22,CA
72019,12/16/2013,On Demand TV,-31.86,CA
72019,12/16/2013,Food Delivery - GrubHub,-23.61,CA
72019,12/16/2013,On Demand Movie,-16.95,CA
72019,12/16/2013,Lyft,-26.93,CA
72019,12/17/2013,Public Transportation - Bus Pass,-4.82,CA
72019,12/17/2013,Red Box DVD Rental,-30.22,CA
72019,12/18/2013,On Demand Movie,-6.7,CA
72019,12/18/2013,Food Delivery - GrubHub,-10.24,CA
72019,12/18/2013,Restaurant - Chinese,-52,CA
72019,12/19/2013,Pet Supply - Cat Food,-11.57,CA
72019,12/19/2013,Public Transportation - Bus Pass,-24.02,CA
72019,12/19/2013,Public Transportation - Bus Pass,-2.58,CA
72019,12/19/2013,On Demand Movie,-30.14,CA
72019,12/19/2013,Public Transportation - Train Pass,-38.87,CA
72019,12/19/2013,Ralph's Grocery Store,-13.56,CA
72019,12/19/2013,Food Delivery - Uber Eats,-4.27,CA
72019,12/20/2013,Public Transportation - Train Pass,-25.86,CA
72019,12/20/2013,Public Transportation - Bus Pass,-76.57,CA
72019,12/20/2013,Restaurant - Steakhouse,-10.68,CA
72019,12/20/2013,Red Box DVD Rental,-36.87,CA
72019,12/20/2013,On Demand Movie,-85.39,CA
72019,12/20/2013,PlayStation Membership,-26.19,CA
72019,12/20/2013,PlayStation Membership,-39.03,CA
72019,12/20/2013,Credit Card Overdraft Fee,-24.93,CA
72019,12/20/2013,Red Box DVD Rental,-21.91,CA
72019,12/21/2013,Red Box DVD Rental,-31.95,CA
72019,12/22/2013,Wine Delivery,-38.7,CA
72019,12/23/2013,Wine Delivery,-3.62,CA
72019,12/23/2013,Podcast Subscription,-105.28,CA
72019,12/23/2013,Lyft,-101.41,CA
72019,12/24/2013,Red Box DVD Rental,-26.85,CA
72019,12/25/2013,Von's Groceries,-18.76,CA
72019,12/25/2013,PlayStation Membership,-11.55,CA
72019,12/25/2013,Food Delivery - GrubHub,-2.73,CA
72019,12/25/2013,On Demand TV,-19.51,CA
72019,12/26/2013,Restaurant - Pizza,-18.52,CA
72019,12/27/2013,Taxi,-33.73,CA
72019,12/28/2013,Pet Smart,-2.52,CA
72019,12/28/2013,Bank Fee - Negative Balance,-9.34,CA
72019,12/28/2013,Uber,-35.44,CA
72019,12/29/2013,Food Delivery - GrubHub,-22.88,CA
72019,12/29/2013,Whole Foods,-26.28,CA
72019,12/29/2013,Von's Groceries,-14.7,CA
72019,12/29/2013,Uber,-22.85,CA
72019,12/30/2013,Ralph's Grocery Store,-13.83,CA
72019,12/30/2013,Uber,-36.73,CA
72019,12/30/2013,Pet Smart,-55.55,CA
72019,12/30/2013,Public Transportation - Bus Pass,-26.82,CA
72019,12/32/2013,Pet Supply - Cat Food,-18.88,CA
72019,12/32/2013,Food Delivery - Uber Eats,-19.73,CA
72019,1/2/2014,Uber,-35.73,CA
72019,1/2/2014,On Demand TV,-29.56,CA
72019,1/2/2014,Food Delivery - Uber Eats,-49.3,CA
72019,1/2/2014,Public Transportation - Train Pass,-9.63,CA
72019,1/3/2014,Restaurant - Pizza,-29.15,CA
72019,1/4/2014,Taxi,-60.24,CA
72019,1/5/2014,Whole Foods,-4.24,CA
72019,1/5/2014,Uber,-69.45,CA
72019,1/6/2014,Public Transportation - Bus Pass,-29.8,CA
72019,1/6/2014,PlayStation Membership,-30.03,CA
72019,1/6/2014,Whole Foods,-13.37,CA
72019,1/6/2014,Pet Smart,-12.36,CA
72019,1/6/2014,Food Delivery - GrubHub,-27.18,CA
72019,1/6/2014,Public Transportation - Train Pass,-35.42,CA
72019,1/6/2014,Uber,-38.48,CA
72019,1/6/2014,Von's Groceries,-2.04,CA
72019,1/6/2014,Credit Card Overdraft Fee,-11.43,CA
72019,1/7/2014,Housing Rent - Late Fee,-24.97,CA
72019,1/8/2014,Podcast Subscription,-32.36,CA
72019,1/8/2014,Public Transportation - Bus Pass,-118.01,CA
72019,1/8/2014,Ralph's Grocery Store,-12.52,CA
72019,1/8/2014,Pet Supply - Cat Food,-70.17,CA
72019,1/8/2014,Public Transportation - Bus Pass,-37.26,CA
72019,1/8/2014,Whole Foods,-17.45,CA
72019,1/9/2014,Public Transportation - Train Pass,-18.04,CA
72019,1/10/2014,Pet Smart,-33.95,CA
72019,1/10/2014,Podcast Subscription,-38.87,CA
72019,1/10/2014,Starbucks Coffee,-8.01,CA
72019,1/10/2014,Public Transportation - Bus Pass,-89.28,CA
72019,1/10/2014,Uber,-39.41,CA
72019,1/10/2014,Starbucks Coffee,-31.98,CA
72019,1/10/2014,Pet Supply - Cat Food,-69.92,CA
72019,1/11/2014,Podcast Subscription,-4.45,CA
72019,1/11/2014,Starbucks Coffee,-16.34,CA
72019,1/12/2014,Public Transportation - Train Pass,-25.54,CA
72019,1/13/2014,Public Transportation - Train Pass,-4.81,CA
72019,1/14/2014,Wine Delivery,-105.18,CA
72019,1/14/2014,Taxi,-34.76,CA
72019,1/15/2014,Pet Smart,-1.57,CA
72019,1/16/2014,Uber,-9.82,CA
72019,1/17/2014,Starbucks Coffee,-21.09,CA
72019,1/17/2014,Red Box DVD Rental,-16.77,CA
72019,1/17/2014,Wine Delivery,-6.14,CA
72019,1/18/2014,Pet Smart,-30.36,CA
72019,1/19/2014,Podcast Subscription,-31.97,CA
72019,1/20/2014,On Demand TV,-17.68,CA
72019,1/20/2014,Food Delivery - GrubHub,-3.54,CA
72019,1/20/2014,Red Box DVD Rental,-36.46,CA
72019,1/20/2014,Pet Smart,-39.49,CA
72019,1/20/2014,Wine Delivery,-38.66,CA
72019,1/20/2014,Pet Supply - Cat Food,-30.45,CA
72019,1/20/2014,Food Delivery - Uber Eats,-58.6,CA
72019,1/20/2014,Food Delivery - Uber Eats,-38.63,CA
72019,1/20/2014,On Demand TV,-9.83,CA
72019,1/20/2014,Food Delivery - Uber Eats,-27.42,CA
72019,1/20/2014,Wine Delivery,-23.55,CA
72019,1/21/2014,Public Transportation - Train Pass,-23.39,CA
72019,1/21/2014,On Demand Movie,-20.84,CA
72019,1/21/2014,Wine Delivery,-22.13,CA
72019,1/22/2014,Food Delivery - GrubHub,-24.38,CA
72019,1/23/2014,Public Transportation - Train Pass,-16.92,CA
72019,1/23/2014,Wine Delivery,-6.25,CA
72019,1/23/2014,Podcast Subscription,-10.56,CA
72019,1/23/2014,Water & Sewer - Late Payment Penalty,-98.49,CA
72019,1/23/2014,Red Box DVD Rental,-52.16,CA
72019,1/23/2014,Whole Foods,-3.61,CA
72019,1/24/2014,Podcast Subscription,-11.22,CA
72019,1/24/2014,Food Delivery - GrubHub,-10.61,CA
72019,1/25/2014,Podcast Subscription,-25.76,CA
72019,1/25/2014,PlayStation Membership,-39.24,CA
72019,1/26/2014,Pet Smart,-2.76,CA
72019,1/27/2014,Pet Smart,-8.77,CA
72019,1/28/2014,Food Delivery - Uber Eats,-69.72,CA
72019,1/29/2014,PlayStation Membership,-19.79,CA
72019,1/29/2014,Uber,-10.27,CA
72019,1/29/2014,Starbucks Coffee,-30.25,CA
72019,1/29/2014,Pet Smart,-8.11,CA
72019,1/29/2014,Public Transportation - Train Pass,-114.91,CA
72019,1/30/2014,Podcast Subscription,-8.46,CA
72019,1/30/2014,Public Transportation - Bus Pass,-83.08,CA
72019,1/30/2014,Wine Delivery,-21.33,CA
72019,3/2/2014,Housing Rent,-1379,CA
72019,3/2/2014,Credit Card Payment,-154,CA
72019,3/2/2014,Von's Groceries,-71.08,CA
72019,3/2/2014,Food Delivery - GrubHub,-27.44,CA
72019,3/3/2014,Lyft,-30.79,CA
72019,3/3/2014,On Demand TV,-8.62,CA
72019,3/3/2014,Whole Foods,-21.71,CA
72019,3/3/2014,Pet Supply - Cat Food,-13.55,CA
72019,3/3/2014,On Demand Movie,-25.12,CA
72019,3/4/2014,Wine Delivery,-26.31,CA
72019,3/4/2014,Food Delivery - Uber Eats,-39.3,CA
72019,3/4/2014,Taxi,-93.06,CA
72019,3/4/2014,Pet Supply - Cat Food,-2.2,CA
72019,3/4/2014,Restaurant - Chinese,-20.76,CA
72019,3/5/2014,Restaurant - Burgers,-4.11,CA
72019,3/5/2014,Podcast Subscription,-5.13,CA
72019,3/6/2014,Public Transportation - Bus Pass,-27.27,CA
72019,3/6/2014,Wine Delivery,-19.61,CA
72019,3/6/2014,On Demand Movie,-25.93,CA
72019,3/6/2014,Uber,-77.52,CA
72019,3/6/2014,Lyft,-11.41,CA
72019,3/6/2014,On Demand Movie,-27.9,CA
72019,3/6/2014,PlayStation Membership,-25.15,CA
72019,3/6/2014,Starbucks Coffee,-89.49,CA
72019,3/7/2014,On Demand TV,-24.76,CA
72019,3/7/2014,Food Delivery - Uber Eats,-12.2,CA
72019,3/7/2014,Whole Foods,-6.58,CA
72019,3/7/2014,Lyft,-20.97,CA
72019,3/8/2014,Public Transportation - Bus Pass,-1.73,CA
72019,3/8/2014,Public Transportation - Train Pass,-31.58,CA
72019,3/8/2014,On Demand TV,-35.45,CA
72019,3/9/2014,Food Delivery - Uber Eats,-52.77,CA
72019,3/10/2014,Lyft,-85.09,CA
72019,3/10/2014,Von's Groceries,-11.85,CA
72019,3/10/2014,Uber,-56.36,CA
72019,3/10/2014,Whole Foods,-94.78,CA
72019,3/10/2014,Pet Smart,-69.33,CA
72019,3/10/2014,PlayStation Membership,-53.22,CA
72019,3/11/2014,Public Transportation - Bus Pass,-6.08,CA
72019,3/12/2014,Starbucks Coffee,-1.86,CA
72019,3/12/2014,Water & Sewer - Late Payment Penalty,-16.1,CA
72019,3/12/2014,On Demand TV,-0.94,CA
72019,3/12/2014,Food Delivery - Uber Eats,-3.87,CA
72019,3/12/2014,Pet Supply - Cat Food,-10.4,CA
72019,3/12/2014,On Demand TV,-82.8,CA
72019,3/12/2014,Water & Sewer - Late Payment Penalty,-36.03,CA
72019,3/12/2014,Restaurant - Chinese,-14.23,CA
72019,3/12/2014,Podcast Subscription,-19.81,CA
72019,3/13/2014,Taxi,-29.61,CA
72019,3/13/2014,On Demand TV,-10.83,CA
72019,3/14/2014,Starbucks Coffee,-32.64,CA
72019,3/14/2014,Taxi,-1.41,CA
72019,3/14/2014,Von's Groceries,-27.21,CA
72019,3/15/2014,On Demand Movie,-90.66,CA
72019,3/15/2014,Pet Supply - Cat Food,-27.82,CA
72019,3/15/2014,Red Box DVD Rental,-28.21,CA
72019,3/15/2014,Pet Supply - Cat Food,-3.12,CA
72019,3/15/2014,Uber,-22.19,CA
72019,3/15/2014,PlayStation Membership,-91.12,CA
72019,3/15/2014,Pet Smart,-26.87,CA
72019,3/15/2014,Food Delivery - GrubHub,-16.85,CA
72019,3/15/2014,Wine Delivery,-71.72,CA
72019,3/15/2014,Time Warne Cable - Late Payment Fee,-99.06,CA
72019,3/16/2014,Pet Smart,-39.56,CA
72019,3/16/2014,Pet Smart,-31.43,CA
72019,3/16/2014,Food Delivery - GrubHub,-17.46,CA
72019,3/16/2014,Food Delivery - GrubHub,-22.44,CA
72019,3/16/2014,Public Transportation - Bus Pass,-26.98,CA
72019,3/16/2014,Restaurant - Steakhouse,-39.08,CA
72019,3/17/2014,Podcast Subscription,-25.17,CA
72019,3/17/2014,Amazon Order - Baby Crib,-98.08,CA
72019,3/17/2014,Hospital - Prenatal Care,-15.19,CA
72019,3/17/2014,Babies "R" Us,-31.74,CA
72019,3/17/2014,BuyBuyBaby.com,-18.95,CA
72019,3/17/2014,On Demand TV,-1.22,CA
72019,3/17/2014,Food Delivery - GrubHub,-18.92,CA
72019,3/17/2014,Lyft,-3.92,CA
72019,3/18/2014,Public Transportation - Bus Pass,-19.52,CA
72019,3/18/2014,Sprouts Market,-36.17,CA
72019,3/18/2014,Red Box DVD Rental,-12.2,CA
72019,3/18/2014,Uber,-26.31,CA
72019,3/18/2014,Public Transportation - Train Pass,-38.1,CA
72019,3/19/2014,Food Delivery - Uber Eats,-38.09,CA
72019,3/20/2014,Taxi,-19.1,CA
72019,3/20/2014,Pet Smart,-41.2,CA
72019,3/21/2014,Von's Groceries,-23.58,CA
72019,3/22/2014,Taxi,-38.61,CA
72019,3/22/2014,Pet Supply - Cat Food,-1.12,CA
72019,3/22/2014,On Demand Movie,-35.24,CA
72019,3/22/2014,Wine Delivery,-36.74,CA
72019,3/23/2014,Whole Foods,-5.59,CA
72019,3/23/2014,On Demand Movie,-16.12,CA
72019,3/23/2014,Podcast Subscription,-20.73,CA
72019,3/23/2014,On Demand Movie,-13.96,CA
72019,3/23/2014,Restaurant - Steakhouse,-15.62,CA
72019,3/23/2014,Wine Delivery,-17,CA
72019,3/23/2014,Food Delivery - GrubHub,-93.7,CA
72019,3/24/2014,On Demand Movie,-31.82,CA
72019,3/25/2014,Taxi,-31.34,CA
72019,3/25/2014,Public Transportation - Bus Pass,-12.06,CA
72019,3/25/2014,Food Delivery - GrubHub,-15.01,CA
72019,3/26/2014,Restaurant - Burgers,-16.69,CA
72019,3/26/2014,Red Box DVD Rental,-55.24,CA
72019,3/27/2014,PlayStation Membership,-32.25,CA
72019,3/27/2014,On Demand Movie,-11,CA
72019,3/27/2014,Wine Delivery,-1.72,CA
72019,3/27/2014,On Demand Movie,-19.86,CA
72019,3/27/2014,Wine Delivery,-24.28,CA
72019,3/28/2014,Food Delivery - Uber Eats,-49.63,CA
72019,3/29/2014,Food Delivery - GrubHub,-5.95,CA
72019,3/30/2014,Uber,-27.02,CA
72019,4/2/2014,Housing Rent,-969,CA
72019,4/2/2014,Credit Card Payment,-154,CA
72019,4/2/2014,Restaurant - Pizza,-13.04,CA
72019,4/3/2014,Food Delivery - Uber Eats,-32.85,CA
72019,4/3/2014,Pet Smart,-19.88,CA
72019,4/3/2014,On Demand TV,-10.22,CA
72019,4/4/2014,PlayStation Membership,-62.78,CA
72019,4/5/2014,Von's Groceries,-27.26,CA
72019,4/5/2014,On Demand Movie,-18.41,CA
72019,4/6/2014,On Demand TV,-21.39,CA
72019,4/6/2014,Sprouts Market,-31.82,CA
72019,4/7/2014,Public Transportation - Bus Pass,-13.73,CA
72019,4/8/2014,Pet Supply - Cat Food,-30.86,CA
72019,4/8/2014,On Demand Movie,-40.32,CA
72019,4/8/2014,Ralph's Grocery Store,-107.2,CA
72019,4/8/2014,Public Transportation - Bus Pass,-13.57,CA
72019,4/8/2014,Restaurant - Pizza,-62.71,CA
72019,4/8/2014,Whole Foods,-38.98,CA
72019,4/9/2014,Bank Fee - Negative Balance,-18.67,CA
72019,4/9/2014,Podcast Subscription,-28.79,CA
72019,4/10/2014,Food Delivery - GrubHub,-18.98,CA
72019,4/10/2014,Water & Sewer - Late Payment Penalty,-38.72,CA
72019,4/10/2014,Public Transportation - Train Pass,-23.1,CA
72019,4/11/2014,Podcast Subscription,-14.4,CA
72019,4/11/2014,Pet Smart,-32.98,CA
72019,4/11/2014,Von's Groceries,-28.06,CA
72019,4/12/2014,Von's Groceries,-8.64,CA
72019,4/12/2014,Wine Delivery,-99.02,CA
72019,4/12/2014,Public Transportation - Train Pass,-22.46,CA
72019,4/12/2014,Taxi,-16.96,CA
72019,4/12/2014,Podcast Subscription,-5.92,CA
72019,4/13/2014,Von's Groceries,-27.32,CA
72019,4/14/2014,On Demand Movie,-10.09,CA
72019,4/14/2014,Pet Smart,-14.44,CA
72019,4/15/2014,Food Delivery - GrubHub,-31.86,CA
72019,4/16/2014,On Demand Movie,-2.45,CA
72019,4/16/2014,Taxi,-112.54,CA
72019,4/16/2014,Uber,-11.54,CA
72019,4/16/2014,Lyft,-39.89,CA
72019,4/16/2014,Ralph's Grocery Store,-19.09,CA
72019,4/16/2014,Ralph's Grocery Store,-93.89,CA
72019,4/16/2014,Pet Supply - Cat Food,-118.1,CA
72019,4/17/2014,Red Box DVD Rental,-18.16,CA
72019,4/18/2014,Public Transportation - Train Pass,-40.45,CA
72019,4/18/2014,Red Box DVD Rental,-25.92,CA
72019,4/19/2014,Food Delivery - GrubHub,-28.43,CA
72019,4/19/2014,Red Box DVD Rental,-12.54,CA
72019,4/19/2014,Time Warne Cable - Late Payment Fee,-11.73,CA
72019,4/19/2014,Pet Smart,-3.77,CA
72019,4/19/2014,PlayStation Membership,-18.72,CA
72019,4/19/2014,Uber,-1.28,CA
72019,4/20/2014,Red Box DVD Rental,-34.14,CA
72019,4/20/2014,PlayStation Membership,-0.88,CA
72019,4/20/2014,Wine Delivery,-28.41,CA
72019,4/21/2014,On Demand TV,-23.32,CA
72019,4/22/2014,Housing Rent - Late Fee,-32.45,CA
72019,4/22/2014,Wine Delivery,-18.44,CA
72019,4/22/2014,Podcast Subscription,-50.61,CA
72019,4/22/2014,On Demand Movie,-15.38,CA
72019,4/23/2014,Pet Smart,-7.41,CA
72019,4/23/2014,Restaurant - Chinese,-106.89,CA
72019,4/23/2014,Food Delivery - GrubHub,-15.34,CA
72019,4/23/2014,Wine Delivery,-37.53,CA
72019,4/24/2014,PlayStation Membership,-30.95,CA
72019,4/25/2014,PlayStation Membership,-24.09,CA
72019,4/25/2014,Pet Supply - Cat Food,-71.86,CA
72019,4/25/2014,Podcast Subscription,-2.39,CA
72019,4/25/2014,Pet Supply - Cat Food,-34.68,CA
72019,4/26/2014,PlayStation Membership,-14.29,CA
72019,4/26/2014,Whole Foods,-27.36,CA
72019,4/27/2014,PlayStation Membership,-83.95,CA
72019,4/27/2014,On Demand TV,-26.21,CA
72019,4/27/2014,Starbucks Coffee,-12.92,CA
72019,4/27/2014,Taxi,-33.85,CA
72019,4/27/2014,PlayStation Membership,-0.86,CA
72019,4/27/2014,On Demand TV,-49.94,CA
72019,4/27/2014,Food Delivery - Uber Eats,-33.36,CA
72019,4/28/2014,Public Transportation - Bus Pass,-39.34,CA
72019,4/28/2014,Public Transportation - Train Pass,-80.17,CA
72019,4/28/2014,Starbucks Coffee,-17.28,CA
72019,4/28/2014,Pet Smart,-30.21,CA
72019,4/28/2014,Starbucks Coffee,-23.1,CA
72019,4/29/2014,Public Transportation - Train Pass,-35.79,CA
72019,4/30/2014,Lyft,-17.54,CA
72019,4/30/2014,Red Box DVD Rental,-68.61,CA
72019,5/2/2014,Housing Rent,-1206,CA
72019,5/2/2014,Credit Card Payment,-154,CA
72019,5/2/2014,Whole Foods,-36.4,CA
72019,5/2/2014,Food Delivery - Uber Eats,-110.28,CA
72019,5/2/2014,Lyft,-107,CA
72019,5/2/2014,Uber,-21.2,CA
72019,5/3/2014,On Demand TV,-21.12,CA
72019,5/3/2014,Pet Smart,-10.11,CA
72019,5/3/2014,Podcast Subscription,-37.88,CA
72019,5/3/2014,Pet Smart,-20.19,CA
72019,5/3/2014,Restaurant - Chinese,-48.37,CA
72019,5/3/2014,Pet Smart,-22.11,CA
72019,5/3/2014,Taxi,-23.6,CA
72019,5/3/2014,On Demand TV,-10.87,CA
72019,5/3/2014,Wine Delivery,-35.52,CA
72019,5/3/2014,Uber,-31.04,CA
72019,5/3/2014,On Demand TV,-17.1,CA
72019,5/4/2014,Food Delivery - GrubHub,-0.91,CA
72019,5/4/2014,Public Transportation - Bus Pass,-31.58,CA
72019,5/4/2014,Food Delivery - Uber Eats,-105.27,CA
72019,5/4/2014,Podcast Subscription,-9.86,CA
72019,5/4/2014,On Demand TV,-79.1,CA
72019,5/4/2014,Public Transportation - Train Pass,-26.7,CA
72019,5/5/2014,Wine Delivery,-13.31,CA
72019,5/5/2014,On Demand Movie,-2.04,CA
72019,5/5/2014,Public Transportation - Bus Pass,-33.88,CA
72019,5/5/2014,Podcast Subscription,-2.61,CA
72019,5/5/2014,Pet Supply - Cat Food,-2.89,CA
72019,5/5/2014,Von's Groceries,-5.59,CA
72019,5/5/2014,On Demand Movie,-10.7,CA
72019,5/6/2014,Podcast Subscription,-10.2,CA
72019,5/6/2014,PlayStation Membership,-109.48,CA
72019,5/7/2014,PlayStation Membership,-27.62,CA
72019,5/7/2014,Wine Delivery,-17.38,CA
72019,5/7/2014,Lyft,-3.49,CA
72019,5/7/2014,Pet Smart,-27.24,CA
72019,5/8/2014,Uber,-7.64,CA
72019,5/8/2014,Restaurant - Burgers,-38.82,CA
72019,5/8/2014,PlayStation Membership,-22.07,CA
72019,5/8/2014,Food Delivery - Uber Eats,-12.26,CA
72019,5/8/2014,PlayStation Membership,-60.4,CA
72019,5/8/2014,Taxi,-32.44,CA
72019,5/8/2014,On Demand Movie,-2.65,CA
72019,5/8/2014,Food Delivery - Uber Eats,-32.94,CA
72019,5/8/2014,Pet Supply - Cat Food,-39.82,CA
72019,5/8/2014,Food Delivery - Uber Eats,-33.91,CA
72019,5/9/2014,Food Delivery - GrubHub,-19.02,CA
72019,5/9/2014,Public Transportation - Bus Pass,-21.37,CA
72019,5/9/2014,Wine Delivery,-33.87,CA
72019,5/9/2014,Restaurant - Chinese,-13.46,CA
72019,5/9/2014,On Demand Movie,-17.64,CA
72019,5/9/2014,Von's Groceries,-12.48,CA
72019,5/9/2014,Food Delivery - GrubHub,-22.09,CA
72019,5/10/2014,Taxi,-39.15,CA
72019,5/10/2014,Lyft,-24.65,CA
72019,5/11/2014,Lyft,-17.48,CA
72019,5/11/2014,Restaurant - Steakhouse,-103.8,CA
72019,5/11/2014,Food Delivery - Uber Eats,-21.86,CA
72019,5/12/2014,Public Transportation - Bus Pass,-6.92,CA
72019,5/12/2014,Taxi,-38.61,CA
72019,5/13/2014,On Demand TV,-43.36,CA
72019,5/13/2014,Von's Groceries,-6.24,CA
72019,5/14/2014,Pet Smart,-14.82,CA
72019,5/15/2014,Food Delivery - Uber Eats,-32.59,CA
72019,5/16/2014,Food Delivery - GrubHub,-27.41,CA
72019,5/17/2014,Food Delivery - GrubHub,-15.04,CA
72019,5/18/2014,Lyft,-24.7,CA
72019,5/18/2014,Restaurant - Pizza,-38.15,CA
72019,5/18/2014,Public Transportation - Train Pass,-12.26,CA
72019,5/19/2014,Taxi,-39.27,CA
72019,5/19/2014,Taxi,-117.8,CA
72019,5/20/2014,Pet Smart,-37.45,CA
72019,5/20/2014,Podcast Subscription,-36.77,CA
72019,5/21/2014,On Demand Movie,-8.23,CA
72019,5/21/2014,Lyft,-35.66,CA
72019,5/22/2014,Food Delivery - GrubHub,-25.58,CA
72019,5/23/2014,Podcast Subscription,-21.93,CA
72019,5/23/2014,Restaurant - Steakhouse,-39.58,CA
72019,5/23/2014,Ralph's Grocery Store,-1.77,CA
72019,5/23/2014,Housing Rent - Late Fee,-91.75,CA
72019,5/24/2014,Restaurant - Pizza,-109.98,CA
72019,5/24/2014,Restaurant - Pizza,-38.04,CA
72019,5/24/2014,On Demand TV,-10.15,CA
72019,5/24/2014,Lyft,-8.88,CA
72019,5/24/2014,Pet Supply - Cat Food,-51.06,CA
72019,5/24/2014,Restaurant - Pizza,-24.81,CA
72019,5/24/2014,Lyft,-5.25,CA
72019,5/24/2014,Uber,-33.03,CA
72019,5/24/2014,Uber,-50.77,CA
72019,5/25/2014,Pet Smart,-15.89,CA
72019,5/25/2014,PlayStation Membership,-9.55,CA
72019,5/25/2014,Uber,-21.34,CA
72019,5/25/2014,On Demand Movie,-19.99,CA
72019,5/25/2014,Wine Delivery,-9.59,CA
72019,5/25/2014,Food Delivery - GrubHub,-35.64,CA
72019,5/25/2014,Public Transportation - Bus Pass,-0.55,CA
72019,5/25/2014,Podcast Subscription,-38.28,CA
72019,5/25/2014,Von's Groceries,-23.42,CA
72019,5/25/2014,PlayStation Membership,-0.06,CA
72019,5/25/2014,PlayStation Membership,-28.43,CA
72019,5/25/2014,On Demand Movie,-14.86,CA
72019,5/26/2014,On Demand Movie,-35.42,CA
72019,5/26/2014,Food Delivery - GrubHub,-12.38,CA
72019,5/26/2014,Podcast Subscription,-18.73,CA
72019,5/26/2014,Housing Rent - Late Fee,-77.24,CA
72019,5/26/2014,Food Delivery - Uber Eats,-12.14,CA
72019,5/26/2014,Starbucks Coffee,-76.83,CA
72019,5/26/2014,Food Delivery - Uber Eats,-38.01,CA
72019,5/27/2014,Podcast Subscription,-8.62,CA
72019,5/28/2014,Wine Delivery,-31.04,CA
72019,5/29/2014,Uber,-1.69,CA
72019,5/29/2014,Wine Delivery,-8.07,CA
72019,5/29/2014,Wine Delivery,-13.23,CA
72019,5/30/2014,PlayStation Membership,-33.18,CA
72019,5/30/2014,On Demand Movie,-31.64,CA
72019,6/2/2014,Housing Rent,-1368,CA
72019,6/2/2014,Credit Card Payment,-154,CA
72019,6/2/2014,Podcast Subscription,-36.79,CA
72019,6/2/2014,Public Transportation - Train Pass,-35.71,CA
72019,6/3/2014,Food Delivery - Uber Eats,-35.22,CA
72019,6/3/2014,Public Transportation - Train Pass,-30.44,CA
72019,6/3/2014,Public Transportation - Bus Pass,-8.63,CA
72019,6/3/2014,Pet Supply - Cat Food,-16.3,CA
72019,6/3/2014,Sprouts Market,-6.74,CA
72019,6/4/2014,Public Transportation - Train Pass,-3.92,CA
72019,6/5/2014,On Demand TV,-93.91,CA
72019,6/6/2014,Uber,-100.8,CA
72019,6/6/2014,Food Delivery - GrubHub,-36.5,CA
72019,6/6/2014,Whole Foods,-19.81,CA
72019,6/6/2014,Uber,-113.06,CA
72019,6/6/2014,PlayStation Membership,-37.52,CA
72019,6/7/2014,Wine Delivery,-5.36,CA
72019,6/7/2014,On Demand TV,-104.04,CA
72019,6/7/2014,Starbucks Coffee,-25.5,CA
72019,6/8/2014,Red Box DVD Rental,-34.27,CA
72019,6/9/2014,Podcast Subscription,-35.88,CA
72019,6/9/2014,PlayStation Membership,-20.41,CA
72019,6/9/2014,Public Transportation - Train Pass,-19.7,CA
72019,6/10/2014,PlayStation Membership,-35.94,CA
72019,6/10/2014,Pet Supply - Cat Food,-8.52,CA
72019,6/10/2014,Food Delivery - Uber Eats,-77.36,CA
72019,6/11/2014,On Demand TV,-39.23,CA
72019,6/11/2014,Taxi,-28.42,CA
72019,6/12/2014,Lyft,-36.95,CA
72019,6/13/2014,Von's Groceries,-26.98,CA
72019,6/13/2014,On Demand Movie,-6.16,CA
72019,6/14/2014,Lyft,-16.43,CA
72019,6/15/2014,Pet Supply - Cat Food,-3.4,CA
72019,6/16/2014,Red Box DVD Rental,-32.1,CA
72019,6/16/2014,Red Box DVD Rental,-22.44,CA
72019,6/16/2014,Taxi,-15.17,CA
72019,6/17/2014,Sprouts Market,-7.4,CA
72019,6/17/2014,Time Warne Cable - Late Payment Fee,-11.09,CA
72019,6/17/2014,Time Warne Cable - Late Payment Fee,-30.26,CA
72019,6/17/2014,Wine Delivery,-5.66,CA
72019,6/17/2014,On Demand Movie,-52.87,CA
72019,6/17/2014,Pet Smart,-11.78,CA
72019,6/17/2014,Food Delivery - GrubHub,-53.85,CA
72019,6/17/2014,Ralph's Grocery Store,-6.55,CA
72019,6/17/2014,On Demand TV,-36.47,CA
72019,6/18/2014,Pet Supply - Cat Food,-25.95,CA
72019,6/18/2014,Von's Groceries,-23.46,CA
72019,6/18/2014,Podcast Subscription,-15.19,CA
72019,6/19/2014,Food Delivery - GrubHub,-60.62,CA
72019,6/20/2014,Whole Foods,-29.93,CA
72019,6/20/2014,Public Transportation - Bus Pass,-4.17,CA
72019,6/20/2014,Taxi,-5.81,CA
72019,6/20/2014,Wine Delivery,-13.04,CA
72019,6/21/2014,Uber,-27.15,CA
72019,6/21/2014,On Demand TV,-10.26,CA
72019,6/21/2014,Pet Smart,-28.27,CA
72019,6/22/2014,PlayStation Membership,-27.14,CA
72019,6/22/2014,Pet Supply - Cat Food,-25.61,CA
72019,6/23/2014,Food Delivery - GrubHub,-25.42,CA
72019,6/24/2014,Lyft,-7.52,CA
72019,6/25/2014,Pet Supply - Cat Food,-9.15,CA
72019,6/25/2014,Uber,-4.78,CA
72019,6/25/2014,Public Transportation - Train Pass,-29.1,CA
72019,6/25/2014,Von's Groceries,-39.56,CA
72019,6/25/2014,Pet Smart,-11.47,CA
72019,6/26/2014,Podcast Subscription,-14.19,CA
72019,6/26/2014,Podcast Subscription,-33.25,CA
72019,6/26/2014,Red Box DVD Rental,-10.76,CA
72019,6/27/2014,Uber,-13.35,CA
72019,6/28/2014,Uber,-101.5,CA
72019,6/29/2014,Food Delivery - Uber Eats,-22.77,CA
72019,6/30/2014,Food Delivery - GrubHub,-112.36,CA
72019,6/30/2014,Housing Rent - Late Fee,-2.79,CA
72019,6/30/2014,Pet Smart,-100.09,CA
72019,6/30/2014,Restaurant - Pizza,-34.21,CA
72019,6/30/2014,On Demand Movie,-2.46,CA
72019,7/2/2014,Housing Rent,-966,CA
72019,7/2/2014,Credit Card Payment,-154,CA
72019,7/2/2014,PlayStation Membership,-31.13,CA
72019,7/2/2014,Uber,-23.66,CA
72019,7/3/2014,Public Transportation - Bus Pass,-8.68,CA
72019,7/3/2014,Restaurant - Pizza,-4.05,CA
72019,7/4/2014,Red Box DVD Rental,-3.18,CA
72019,7/4/2014,Restaurant - Pizza,-19.05,CA
72019,7/4/2014,Von's Groceries,-7.6,CA
72019,7/5/2014,Wine Delivery,-30.83,CA
72019,7/5/2014,Taxi,-10.52,CA
72019,7/5/2014,Pet Supply - Cat Food,-19.37,CA
72019,7/6/2014,Pet Supply - Cat Food,-26.64,CA
72019,7/7/2014,Red Box DVD Rental,-33.2,CA
72019,7/7/2014,Pet Smart,-13.2,CA
72019,7/7/2014,On Demand TV,-67.64,CA
72019,7/7/2014,Whole Foods,-101.03,CA
72019,7/7/2014,On Demand TV,-39.94,CA
72019,7/8/2014,Pet Smart,-38.49,CA
72019,7/9/2014,On Demand TV,-7.36,CA
72019,7/9/2014,Restaurant - Chinese,-28.04,CA
72019,7/9/2014,Red Box DVD Rental,-5.23,CA
72019,7/10/2014,Housing Rent - Late Fee,-93.36,CA
72019,7/10/2014,Pet Smart,-10.23,CA
72019,7/10/2014,Water & Sewer - Late Payment Penalty,-17.38,CA
72019,7/11/2014,Water & Sewer - Late Payment Penalty,-14.35,CA
72019,7/11/2014,Food Delivery - GrubHub,-6.25,CA
72019,7/11/2014,Pet Smart,-11.56,CA
72019,7/11/2014,Public Transportation - Bus Pass,-113.03,CA
72019,7/11/2014,Credit Card Overdraft Fee,-96.75,CA
72019,7/11/2014,Food Delivery - Uber Eats,-19.85,CA
72019,7/11/2014,Bank Fee - Negative Balance,-34.86,CA
72019,7/11/2014,Whole Foods,-22.18,CA
72019,7/11/2014,Lyft,-19.52,CA
72019,7/11/2014,Sprouts Market,-37.98,CA
72019,7/11/2014,Restaurant - Steakhouse,-8.83,CA
72019,7/11/2014,Podcast Subscription,-37.78,CA
72019,7/11/2014,Uber,-14.37,CA
72019,7/11/2014,PlayStation Membership,-24.01,CA
72019,7/12/2014,Wine Delivery,-22.67,CA
72019,7/12/2014,Red Box DVD Rental,-28.41,CA
72019,7/12/2014,PlayStation Membership,-23.66,CA
72019,7/13/2014,Food Delivery - Uber Eats,-97.16,CA
72019,7/13/2014,Sprouts Market,-8.26,CA
72019,7/13/2014,Food Delivery - GrubHub,-27.04,CA
72019,7/13/2014,Pet Smart,-65.6,CA
72019,7/14/2014,On Demand TV,-1.73,CA
72019,7/14/2014,Red Box DVD Rental,-2.26,CA
72019,7/14/2014,PlayStation Membership,-3.86,CA
72019,7/15/2014,Wine Delivery,-8.82,CA
72019,7/16/2014,Pet Smart,-35.77,CA
72019,7/16/2014,Lyft,-8.17,CA
72019,7/16/2014,Food Delivery - Uber Eats,-4.62,CA
72019,7/16/2014,Ralph's Grocery Store,-17.14,CA
72019,7/17/2014,Public Transportation - Bus Pass,-32.61,CA
72019,7/17/2014,Restaurant - Burgers,-13.63,CA
72019,7/17/2014,Ralph's Grocery Store,-28.54,CA
72019,7/17/2014,Taxi,-9.11,CA
72019,7/17/2014,Pet Smart,-0.96,CA
72019,7/17/2014,Food Delivery - GrubHub,-74.16,CA
72019,7/18/2014,Von's Groceries,-36.71,CA
72019,7/18/2014,On Demand Movie,-39.85,CA
72019,7/18/2014,Von's Groceries,-22.38,CA
72019,7/18/2014,Wine Delivery,-34.59,CA
72019,7/18/2014,Whole Foods,-16.81,CA
72019,7/18/2014,On Demand Movie,-27.54,CA
72019,7/18/2014,Ralph's Grocery Store,-30.3,CA
72019,7/19/2014,Uber,-0.59,CA
72019,7/19/2014,Food Delivery - Uber Eats,-17.41,CA
72019,7/19/2014,Restaurant - Chinese,-3.72,CA
72019,7/19/2014,Pet Supply - Cat Food,-6.92,CA
72019,7/19/2014,Pet Supply - Cat Food,-89.03,CA
72019,7/20/2014,PlayStation Membership,-21.27,CA
72019,7/21/2014,Credit Card Overdraft Fee,-29.99,CA
72019,7/21/2014,Restaurant - Chinese,-68.8,CA
72019,7/21/2014,Starbucks Coffee,-7.31,CA
72019,7/21/2014,Taxi,-8.82,CA
72019,7/21/2014,On Demand Movie,-33.2,CA
72019,7/21/2014,Red Box DVD Rental,-3.13,CA
72019,7/21/2014,Wine Delivery,-25.13,CA
72019,7/21/2014,Food Delivery - GrubHub,-0.71,CA
72019,7/21/2014,Taxi,-15.77,CA
72019,7/21/2014,Podcast Subscription,-12.31,CA
72019,7/21/2014,Food Delivery - GrubHub,-25.69,CA
72019,7/21/2014,Red Box DVD Rental,-20.74,CA
72019,7/21/2014,Pet Smart,-31.12,CA
72019,7/21/2014,Lyft,-25.29,CA
72019,7/21/2014,On Demand Movie,-7.82,CA
72019,7/21/2014,Pet Supply - Cat Food,-88.24,CA
72019,7/22/2014,On Demand Movie,-28.14,CA
72019,7/22/2014,Food Delivery - GrubHub,-4.88,CA
72019,7/22/2014,Pet Smart,-2.56,CA
72019,7/22/2014,Public Transportation - Bus Pass,-14.46,CA
72019,7/22/2014,On Demand Movie,-31.96,CA
72019,7/22/2014,PlayStation Membership,-2.39,CA
72019,7/22/2014,Food Delivery - GrubHub,-108.55,CA
72019,7/22/2014,Food Delivery - GrubHub,-16.19,CA
72019,7/22/2014,Food Delivery - GrubHub,-15.07,CA
72019,7/23/2014,Pet Smart,-33.82,CA
72019,7/23/2014,Credit Card Overdraft Fee,-15.65,CA
72019,7/23/2014,Housing Rent - Late Fee,-1.07,CA
72019,7/23/2014,Restaurant - Pizza,-32.98,CA
72019,7/23/2014,Public Transportation - Train Pass,-41.78,CA
72019,7/23/2014,Pet Supply - Cat Food,-34.16,CA
72019,7/23/2014,Whole Foods,-13.18,CA
72019,7/23/2014,Food Delivery - Uber Eats,-17.74,CA
72019,7/23/2014,Food Delivery - Uber Eats,-14.61,CA
72019,7/23/2014,Uber,-28.89,CA
72019,7/23/2014,Pet Smart,-21.93,CA
72019,7/23/2014,Food Delivery - GrubHub,-102.88,CA
72019,7/24/2014,Pet Smart,-10.45,CA
72019,7/24/2014,On Demand Movie,-19.37,CA
72019,7/25/2014,Whole Foods,-39.4,CA
72019,7/25/2014,Uber,-8.49,CA
72019,7/25/2014,Food Delivery - Uber Eats,-38.11,CA
72019,7/25/2014,Water & Sewer - Late Payment Penalty,-30.42,CA
72019,7/25/2014,Food Delivery - Uber Eats,-29.96,CA
72019,7/25/2014,Lyft,-80.63,CA
72019,7/25/2014,Public Transportation - Bus Pass,-9.17,CA
72019,7/26/2014,PlayStation Membership,-98.64,CA
72019,7/26/2014,Pet Supply - Cat Food,-9.76,CA
72019,7/27/2014,Wine Delivery,-26.96,CA
72019,7/28/2014,Taxi,-27.73,CA
72019,7/28/2014,Podcast Subscription,-1.8,CA
72019,7/29/2014,On Demand TV,-38.15,CA
72019,7/29/2014,Public Transportation - Train Pass,-38.04,CA
72019,7/29/2014,Starbucks Coffee,-0.04,CA
72019,7/29/2014,On Demand TV,-25.07,CA
72019,7/29/2014,Uber,-16.7,CA
72019,7/29/2014,Public Transportation - Bus Pass,-87.73,CA
72019,7/30/2014,Pet Smart,-9.7,CA
72019,8/2/2014,Housing Rent,-1021,CA
72019,8/2/2014,Credit Card Payment,-154,CA
72019,8/2/2014,Water & Sewer - Late Payment Penalty,-30.2,CA
72019,8/2/2014,Credit Card Overdraft Fee,-23.19,CA
72019,8/3/2014,Restaurant - Pizza,-5.79,CA
72019,8/3/2014,Restaurant - Pizza,-39.24,CA
72019,8/4/2014,Red Box DVD Rental,-38.59,CA
72019,8/5/2014,Taxi,-2.91,CA
72019,8/6/2014,Pet Smart,-3.08,CA
72019,8/7/2014,Pet Smart,-2.94,CA
72019,8/7/2014,Food Delivery - Uber Eats,-6.56,CA
72019,8/7/2014,Ralph's Grocery Store,-8.58,CA
72019,8/8/2014,Pet Smart,-16.67,CA
72019,8/8/2014,Uber,-26.62,CA
72019,8/8/2014,Pet Supply - Cat Food,-113.82,CA
72019,8/8/2014,Pet Supply - Cat Food,-0.71,CA
72019,8/8/2014,Pet Supply - Cat Food,-21.54,CA
72019,8/9/2014,On Demand TV,-24.47,CA
72019,8/9/2014,Pet Supply - Cat Food,-26.9,CA
72019,8/10/2014,Lyft,-4.42,CA
72019,8/10/2014,Podcast Subscription,-2.89,CA
72019,8/10/2014,Podcast Subscription,-18.8,CA
72019,8/10/2014,On Demand TV,-12.5,CA
72019,8/10/2014,Taxi,-22.74,CA
72019,8/10/2014,On Demand TV,-8.01,CA
72019,8/10/2014,Food Delivery - GrubHub,-7.78,CA
72019,8/11/2014,Public Transportation - Train Pass,-21.95,CA
72019,8/12/2014,Restaurant - Steakhouse,-21.4,CA
72019,8/13/2014,On Demand Movie,-101.66,CA
72019,8/13/2014,On Demand TV,-38.19,CA
72019,8/14/2014,Wine Delivery,-21.88,CA
72019,8/14/2014,PlayStation Membership,-38,CA
72019,8/14/2014,Lyft,-20.6,CA
72019,8/15/2014,Pet Supply - Cat Food,-7.56,CA
72019,8/16/2014,Restaurant - Burgers,-34.48,CA
72019,8/16/2014,Restaurant - Steakhouse,-13.12,CA
72019,8/16/2014,Restaurant - Steakhouse,-116.81,CA
72019,8/17/2014,On Demand TV,-5.66,CA
72019,8/17/2014,Lyft,-28.87,CA
72019,8/17/2014,Pet Supply - Cat Food,-80.07,CA
72019,8/18/2014,Podcast Subscription,-5.7,CA
72019,8/18/2014,Pet Smart,-75.47,CA
72019,8/18/2014,PlayStation Membership,-32.44,CA
72019,8/18/2014,Red Box DVD Rental,-38.82,CA
72019,8/18/2014,Uber,-27.99,CA
72019,8/18/2014,PlayStation Membership,-28.68,CA
72019,8/19/2014,Food Delivery - GrubHub,-0.24,CA
72019,8/19/2014,Public Transportation - Train Pass,-5.51,CA
72019,8/19/2014,Pet Smart,-75.13,CA
72019,8/19/2014,Food Delivery - GrubHub,-8.75,CA
72019,8/19/2014,PlayStation Membership,-9.97,CA
72019,8/19/2014,Time Warne Cable - Late Payment Fee,-12.38,CA
72019,8/19/2014,On Demand TV,-26.05,CA
72019,8/19/2014,Pet Smart,-1.1,CA
72019,8/19/2014,Taxi,-25.58,CA
72019,8/19/2014,Restaurant - Burgers,-22.57,CA
72019,8/20/2014,Pet Supply - Cat Food,-2.79,CA
72019,8/20/2014,Pet Supply - Cat Food,-25.69,CA
72019,8/21/2014,Public Transportation - Train Pass,-10.14,CA
72019,8/21/2014,Red Box DVD Rental,-34.84,CA
72019,8/21/2014,Food Delivery - Uber Eats,-38.52,CA
72019,8/21/2014,On Demand Movie,-8.22,CA
72019,8/22/2014,Restaurant - Chinese,-37.99,CA
72019,8/23/2014,Pet Smart,-6.16,CA
72019,8/24/2014,Restaurant - Chinese,-29.84,CA
72019,8/25/2014,Pet Smart,-4.6,CA
72019,8/25/2014,Lyft,-38.52,CA
72019,8/26/2014,Whole Foods,-29.55,CA
72019,8/26/2014,Pet Supply - Cat Food,-118.5,CA
72019,8/26/2014,Pet Smart,-51.6,CA
72019,8/26/2014,Ralph's Grocery Store,-34.85,CA
72019,8/26/2014,Food Delivery - GrubHub,-26.57,CA
72019,8/27/2014,Food Delivery - Uber Eats,-2.87,CA
72019,8/27/2014,On Demand Movie,-117.24,CA
72019,8/27/2014,Restaurant - Pizza,-3.12,CA
72019,8/28/2014,Food Delivery - Uber Eats,-12.55,CA
72019,8/29/2014,Pet Smart,-17.88,CA
72019,8/29/2014,On Demand TV,-8.57,CA
72019,8/30/2014,Wine Delivery,-98,CA
72019,8/30/2014,Podcast Subscription,-32.62,CA
72019,8/30/2014,On Demand TV,-28.92,CA
72019,9/2/2014,Housing Rent,-1317,CA
72019,9/2/2014,Credit Card Payment,-154,CA
72019,9/2/2014,Credit Card Overdraft Fee,-7.93,CA
72019,9/2/2014,Restaurant - Steakhouse,-58.07,CA
72019,9/2/2014,Restaurant - Steakhouse,-18.45,CA
72019,9/3/2014,Wine Delivery,-4.96,CA
72019,9/3/2014,Lyft,-27.38,CA
72019,9/3/2014,Pet Supply - Cat Food,-61.04,CA
72019,9/3/2014,Food Delivery - Uber Eats,-1.45,CA
72019,9/4/2014,On Demand TV,-33.06,CA
72019,9/5/2014,Ralph's Grocery Store,-84.61,CA
72019,9/5/2014,Von's Groceries,-33.51,CA
72019,9/5/2014,On Demand TV,-28.64,CA
72019,9/5/2014,Red Box DVD Rental,-5.38,CA
72019,9/6/2014,Food Delivery - GrubHub,-37.79,CA
72019,9/6/2014,Lyft,-14.8,CA
72019,9/6/2014,Wine Delivery,-18.52,CA
72019,9/7/2014,Food Delivery - Uber Eats,-3.28,CA
72019,9/7/2014,Restaurant - Chinese,-17.52,CA
72019,9/7/2014,On Demand TV,-106.29,CA
72019,9/8/2014,Bank Fee - Negative Balance,-37.17,CA
72019,9/8/2014,Food Delivery - GrubHub,-19.26,CA
72019,9/8/2014,Pet Smart,-18,CA
72019,9/8/2014,Uber,-17.57,CA
72019,9/8/2014,PlayStation Membership,-32.01,CA
72019,9/9/2014,Ralph's Grocery Store,-107.19,CA
72019,9/10/2014,Red Box DVD Rental,-19.58,CA
72019,9/10/2014,PlayStation Membership,-26.21,CA
72019,9/11/2014,Wine Delivery,-18.42,CA
72019,9/11/2014,On Demand TV,-24.25,CA
72019,9/11/2014,Lyft,-107.02,CA
72019,9/11/2014,Public Transportation - Train Pass,-38.06,CA
72019,9/11/2014,Red Box DVD Rental,-17.55,CA
72019,9/11/2014,On Demand TV,-4.73,CA
72019,9/11/2014,Wine Delivery,-31.08,CA
72019,9/11/2014,Starbucks Coffee,-37.74,CA
72019,9/12/2014,Red Box DVD Rental,-18.01,CA
72019,9/12/2014,Uber,-20.61,CA
72019,9/12/2014,Wine Delivery,-30.07,CA
72019,9/12/2014,Pet Supply - Cat Food,-20.47,CA
72019,9/12/2014,Restaurant - Pizza,-43.43,CA
72019,9/12/2014,Sprouts Market,-16.82,CA
72019,9/12/2014,Pet Supply - Cat Food,-25.89,CA
72019,9/12/2014,Restaurant - Burgers,-27.35,CA
72019,9/12/2014,Podcast Subscription,-30.57,CA
72019,9/12/2014,On Demand TV,-7.78,CA
72019,9/12/2014,PlayStation Membership,-96.09,CA
72019,9/12/2014,On Demand Movie,-100.98,CA
72019,9/13/2014,Wine Delivery,-78.55,CA
72019,9/14/2014,Public Transportation - Bus Pass,-5.07,CA
72019,9/14/2014,Podcast Subscription,-4.54,CA
72019,9/15/2014,Starbucks Coffee,-36.02,CA
72019,9/15/2014,Whole Foods,-29.78,CA
72019,9/15/2014,Food Delivery - Uber Eats,-34.43,CA
72019,9/16/2014,Wine Delivery,-17.73,CA
72019,9/16/2014,On Demand TV,-38.08,CA
72019,9/17/2014,Uber,-6.48,CA
72019,9/17/2014,Restaurant - Pizza,-17.8,CA
72019,9/17/2014,Lyft,-31.17,CA
72019,9/17/2014,Food Delivery - GrubHub,-87.29,CA
72019,9/18/2014,Lyft,-1.46,CA
72019,9/19/2014,Wine Delivery,-13.35,CA
72019,9/19/2014,On Demand Movie,-19.45,CA
72019,9/20/2014,Food Delivery - GrubHub,-10.21,CA
72019,9/20/2014,On Demand Movie,-67.92,CA
72019,9/21/2014,Pet Smart,-24.28,CA
72019,9/21/2014,Podcast Subscription,-19.74,CA
72019,9/21/2014,Public Transportation - Bus Pass,-34.62,CA
72019,9/21/2014,Whole Foods,-74.53,CA
72019,9/21/2014,Pet Supply - Cat Food,-26.91,CA
72019,9/22/2014,Red Box DVD Rental,-46.9,CA
72019,9/22/2014,Red Box DVD Rental,-69.63,CA
72019,9/22/2014,Uber,-117.98,CA
72019,9/22/2014,On Demand Movie,-30.08,CA
72019,9/22/2014,Bank Fee - Negative Balance,-39.87,CA
72019,9/23/2014,Podcast Subscription,-19.18,CA
72019,9/23/2014,Pet Smart,-73.52,CA
72019,9/23/2014,Public Transportation - Train Pass,-28.7,CA
72019,9/23/2014,Pet Smart,-38.64,CA
72019,9/24/2014,Public Transportation - Bus Pass,-1.06,CA
72019,9/24/2014,Lyft,-15.2,CA
72019,9/24/2014,Wine Delivery,-23.24,CA
72019,9/25/2014,Restaurant - Steakhouse,-19.26,CA
72019,9/25/2014,Pet Supply - Cat Food,-28.5,CA
72019,9/25/2014,Wine Delivery,-13.65,CA
72019,9/25/2014,Pet Supply - Cat Food,-56.58,CA
72019,9/26/2014,Restaurant - Steakhouse,-85.89,CA
72019,9/27/2014,Food Delivery - GrubHub,-70.12,CA
72019,9/28/2014,Food Delivery - GrubHub,-38.26,CA
72019,9/28/2014,Starbucks Coffee,-4.71,CA
72019,9/28/2014,Food Delivery - GrubHub,-14.83,CA
72019,9/28/2014,On Demand Movie,-24.94,CA
72019,9/28/2014,On Demand Movie,-29.16,CA
72019,9/28/2014,Restaurant - Chinese,-111.4,CA
72019,9/28/2014,On Demand TV,-16.18,CA
72019,9/29/2014,Podcast Subscription,-64.26,CA
72019,9/29/2014,PlayStation Membership,-28.02,CA
72019,9/29/2014,Credit Card Overdraft Fee,-3.72,CA
72019,9/29/2014,Food Delivery - GrubHub,-55.46,CA
72019,9/29/2014,Pet Smart,-25.6,CA
72019,9/29/2014,Lyft,-6.9,CA
72019,9/29/2014,On Demand Movie,-102.7,CA
72019,9/30/2014,Red Box DVD Rental,-2.88,CA
72019,9/30/2014,Ralph's Grocery Store,-15.34,CA
72019,9/30/2014,Public Transportation - Train Pass,-67.93,CA
72019,10/2/2014,Housing Rent,-1216,CA
72019,10/2/2014,Credit Card Payment,-154,CA
72019,10/2/2014,Restaurant - Burgers,-35.05,CA
72019,10/2/2014,Public Transportation - Train Pass,-3.01,CA
72019,10/3/2014,Pet Smart,-10.79,CA
72019,10/3/2014,On Demand Movie,-31.22,CA
72019,10/3/2014,Sprouts Market,-26.9,CA
72019,10/4/2014,Taxi,-16.98,CA
72019,10/4/2014,PlayStation Membership,-29.22,CA
72019,10/4/2014,Public Transportation - Train Pass,-31.78,CA
72019,10/4/2014,Taxi,-4.2,CA
72019,10/4/2014,On Demand Movie,-21.16,CA
72019,10/4/2014,Podcast Subscription,-85.2,CA
72019,10/4/2014,On Demand Movie,-21.97,CA
72019,10/4/2014,Podcast Subscription,-2.64,CA
72019,10/4/2014,Public Transportation - Bus Pass,-21.16,CA
72019,10/4/2014,Ralph's Grocery Store,-0.05,CA
72019,10/4/2014,Public Transportation - Bus Pass,-21.38,CA
72019,10/5/2014,Red Box DVD Rental,-26.32,CA
72019,10/5/2014,Time Warne Cable - Late Payment Fee,-33.97,CA
72019,10/5/2014,Uber,-13.06,CA
72019,10/6/2014,Ralph's Grocery Store,-14.47,CA
72019,10/6/2014,Red Box DVD Rental,-27.33,CA
72019,10/6/2014,Uber,-64.87,CA
72019,10/6/2014,Taxi,-31.34,CA
72019,10/6/2014,Restaurant - Burgers,-3.78,CA
72019,10/6/2014,Credit Card Overdraft Fee,-27.25,CA
72019,10/6/2014,Wine Delivery,-18.9,CA
72019,10/6/2014,Wine Delivery,-4.79,CA
72019,10/6/2014,Red Box DVD Rental,-5.15,CA
72019,10/7/2014,Red Box DVD Rental,-26.53,CA
72019,10/8/2014,On Demand Movie,-2.86,CA
72019,10/8/2014,On Demand TV,-39.41,CA
72019,10/9/2014,Von's Groceries,-28.75,CA
72019,10/10/2014,Lyft,-78.36,CA
72019,10/10/2014,Whole Foods,-36.32,CA
72019,10/11/2014,Lyft,-77.16,CA
72019,10/12/2014,Restaurant - Pizza,-24.63,CA
72019,10/12/2014,Lyft,-16.14,CA
72019,10/13/2014,On Demand TV,-30.79,CA
72019,10/13/2014,Water & Sewer - Late Payment Penalty,-12.8,CA
72019,10/13/2014,Housing Rent - Late Fee,-38.77,CA
72019,10/13/2014,Lyft,-9.75,CA
72019,10/13/2014,Pet Supply - Cat Food,-22.34,CA
72019,10/13/2014,On Demand TV,-1.81,CA
72019,10/14/2014,PlayStation Membership,-25.52,CA
72019,10/14/2014,Red Box DVD Rental,-56.25,CA
72019,10/14/2014,Restaurant - Steakhouse,-51.65,CA
72019,10/14/2014,Podcast Subscription,-76.9,CA
72019,10/15/2014,Red Box DVD Rental,-35.27,CA
72019,10/15/2014,Food Delivery - GrubHub,-35.6,CA
72019,10/15/2014,Food Delivery - GrubHub,-19.61,CA
72019,10/15/2014,Mark's Movers,-0.69,CA
72019,10/15/2014,FedEx Shipping,-17.36,CA
72019,10/15/2014,Jerome's Furniture,-10.52,CA
72019,10/15/2014,Home Depot,-7.41,CA
72019,10/15/2014,Refrigerator Depot,-11.14,CA
72019,10/15/2014,Hamilton Move & Storage,-29.28,CA
72019,10/15/2014,Restaurant - Chinese,-10.11,CA
72019,10/15/2014,Pet Supply - Cat Food,-23.12,CA
72019,10/15/2014,Uber,-39.14,CA
72019,10/15/2014,On Demand Movie,-5.42,CA
72019,10/15/2014,Uber,-32.1,CA
72019,10/15/2014,Food Delivery - GrubHub,-32.14,CA
72019,10/16/2014,Credit Card Overdraft Fee,-11.77,CA
72019,10/16/2014,Public Transportation - Train Pass,-37.42,CA
72019,10/17/2014,On Demand TV,-66.45,CA
72019,10/17/2014,Pet Supply - Cat Food,-9.4,CA
72019,10/18/2014,Bank Fee - Negative Balance,-95.97,CA
72019,10/18/2014,Pet Smart,-28.69,CA
72019,10/18/2014,Food Delivery - Uber Eats,-30.65,CA
72019,10/18/2014,PlayStation Membership,-32.21,CA
72019,10/18/2014,Whole Foods,-12.51,CA
72019,10/19/2014,Von's Groceries,-8.05,CA
72019,10/19/2014,Credit Card Overdraft Fee,-62.92,CA
72019,10/19/2014,Whole Foods,-31.1,CA
72019,10/19/2014,Food Delivery - GrubHub,-4.07,CA
72019,10/20/2014,Wine Delivery,-30.54,CA
72019,10/20/2014,Restaurant - Burgers,-12.96,CA
72019,10/21/2014,On Demand Movie,-37.7,CA
72019,10/21/2014,On Demand TV,-2.63,CA
72019,10/21/2014,On Demand Movie,-17.44,CA
72019,10/22/2014,PlayStation Membership,-4.34,CA
72019,10/22/2014,Bank Fee - Negative Balance,-31.61,CA
72019,10/22/2014,Von's Groceries,-32.97,CA
72019,10/22/2014,On Demand Movie,-28.61,CA
72019,10/22/2014,Credit Card Overdraft Fee,-6.69,CA
72019,10/22/2014,Uber,-56.75,CA
72019,10/22/2014,Lyft,-25.79,CA
72019,10/23/2014,Food Delivery - GrubHub,-74.31,CA
72019,10/23/2014,Whole Foods,-1.05,CA
72019,10/23/2014,Restaurant - Chinese,-28.79,CA
72019,10/23/2014,Food Delivery - GrubHub,-13.22,CA
72019,10/23/2014,Pet Smart,-24.4,CA
72019,10/23/2014,Food Delivery - Uber Eats,-23.01,CA
72019,10/23/2014,On Demand Movie,-34.58,CA
72019,10/23/2014,Lyft,-4.95,CA
72019,10/24/2014,Pet Supply - Cat Food,-22.88,CA
72019,10/24/2014,Podcast Subscription,-8.63,CA
72019,10/24/2014,On Demand Movie,-109.44,CA
72019,10/24/2014,Wine Delivery,-28.87,CA
72019,10/25/2014,Pet Supply - Cat Food,-18.79,CA
72019,10/26/2014,Lyft,-10.33,CA
72019,10/26/2014,Restaurant - Burgers,-27.04,CA
72019,10/26/2014,Bank Fee - Negative Balance,-32.28,CA
72019,10/27/2014,Public Transportation - Train Pass,-37.52,CA
72019,10/28/2014,On Demand TV,-24.53,CA
72019,10/28/2014,PlayStation Membership,-108.34,CA
72019,10/29/2014,On Demand TV,-8.65,CA
72019,10/29/2014,Podcast Subscription,-25.89,CA
72019,10/29/2014,Wine Delivery,-21.27,CA
72019,10/29/2014,Pet Smart,-26.99,CA
72019,10/29/2014,Uber,-3.58,CA
72019,10/30/2014,Lyft,-57.23,CA
72019,10/30/2014,Public Transportation - Train Pass,-17.92,CA
72019,11/2/2014,Housing Rent,-860,CA
72019,11/2/2014,Credit Card Payment,-154,CA
72019,11/2/2014,On Demand Movie,-12.16,CA
72019,11/2/2014,Sprouts Market,-40.9,CA
72019,11/2/2014,Red Box DVD Rental,-18.97,CA
72019,11/2/2014,Podcast Subscription,-12.99,CA
72019,11/2/2014,Von's Groceries,-2.47,CA
72019,11/3/2014,Public Transportation - Train Pass,-30.72,CA
72019,11/3/2014,Food Delivery - GrubHub,-6.16,CA
72019,11/4/2014,Credit Card Overdraft Fee,-8.96,CA
72019,11/4/2014,Podcast Subscription,-13.44,CA
72019,11/4/2014,Lyft,-34.7,CA
72019,11/5/2014,PlayStation Membership,-37.46,CA
72019,11/5/2014,Pet Supply - Cat Food,-3.27,CA
72019,11/5/2014,Lyft,-21.81,CA
72019,11/6/2014,PlayStation Membership,-3.62,CA
72019,11/7/2014,Restaurant - Chinese,-33.01,CA
72019,11/8/2014,Water & Sewer - Late Payment Penalty,-34.34,CA
72019,11/8/2014,Food Delivery - GrubHub,-28.41,CA
72019,11/8/2014,On Demand TV,-0.33,CA
72019,11/8/2014,Uber,-52.74,CA
72019,11/9/2014,Red Box DVD Rental,-9,CA
72019,11/10/2014,On Demand Movie,-89.07,CA
72019,11/10/2014,Food Delivery - Uber Eats,-110.15,CA
72019,11/10/2014,Bank Fee - Negative Balance,-6.49,CA
72019,11/10/2014,Public Transportation - Bus Pass,-36.44,CA
72019,11/10/2014,Pet Supply - Cat Food,-30.38,CA
72019,11/10/2014,PlayStation Membership,-5.07,CA
72019,11/10/2014,Public Transportation - Train Pass,-76.39,CA
72019,11/10/2014,Taxi,-8.03,CA
72019,11/11/2014,Public Transportation - Bus Pass,-18,CA
72019,11/12/2014,Uber,-98.12,CA
72019,11/13/2014,Podcast Subscription,-33.42,CA
72019,11/13/2014,Wine Delivery,-24.34,CA
72019,11/13/2014,Credit Card Overdraft Fee,-33.29,CA
72019,11/14/2014,Restaurant - Pizza,-20.4,CA
72019,11/15/2014,On Demand TV,-37.5,CA
72019,11/16/2014,Food Delivery - GrubHub,-15.29,CA
72019,11/16/2014,Uber,-27.44,CA
72019,11/16/2014,Uber,-37.83,CA
72019,11/16/2014,Starbucks Coffee,-0.43,CA
72019,11/17/2014,PlayStation Membership,-4.03,CA
72019,11/17/2014,Sprouts Market,-72.28,CA
72019,11/17/2014,Pet Smart,-25.9,CA
72019,11/17/2014,Public Transportation - Bus Pass,-6.26,CA
72019,11/17/2014,Food Delivery - GrubHub,-32.45,CA
72019,11/17/2014,Public Transportation - Bus Pass,-26.16,CA
72019,11/18/2014,Bank Fee - Negative Balance,-2.58,CA
72019,11/19/2014,Von's Groceries,-23.36,CA
72019,11/19/2014,PlayStation Membership,-9.94,CA
72019,11/19/2014,Public Transportation - Bus Pass,-27.29,CA
72019,11/20/2014,Lyft,-5.75,CA
72019,11/20/2014,Wine Delivery,-4.51,CA
72019,11/20/2014,Lyft,-6.36,CA
72019,11/21/2014,Public Transportation - Bus Pass,-9.67,CA
72019,11/22/2014,Lyft,-27.71,CA
72019,11/22/2014,On Demand TV,-2.99,CA
72019,11/22/2014,Podcast Subscription,-9.26,CA
72019,11/22/2014,Podcast Subscription,-41.7,CA
72019,11/22/2014,Red Box DVD Rental,-26.53,CA
72019,11/23/2014,Pet Supply - Cat Food,-8.78,CA
72019,11/23/2014,Food Delivery - GrubHub,-27.46,CA
72019,11/23/2014,Public Transportation - Train Pass,-22.59,CA
72019,11/23/2014,PlayStation Membership,-0.99,CA
72019,11/23/2014,Food Delivery - Uber Eats,-32.67,CA
72019,11/23/2014,Restaurant - Steakhouse,-24.14,CA
72019,11/23/2014,Public Transportation - Bus Pass,-16.58,CA
72019,11/23/2014,On Demand TV,-6.66,CA
72019,11/23/2014,Lyft,-31.46,CA
72019,11/23/2014,Podcast Subscription,-22.24,CA
72019,11/23/2014,Podcast Subscription,-30.84,CA
72019,11/23/2014,Taxi,-38.28,CA
72019,11/24/2014,Starbucks Coffee,-30.66,CA
72019,11/24/2014,Food Delivery - Uber Eats,-38.97,CA
72019,11/24/2014,Red Box DVD Rental,-4.47,CA
72019,11/25/2014,Public Transportation - Train Pass,-19.86,CA
72019,11/25/2014,Taxi,-14.24,CA
72019,11/25/2014,Pet Supply - Cat Food,-18.82,CA
72019,11/26/2014,Taxi,-12.03,CA
72019,11/26/2014,Pet Smart,-21.96,CA
72019,11/27/2014,Public Transportation - Train Pass,-18.74,CA
72019,11/27/2014,Pet Smart,-111.16,CA
72019,11/28/2014,Taxi,-7.45,CA
72019,11/28/2014,Red Box DVD Rental,-33.19,CA
72019,11/28/2014,Taxi,-18.16,CA
72019,11/29/2014,Red Box DVD Rental,-30.01,CA
72019,11/29/2014,Taxi,-3.01,CA
72019,11/29/2014,Lyft,-35.68,CA
72019,11/29/2014,PlayStation Membership,-15.54,CA
72019,11/30/2014,Sprouts Market,-29.09,CA
72019,11/30/2014,Restaurant - Steakhouse,-115.89,CA
72019,11/30/2014,Red Box DVD Rental,-28.95,CA
72019,11/30/2014,Food Delivery - Uber Eats,-21.14,CA
72019,12/2/2014,Housing Rent,-1336,CA
72019,12/2/2014,Credit Card Payment,-154,CA
72019,12/2/2014,Pet Smart,-57.16,CA
72019,12/2/2014,On Demand Movie,-1.88,CA
72019,12/2/2014,Credit Card Overdraft Fee,-10.26,CA
72019,12/2/2014,Uber,-13.73,CA
72019,12/2/2014,Red Box DVD Rental,-8.33,CA
72019,12/2/2014,Food Delivery - Uber Eats,-19.72,CA
72019,12/2/2014,Uber,-10.28,CA
72019,12/2/2014,On Demand Movie,-21.37,CA
72019,12/3/2014,Restaurant - Pizza,-95.73,CA
72019,12/3/2014,Whole Foods,-19,CA
72019,12/3/2014,Food Delivery - Uber Eats,-30.86,CA
72019,12/3/2014,Ralph's Grocery Store,-41.28,CA
72019,12/3/2014,Food Delivery - GrubHub,-14.61,CA
72019,12/3/2014,Pet Smart,-84.52,CA
72019,12/3/2014,On Demand Movie,-0.11,CA
72019,12/3/2014,Sprouts Market,-34.54,CA
72019,12/3/2014,Lyft,-93.12,CA
72019,12/3/2014,Credit Card Overdraft Fee,-26.37,CA
72019,12/3/2014,Pet Supply - Cat Food,-111.4,CA
72019,12/3/2014,Food Delivery - GrubHub,-64.55,CA
72019,12/3/2014,Public Transportation - Bus Pass,-34.62,CA
72019,12/3/2014,Food Delivery - Uber Eats,-8.92,CA
72019,12/4/2014,Food Delivery - Uber Eats,-33.98,CA
72019,12/5/2014,Public Transportation - Bus Pass,-91.23,CA
72019,12/5/2014,Pet Supply - Cat Food,-21.86,CA
72019,12/6/2014,Food Delivery - Uber Eats,-17.56,CA
72019,12/6/2014,Sprouts Market,-19.51,CA
72019,12/6/2014,Restaurant - Burgers,-31.27,CA
72019,12/6/2014,Pet Smart,-7.79,CA
72019,12/6/2014,Restaurant - Chinese,-18.99,CA
72019,12/6/2014,Pet Supply - Cat Food,-24.75,CA
72019,12/6/2014,Podcast Subscription,-78.59,CA
72019,12/6/2014,Lyft,-2.85,CA
72019,12/6/2014,On Demand TV,-16.91,CA
72019,12/7/2014,PlayStation Membership,-98.15,CA
72019,12/7/2014,Restaurant - Burgers,-23.59,CA
72019,12/7/2014,Pet Smart,-29,CA
72019,12/7/2014,Red Box DVD Rental,-1.42,CA
72019,12/7/2014,Whole Foods,-20,CA
72019,12/7/2014,Water & Sewer - Late Payment Penalty,-33.71,CA
72019,12/7/2014,Podcast Subscription,-3.37,CA
72019,12/7/2014,Pet Supply - Cat Food,-8.49,CA
72019,12/7/2014,On Demand Movie,-5.04,CA
72019,12/8/2014,On Demand Movie,-14.5,CA
72019,12/8/2014,Wine Delivery,-25.2,CA
72019,12/8/2014,Time Warne Cable - Late Payment Fee,-105.08,CA
72019,12/8/2014,Public Transportation - Bus Pass,-26.99,CA
72019,12/9/2014,Pet Supply - Cat Food,-38,CA
72019,12/9/2014,Pet Smart,-114.75,CA
72019,12/9/2014,Von's Groceries,-119.82,CA
72019,12/9/2014,Lyft,-37.81,CA
72019,12/9/2014,Pet Supply - Cat Food,-29.14,CA
72019,12/9/2014,Food Delivery - Uber Eats,-88.7,CA
72019,12/10/2014,Taxi,-37.93,CA
72019,12/10/2014,Podcast Subscription,-17.73,CA
72019,12/10/2014,Food Delivery - GrubHub,-27.77,CA
72019,12/10/2014,Restaurant - Chinese,-29.38,CA
72019,12/10/2014,Public Transportation - Bus Pass,-24.74,CA
72019,12/10/2014,Time Warne Cable - Late Payment Fee,-36.63,CA
72019,12/10/2014,Pet Supply - Cat Food,-43.99,CA
72019,12/10/2014,Public Transportation - Train Pass,-0.89,CA
72019,12/10/2014,Public Transportation - Bus Pass,-39.33,CA
72019,12/11/2014,Credit Card Overdraft Fee,-33.47,CA
72019,12/11/2014,Restaurant - Pizza,-27.44,CA
72019,12/11/2014,Starbucks Coffee,-22.97,CA
72019,12/12/2014,Uber,-36.33,CA
72019,12/12/2014,On Demand Movie,-13.64,CA
72019,12/12/2014,Food Delivery - Uber Eats,-20.32,CA
72019,12/12/2014,Public Transportation - Train Pass,-19.82,CA
72019,12/12/2014,Pet Supply - Cat Food,-33.86,CA
72019,12/12/2014,Restaurant - Burgers,-114.66,CA
72019,12/12/2014,Red Box DVD Rental,-9.71,CA
72019,12/13/2014,Podcast Subscription,-33.05,CA
72019,12/13/2014,Food Delivery - GrubHub,-74.68,CA
72019,12/13/2014,PlayStation Membership,-62.35,CA
72019,12/13/2014,Podcast Subscription,-0.86,CA
72019,12/13/2014,Time Warne Cable - Late Payment Fee,-19.88,CA
72019,12/14/2014,Food Delivery - Uber Eats,-2.9,CA
72019,12/15/2014,Restaurant - Steakhouse,-35.74,CA
72019,12/15/2014,Pet Smart,-32.09,CA
72019,12/15/2014,Pet Supply - Cat Food,-43.82,CA
72019,12/15/2014,Restaurant - Steakhouse,-17.51,CA
72019,12/15/2014,Pet Smart,-28.43,CA
72019,12/16/2014,Ralph's Grocery Store,-15.93,CA
72019,12/16/2014,PlayStation Membership,-33.08,CA
72019,12/16/2014,On Demand TV,-36.42,CA
72019,12/17/2014,Lyft,-13.3,CA
72019,12/18/2014,Housing Rent - Late Fee,-12.92,CA
72019,12/18/2014,PlayStation Membership,-12.51,CA
72019,12/18/2014,Pet Supply - Cat Food,-102.33,CA
72019,12/18/2014,PlayStation Membership,-13.09,CA
72019,12/18/2014,Public Transportation - Bus Pass,-1.31,CA
72019,12/18/2014,Restaurant - Pizza,-29.4,CA
72019,12/18/2014,Food Delivery - Uber Eats,-49.21,CA
72019,12/18/2014,Red Box DVD Rental,-26.81,CA
72019,12/18/2014,PlayStation Membership,-22.34,CA
72019,12/18/2014,Wine Delivery,-60.02,CA
72019,12/18/2014,Taxi,-53.6,CA
72019,12/19/2014,On Demand Movie,-29.32,CA
72019,12/19/2014,Pet Smart,-21.64,CA
72019,12/20/2014,Public Transportation - Bus Pass,-27.79,CA
72019,12/20/2014,Uber,-21.56,CA
72019,12/20/2014,Pet Smart,-5.93,CA
72019,12/21/2014,On Demand TV,-32.75,CA
72019,12/21/2014,Red Box DVD Rental,-15.3,CA
72019,12/21/2014,Restaurant - Steakhouse,-37.96,CA
72019,12/22/2014,Taxi,-12.65,CA
72019,12/22/2014,Starbucks Coffee,-53.16,CA
72019,12/22/2014,PlayStation Membership,-100.7,CA
72019,12/22/2014,Sprouts Market,-19.92,CA
72019,12/22/2014,Housing Rent - Late Fee,-5.05,CA
72019,12/22/2014,Podcast Subscription,-30.17,CA
72019,12/22/2014,Credit Card Overdraft Fee,-17.95,CA
72019,12/22/2014,Red Box DVD Rental,-32.16,CA
72019,12/23/2014,Starbucks Coffee,-37.72,CA
72019,12/23/2014,On Demand Movie,-36.63,CA
72019,12/24/2014,On Demand TV,-2.76,CA
72019,12/25/2014,Pet Smart,-10.34,CA
72019,12/25/2014,Food Delivery - GrubHub,-11.38,CA
72019,12/25/2014,On Demand TV,-32.56,CA
72019,12/26/2014,Podcast Subscription,-5.52,CA
72019,12/26/2014,Lyft,-38.76,CA
72019,12/26/2014,On Demand Movie,-38.19,CA
72019,12/26/2014,Red Box DVD Rental,-1.83,CA
72019,12/26/2014,Starbucks Coffee,-29.07,CA
72019,12/26/2014,Public Transportation - Bus Pass,-6.19,CA
72019,12/26/2014,Food Delivery - GrubHub,-6.84,CA
72019,12/26/2014,Wine Delivery,-9.66,CA
72019,12/26/2014,Pet Smart,-77.78,CA
72019,12/27/2014,Uber,-20.67,CA
72019,12/28/2014,On Demand TV,-9.14,CA
72019,12/28/2014,Lyft,-10.11,CA
72019,12/28/2014,Food Delivery - Uber Eats,-8.65,CA
72019,12/29/2014,Public Transportation - Bus Pass,-20.17,CA
72019,12/29/2014,Taxi,-1.68,CA
72019,12/29/2014,On Demand TV,-11.21,CA
72019,12/29/2014,Podcast Subscription,-18.15,CA
72019,12/29/2014,Taxi,-8.86,CA
72019,12/29/2014,Von's Groceries,-4.73,CA
72019,12/29/2014,Pet Supply - Cat Food,-106.28,CA
72019,12/30/2014,Restaurant - Steakhouse,-67.46,CA
72019,12/30/2014,PlayStation Membership,-18.96,CA
72019,12/30/2014,Public Transportation - Train Pass,-32.29,CA
72019,12/30/2014,On Demand TV,-22.54,CA
72019,12/30/2014,Starbucks Coffee,-39.8,CA
72019,12/32/2014,Restaurant - Chinese,-33.39,CA
