auth_id, Date, Vendor, Amount, Location 
50846,1/2/2013,John's Bar & Restaurant,-24.39,CA
50846,1/2/2013,Bowling,-35.92,CA
50846,1/2/2013,John's Bar & Restaurant,-85.47,CA
50846,1/2/2013,Owl Night Club,-3.55,CA
50846,1/3/2013,Movie Ticket,-17.51,CA
50846,1/3/2013,Concert Ticket,-26,CA
50846,1/3/2013,Lyft,-19.63,CA
50846,1/3/2013,Rodriguez's Bar and Grill,-1.27,CA
50846,1/3/2013,Karaoke Bar,-20.31,CA
50846,1/3/2013,Owl Night Club,-27.69,CA
50846,1/4/2013,Seaside Bar,-33.25,CA
50846,1/4/2013,Public Transportation - Bus Pass,-19.27,CA
50846,1/4/2013,Rodriguez's Bar and Grill,-34.9,CA
50846,1/5/2013,Public Transportation - Train Pass,-35.49,CA
50846,1/5/2013,Lyft,-32.13,CA
50846,1/5/2013,Restaurant - Chinese,-80.25,CA
50846,1/6/2013,Seaside Bar,-29.66,CA
50846,1/6/2013,Movie Ticket,-13.81,CA
50846,1/7/2013,Uber,-11.7,CA
50846,1/7/2013,Ralph's Grocery Store,-48.21,CA
50846,1/8/2013,Public Transportation - Bus Pass,-12.94,CA
50846,1/8/2013,Public Transportation - Bus Pass,-6.6,CA
50846,1/8/2013,Public Transportation - Train Pass,-37.53,CA
50846,1/8/2013,Ice Skating Rink,-17.96,CA
50846,1/8/2013,Seaside Bar,-29.42,CA
50846,1/8/2013,John's Bar & Restaurant,-4.36,CA
50846,1/9/2013,Lyft,-103.73,CA
50846,1/9/2013,Green Flash Brewery,-9.31,CA
50846,1/9/2013,Food Delivery - GrubHub,-8.99,CA
50846,1/9/2013,Owl Night Club,-31.69,CA
50846,1/10/2013,Restaurant - Pizza,-25.98,CA
50846,1/10/2013,Ralph's Grocery Store,-4.88,CA
50846,1/11/2013,Concert Ticket,-6.73,CA
50846,1/12/2013,Ice Skating Rink,-45.14,CA
50846,1/12/2013,Owl Night Club,-23.39,CA
50846,1/13/2013,Bowling,-25.99,CA
50846,1/14/2013,Karaoke Bar,-14.29,CA
50846,1/15/2013,Whole Foods,-6.78,CA
50846,1/15/2013,Lyft,-19.3,CA
50846,1/16/2013,Rodriguez's Bar and Grill,-7.77,CA
50846,1/16/2013,Seaside Bar,-4.05,CA
50846,1/16/2013,Green Flash Brewery,-5.33,CA
50846,1/17/2013,John's Bar & Restaurant,-3.05,CA
50846,1/17/2013,Green Flash Brewery,-17.97,CA
50846,1/17/2013,Restaurant - Burgers,-34.38,CA
50846,1/17/2013,Von's Groceries,-98.08,CA
50846,1/17/2013,Wine Bar,-24.98,CA
50846,1/17/2013,Movie Ticket,-28.21,CA
50846,1/17/2013,John's Bar & Restaurant,-3.12,CA
50846,1/17/2013,Restaurant - Steakhouse,-24.12,CA
50846,1/17/2013,Ice Skating Rink,-108.16,CA
50846,1/17/2013,Bowling,-26.1,CA
50846,1/17/2013,Karaoke Bar,-46.14,CA
50846,1/17/2013,Public Transportation - Bus Pass,-32.62,CA
50846,1/17/2013,Rodriguez's Bar and Grill,-7.8,CA
50846,1/18/2013,Whole Foods,-1.65,CA
50846,1/18/2013,Sprouts Market,-6.75,CA
50846,1/18/2013,Green Flash Brewery,-32.74,CA
50846,1/19/2013,Rodriguez's Bar and Grill,-10.11,CA
50846,1/20/2013,Restaurant - Burgers,-36.81,CA
50846,1/20/2013,Green Flash Brewery,0,CA
50846,1/20/2013,Starbucks Coffee,-37.17,CA
50846,1/20/2013,Public Transportation - Train Pass,-7.06,CA
50846,1/21/2013,Ice Skating Rink,-34.71,CA
50846,1/21/2013,Restaurant - Pizza,-8.97,CA
50846,1/21/2013,Bowling,-23.83,CA
50846,1/21/2013,John's Bar & Restaurant,-22.76,CA
50846,1/21/2013,Owl Night Club,-5.19,CA
50846,1/22/2013,Rodriguez's Bar and Grill,-32.98,CA
50846,1/23/2013,Starbucks Coffee,-62.89,CA
50846,1/23/2013,Concert Ticket,-21.79,CA
50846,1/24/2013,Restaurant - Steakhouse,-15.92,CA
50846,1/24/2013,Karaoke Bar,-34.64,CA
50846,1/25/2013,Ice Skating Rink,-84.53,CA
50846,1/26/2013,Wine Bar,-28.62,CA
50846,1/26/2013,Food Delivery - GrubHub,-25.98,CA
50846,1/26/2013,Seaside Bar,-26.37,CA
50846,1/26/2013,Starbucks Coffee,-88.73,CA
50846,1/26/2013,Fisker Night Club,-15.37,CA
50846,1/27/2013,Green Flash Brewery,-23.33,CA
50846,1/27/2013,Owl Night Club,-13.01,CA
50846,1/27/2013,Green Flash Brewery,-3.73,CA
50846,1/27/2013,Lyft,-29.01,CA
50846,1/27/2013,Owl Night Club,-78.92,CA
50846,1/27/2013,Ice Skating Rink,-34.75,CA
50846,1/27/2013,Movie Ticket,-2.38,CA
50846,1/28/2013,Karaoke Bar,-105.77,CA
50846,1/29/2013,Wine Bar,-91.3,CA
50846,1/29/2013,Concert Ticket,-31.41,CA
50846,1/29/2013,Bowling,-5.56,CA
50846,1/29/2013,Wine Bar,-24.31,CA
50846,1/29/2013,Movie Ticket,-37.66,CA
50846,1/29/2013,Public Transportation - Train Pass,-30.09,CA
50846,1/29/2013,Restaurant - Burgers,-13.33,CA
50846,1/29/2013,Green Flash Brewery,-35.26,CA
50846,1/30/2013,Concert Ticket,-16.8,CA
50846,3/2/2013,Paycheck,2818,CA
50846,3/2/2013,Housing Rent,-1324,CA
50846,3/2/2013,Navient - Student Loans,-197,CA
50846,3/2/2013,Ice Skating Rink,-0.9,CA
50846,3/3/2013,Rodriguez's Bar and Grill,-107.35,CA
50846,3/3/2013,Public Transportation - Train Pass,-32.36,CA
50846,3/4/2013,John's Bar & Restaurant,-7.24,CA
50846,3/5/2013,Food Delivery - GrubHub,-108.69,CA
50846,3/6/2013,John's Bar & Restaurant,-76.85,CA
50846,3/7/2013,Restaurant - Steakhouse,-4.4,CA
50846,3/8/2013,Concert Ticket,-28.92,CA
50846,3/8/2013,Taxi,-13.14,CA
50846,3/9/2013,Taxi,-3.1,CA
50846,3/9/2013,Public Transportation - Bus Pass,-20.04,CA
50846,3/10/2013,Starbucks Coffee,-24.91,CA
50846,3/10/2013,Uber,-36.08,CA
50846,3/11/2013,Seaside Bar,-19.98,CA
50846,3/12/2013,Movie Ticket,-32.35,CA
50846,3/12/2013,Starbucks Coffee,-29.35,CA
50846,3/12/2013,Bowling,-23.49,CA
50846,3/13/2013,Owl Night Club,-62.87,CA
50846,3/14/2013,Lyft,-94.09,CA
50846,3/14/2013,Green Flash Brewery,-4.15,CA
50846,3/15/2013,Movie Ticket,-23.47,CA
50846,3/15/2013,Movie Ticket,-26.81,CA
50846,3/15/2013,Bowling,-6.1,CA
50846,3/15/2013,Karaoke Bar,-5.22,CA
50846,3/16/2013,Seaside Bar,-8.65,CA
50846,3/17/2013,Green Flash Brewery,-13.37,CA
50846,3/18/2013,Uber,-26.6,CA
50846,3/18/2013,Sprouts Market,-31.2,CA
50846,3/18/2013,Whole Foods,-26.25,CA
50846,3/18/2013,Karaoke Bar,-10.01,CA
50846,3/18/2013,Restaurant - Pizza,-34.19,CA
50846,3/18/2013,Sprouts Market,-18.72,CA
50846,3/18/2013,John's Bar & Restaurant,-26.16,CA
50846,3/18/2013,Movie Ticket,-7.22,CA
50846,3/18/2013,Public Transportation - Train Pass,-22.29,CA
50846,3/18/2013,Public Transportation - Train Pass,-22.49,CA
50846,3/18/2013,Green Flash Brewery,-20.64,CA
50846,3/18/2013,Seaside Bar,-2.73,CA
50846,3/19/2013,Restaurant - Steakhouse,-28.48,CA
50846,3/19/2013,Starbucks Coffee,-32.6,CA
50846,3/19/2013,Lyft,-48.25,CA
50846,3/19/2013,Green Flash Brewery,-25.55,CA
50846,3/19/2013,Owl Night Club,-9.2,CA
50846,3/20/2013,Wine Bar,-32.59,CA
50846,3/20/2013,John's Bar & Restaurant,-8.89,CA
50846,3/20/2013,Bowling,-29.33,CA
50846,3/20/2013,Fisker Night Club,-108.46,CA
50846,3/20/2013,Public Transportation - Train Pass,-38.49,CA
50846,3/20/2013,Food Delivery - GrubHub,-39.49,CA
50846,3/20/2013,Fisker Night Club,-39.94,CA
50846,3/20/2013,Ralph's Grocery Store,-15.43,CA
50846,3/20/2013,Karaoke Bar,-38.62,CA
50846,3/20/2013,Bowling,-6.66,CA
50846,3/21/2013,John's Bar & Restaurant,-5.25,CA
50846,3/21/2013,Owl Night Club,-16.73,CA
50846,3/21/2013,Taxi,-26.51,CA
50846,3/22/2013,Public Transportation - Bus Pass,-5.9,CA
50846,3/22/2013,John's Bar & Restaurant,-46.49,CA
50846,3/23/2013,Lyft,-19.09,CA
50846,3/24/2013,Restaurant - Pizza,-6.53,CA
50846,3/24/2013,Concert Ticket,-18.21,CA
50846,3/25/2013,Uber,-25.54,CA
50846,3/26/2013,Bowling,-39.5,CA
50846,3/26/2013,Lyft,-12.27,CA
50846,3/26/2013,Uber,-2.54,CA
50846,3/26/2013,Concert Ticket,-32.06,CA
50846,3/26/2013,Taxi,-15.12,CA
50846,3/27/2013,Lyft,-8.07,CA
50846,3/27/2013,Restaurant - Pizza,-90.92,CA
50846,3/27/2013,Movie Ticket,-80.79,CA
50846,3/27/2013,Fisker Night Club,-1.04,CA
50846,3/28/2013,Bowling,-34.63,CA
50846,3/29/2013,Green Flash Brewery,-104.99,CA
50846,3/30/2013,Lyft,-31.92,CA
50846,3/30/2013,Green Flash Brewery,-8.28,CA
50846,3/30/2013,Karaoke Bar,-77.94,CA
50846,3/30/2013,Rodriguez's Bar and Grill,-7.18,CA
50846,4/2/2013,Paycheck,2818,CA
50846,4/2/2013,Housing Rent,-894,CA
50846,4/2/2013,Navient - Student Loans,-197,CA
50846,4/2/2013,Rodriguez's Bar and Grill,-23.01,CA
50846,4/3/2013,Seaside Bar,-5.36,CA
50846,4/3/2013,Wine Bar,-68.29,CA
50846,4/3/2013,Restaurant - Steakhouse,-17.51,CA
50846,4/3/2013,Wine Bar,-7.51,CA
50846,4/3/2013,John's Bar & Restaurant,-33.82,CA
50846,4/3/2013,Concert Ticket,-27.39,CA
50846,4/3/2013,Sprouts Market,-7.7,CA
50846,4/3/2013,Lyft,-83.12,CA
50846,4/3/2013,Restaurant - Steakhouse,-13.3,CA
50846,4/4/2013,Owl Night Club,-3.65,CA
50846,4/4/2013,Karaoke Bar,-20.15,CA
50846,4/5/2013,Owl Night Club,-37.9,CA
50846,4/5/2013,Movie Ticket,-102.16,CA
50846,4/5/2013,Green Flash Brewery,-42.68,CA
50846,4/5/2013,Public Transportation - Bus Pass,-18.25,CA
50846,4/5/2013,Public Transportation - Bus Pass,-27.19,CA
50846,4/5/2013,Bowling,-15.33,CA
50846,4/5/2013,Public Transportation - Bus Pass,-36.27,CA
50846,4/5/2013,Public Transportation - Train Pass,-20.01,CA
50846,4/5/2013,Movie Ticket,-110.4,CA
50846,4/5/2013,Restaurant - Burgers,-10.23,CA
50846,4/5/2013,Seaside Bar,-31.85,CA
50846,4/6/2013,Bowling,-83.88,CA
50846,4/6/2013,Food Delivery - GrubHub,-36.31,CA
50846,4/6/2013,Public Transportation - Bus Pass,-2.28,CA
50846,4/7/2013,Wine Bar,-0.75,CA
50846,4/8/2013,Public Transportation - Bus Pass,-9.54,CA
50846,4/8/2013,John's Bar & Restaurant,-34.04,CA
50846,4/8/2013,Starbucks Coffee,-18.15,CA
50846,4/9/2013,Whole Foods,-12.39,CA
50846,4/10/2013,Ralph's Grocery Store,-36.37,CA
50846,4/10/2013,Bowling,-27.3,CA
50846,4/10/2013,Starbucks Coffee,-27.3,CA
50846,4/10/2013,Restaurant - Pizza,-115.56,CA
50846,4/10/2013,Owl Night Club,-11.78,CA
50846,4/10/2013,Ice Skating Rink,-37.34,CA
50846,4/11/2013,Ice Skating Rink,-7.94,CA
50846,4/12/2013,Public Transportation - Bus Pass,-45.43,CA
50846,4/13/2013,Von's Groceries,-22.72,CA
50846,4/14/2013,Taxi,-5.74,CA
50846,4/14/2013,Bowling,-13.45,CA
50846,4/14/2013,Public Transportation - Train Pass,-22.81,CA
50846,4/15/2013,Starbucks Coffee,-87.87,CA
50846,4/16/2013,Movie Ticket,-79.08,CA
50846,4/17/2013,Bowling,-16.39,CA
50846,4/17/2013,Movie Ticket,-105.76,CA
50846,4/18/2013,Public Transportation - Bus Pass,-16.83,CA
50846,4/18/2013,Public Transportation - Bus Pass,-30.29,CA
50846,4/19/2013,John's Bar & Restaurant,-26.02,CA
50846,4/19/2013,Wine Bar,-11.31,CA
50846,4/19/2013,Karaoke Bar,-17.86,CA
50846,4/19/2013,John's Bar & Restaurant,-89.87,CA
50846,4/19/2013,Uber,-26.23,CA
50846,4/19/2013,Concert Ticket,-26.55,CA
50846,4/19/2013,Taxi,-9.29,CA
50846,4/19/2013,Karaoke Bar,-33.54,CA
50846,4/19/2013,Seaside Bar,-12.68,CA
50846,4/19/2013,Restaurant - Chinese,-34.46,CA
50846,4/19/2013,Von's Groceries,-41.78,CA
50846,4/19/2013,Green Flash Brewery,-11.91,CA
50846,4/19/2013,Karaoke Bar,-4.83,CA
50846,4/19/2013,Owl Night Club,-18.45,CA
50846,4/19/2013,Movie Ticket,-1.06,CA
50846,4/20/2013,Restaurant - Steakhouse,-33.62,CA
50846,4/20/2013,Uber,-18.87,CA
50846,4/20/2013,John's Bar & Restaurant,-13.68,CA
50846,4/20/2013,Starbucks Coffee,-37.07,CA
50846,4/20/2013,Rodriguez's Bar and Grill,-0.12,CA
50846,4/20/2013,Owl Night Club,-42.55,CA
50846,4/20/2013,Concert Ticket,-17.63,CA
50846,4/20/2013,Karaoke Bar,-22.78,CA
50846,4/20/2013,Von's Groceries,-20.34,CA
50846,4/20/2013,Public Transportation - Train Pass,-76.17,CA
50846,4/20/2013,John's Bar & Restaurant,-25.28,CA
50846,4/20/2013,Green Flash Brewery,-15.65,CA
50846,4/21/2013,Owl Night Club,-59.65,CA
50846,4/21/2013,Taxi,-22.05,CA
50846,4/21/2013,Lyft,-19.69,CA
50846,4/21/2013,Green Flash Brewery,-15.09,CA
50846,4/21/2013,Taxi,-13.14,CA
50846,4/21/2013,John's Bar & Restaurant,-29.93,CA
50846,4/21/2013,Rodriguez's Bar and Grill,-5.56,CA
50846,4/22/2013,Public Transportation - Bus Pass,-22.4,CA
50846,4/22/2013,Restaurant - Pizza,-9.94,CA
50846,4/22/2013,Rodriguez's Bar and Grill,-88.03,CA
50846,4/22/2013,Fisker Night Club,-81.48,CA
50846,4/22/2013,Karaoke Bar,-16.44,CA
50846,4/22/2013,Food Delivery - GrubHub,-18.89,CA
50846,4/22/2013,John's Bar & Restaurant,-20.81,CA
50846,4/23/2013,Starbucks Coffee,-14.52,CA
50846,4/24/2013,Public Transportation - Bus Pass,-18.57,CA
50846,4/24/2013,Fisker Night Club,-1.92,CA
50846,4/24/2013,Ice Skating Rink,-16.04,CA
50846,4/25/2013,Seaside Bar,-25.55,CA
50846,4/25/2013,Owl Night Club,-35.13,CA
50846,4/25/2013,Fisker Night Club,-20.98,CA
50846,4/26/2013,Rodriguez's Bar and Grill,-16.72,CA
50846,4/27/2013,Owl Night Club,-7.13,CA
50846,4/27/2013,Movie Ticket,-23.8,CA
50846,4/27/2013,Concert Ticket,-38.63,CA
50846,4/27/2013,Ice Skating Rink,-3.31,CA
50846,4/28/2013,Movie Ticket,-21.46,CA
50846,4/28/2013,Restaurant - Chinese,-83.95,CA
50846,4/29/2013,Starbucks Coffee,-33.75,CA
50846,4/29/2013,Karaoke Bar,-91.27,CA
50846,4/30/2013,Restaurant - Chinese,-2.07,CA
50846,5/2/2013,Paycheck,2818,CA
50846,5/2/2013,Housing Rent,-1315,CA
50846,5/2/2013,Navient - Student Loans,-197,CA
50846,5/2/2013,Bowling,-30.8,CA
50846,5/3/2013,Ice Skating Rink,-13.4,CA
50846,5/3/2013,Owl Night Club,-33.36,CA
50846,5/3/2013,Bowling,-13.66,CA
50846,5/3/2013,Uber,-104.23,CA
50846,5/4/2013,Green Flash Brewery,-17.89,CA
50846,5/4/2013,Seaside Bar,-10.08,CA
50846,5/4/2013,Lyft,-19.43,CA
50846,5/5/2013,Bowling,-35.38,CA
50846,5/6/2013,Wine Bar,-0.54,CA
50846,5/6/2013,Concert Ticket,-9.9,CA
50846,5/6/2013,Movie Ticket,-99.81,CA
50846,5/6/2013,Movie Ticket,-25.5,CA
50846,5/6/2013,Restaurant - Pizza,-33.52,CA
50846,5/6/2013,Movie Ticket,-17.71,CA
50846,5/6/2013,Restaurant - Chinese,-3.65,CA
50846,5/7/2013,Sprouts Market,-4.36,CA
50846,5/7/2013,Seaside Bar,-36.71,CA
50846,5/7/2013,Lyft,-14.79,CA
50846,5/7/2013,Wine Bar,-14.53,CA
50846,5/7/2013,Movie Ticket,-38.88,CA
50846,5/7/2013,Bowling,-2.88,CA
50846,5/7/2013,Ice Skating Rink,-91.83,CA
50846,5/7/2013,Bowling,-22.54,CA
50846,5/8/2013,Public Transportation - Train Pass,-95.58,CA
50846,5/8/2013,Fisker Night Club,-107.73,CA
50846,5/9/2013,Green Flash Brewery,-23.84,CA
50846,5/9/2013,Seaside Bar,-18.89,CA
50846,5/9/2013,Owl Night Club,-13.04,CA
50846,5/9/2013,Green Flash Brewery,-23.28,CA
50846,5/9/2013,Restaurant - Burgers,-31.99,CA
50846,5/9/2013,Movie Ticket,-14.17,CA
50846,5/10/2013,Ice Skating Rink,-44.36,CA
50846,5/10/2013,Von's Groceries,-118.71,CA
50846,5/10/2013,Uber,-115.51,CA
50846,5/10/2013,Concert Ticket,-96.89,CA
50846,5/10/2013,Uber,-37.05,CA
50846,5/11/2013,Wine Bar,-5.76,CA
50846,5/12/2013,Ice Skating Rink,-24.29,CA
50846,5/12/2013,Concert Ticket,-33.51,CA
50846,5/12/2013,Karaoke Bar,-0.73,CA
50846,5/12/2013,Restaurant - Pizza,-55.07,CA
50846,5/12/2013,John's Bar & Restaurant,-102.86,CA
50846,5/12/2013,Owl Night Club,-36.79,CA
50846,5/13/2013,Ice Skating Rink,-1.19,CA
50846,5/13/2013,Food Delivery - GrubHub,-89.09,CA
50846,5/13/2013,Karaoke Bar,-38.61,CA
50846,5/13/2013,Green Flash Brewery,-22.62,CA
50846,5/13/2013,Lyft,-9.92,CA
50846,5/14/2013,Uber,-23.99,CA
50846,5/15/2013,Owl Night Club,-29.4,CA
50846,5/15/2013,John's Bar & Restaurant,-102.07,CA
50846,5/16/2013,Fisker Night Club,-39.25,CA
50846,5/16/2013,Restaurant - Chinese,-21.01,CA
50846,5/16/2013,Food Delivery - GrubHub,-20.17,CA
50846,5/16/2013,Concert Ticket,-3.93,CA
50846,5/16/2013,Restaurant - Burgers,-36.26,CA
50846,5/17/2013,Ice Skating Rink,-37.83,CA
50846,5/17/2013,Lyft,-23.53,CA
50846,5/17/2013,Ice Skating Rink,-0.3,CA
50846,5/17/2013,Concert Ticket,-8.2,CA
50846,5/18/2013,Von's Groceries,-31.63,CA
50846,5/18/2013,Karaoke Bar,-35.53,CA
50846,5/19/2013,Taxi,-8.39,CA
50846,5/19/2013,Food Delivery - GrubHub,-23.52,CA
50846,5/19/2013,John's Bar & Restaurant,-1.97,CA
50846,5/19/2013,Starbucks Coffee,-20.78,CA
50846,5/20/2013,Ice Skating Rink,-60.3,CA
50846,5/21/2013,Concert Ticket,-32.85,CA
50846,5/21/2013,Owl Night Club,-24.15,CA
50846,5/22/2013,Restaurant - Steakhouse,-21.81,CA
50846,5/23/2013,Uber,-33.42,CA
50846,5/23/2013,Karaoke Bar,-33.71,CA
50846,5/23/2013,Uber,-15.56,CA
50846,5/23/2013,Public Transportation - Train Pass,-19.35,CA
50846,5/23/2013,John's Bar & Restaurant,-115.98,CA
50846,5/23/2013,Green Flash Brewery,-65.88,CA
50846,5/23/2013,Karaoke Bar,-4.16,CA
50846,5/23/2013,Restaurant - Steakhouse,-30.17,CA
50846,5/24/2013,Ice Skating Rink,-9.23,CA
50846,5/25/2013,Uber,-24.62,CA
50846,5/25/2013,Uber,-16.31,CA
50846,5/25/2013,John's Bar & Restaurant,-17.26,CA
50846,5/25/2013,Taxi,-33.19,CA
50846,5/26/2013,Seaside Bar,-1.73,CA
50846,5/26/2013,Public Transportation - Bus Pass,-36.55,CA
50846,5/26/2013,Whole Foods,-37.91,CA
50846,5/26/2013,Restaurant - Chinese,-10.02,CA
50846,5/27/2013,Ice Skating Rink,-3.48,CA
50846,5/27/2013,Public Transportation - Bus Pass,-112.08,CA
50846,5/27/2013,Lyft,-100.04,CA
50846,5/28/2013,Ice Skating Rink,-29.69,CA
50846,5/28/2013,Green Flash Brewery,-24.72,CA
50846,5/28/2013,Ice Skating Rink,-6.43,CA
50846,5/29/2013,Fisker Night Club,-16.79,CA
50846,5/29/2013,Owl Night Club,-33.72,CA
50846,5/29/2013,Ice Skating Rink,-34.79,CA
50846,5/29/2013,Lyft,-24.55,CA
50846,5/30/2013,Seaside Bar,-20.37,CA
50846,5/30/2013,Wine Bar,-19.38,CA
50846,5/30/2013,Fisker Night Club,-34.26,CA
50846,5/30/2013,John's Bar & Restaurant,-0.27,CA
50846,5/30/2013,Uber,-14.18,CA
50846,5/30/2013,Owl Night Club,-16.19,CA
50846,5/30/2013,Concert Ticket,-35.06,CA
50846,5/30/2013,Concert Ticket,-34.69,CA
50846,5/30/2013,Rodriguez's Bar and Grill,-36.26,CA
50846,5/30/2013,Whole Foods,-32.32,CA
50846,5/30/2013,John's Bar & Restaurant,-86.58,CA
50846,6/2/2013,Paycheck,2818,CA
50846,6/2/2013,Housing Rent,-1173,CA
50846,6/2/2013,Navient - Student Loans,-197,CA
50846,6/2/2013,Concert Ticket,-38.81,CA
50846,6/3/2013,Owl Night Club,-34.14,CA
50846,6/4/2013,Seaside Bar,-13.93,CA
50846,6/4/2013,Lyft,-14.53,CA
50846,6/4/2013,Movie Ticket,-35.38,CA
50846,6/5/2013,Wine Bar,-22.43,CA
50846,6/5/2013,Public Transportation - Train Pass,-27.17,CA
50846,6/6/2013,Movie Ticket,-5.95,CA
50846,6/6/2013,Lyft,-29.64,CA
50846,6/6/2013,Movie Ticket,-12.79,CA
50846,6/6/2013,Fisker Night Club,-24.11,CA
50846,6/6/2013,Fisker Night Club,-19.05,CA
50846,6/6/2013,Ice Skating Rink,-24.35,CA
50846,6/6/2013,Restaurant - Pizza,-36.1,CA
50846,6/7/2013,Public Transportation - Train Pass,-28.71,CA
50846,6/7/2013,Wine Bar,-35.18,CA
50846,6/8/2013,Uber,-81.54,CA
50846,6/9/2013,Movie Ticket,-100.3,CA
50846,6/9/2013,Concert Ticket,-29.36,CA
50846,6/9/2013,Taxi,-0.58,CA
50846,6/9/2013,Rodriguez's Bar and Grill,-25.45,CA
50846,6/9/2013,Uber,-99.43,CA
50846,6/10/2013,Rodriguez's Bar and Grill,-29.51,CA
50846,6/11/2013,Movie Ticket,-5.35,CA
50846,6/11/2013,Sprouts Market,-56.55,CA
50846,6/11/2013,Starbucks Coffee,-21.38,CA
50846,6/11/2013,Rodriguez's Bar and Grill,-1.75,CA
50846,6/12/2013,Public Transportation - Bus Pass,-33.99,CA
50846,6/12/2013,John's Bar & Restaurant,-12.29,CA
50846,6/12/2013,Public Transportation - Train Pass,-43.05,CA
50846,6/13/2013,Green Flash Brewery,-2.41,CA
50846,6/14/2013,Ice Skating Rink,-19.66,CA
50846,6/14/2013,Restaurant - Pizza,-10.93,CA
50846,6/14/2013,Movie Ticket,-23.98,CA
50846,6/15/2013,Movie Ticket,-13.92,CA
50846,6/16/2013,Fisker Night Club,-15.94,CA
50846,6/16/2013,Taxi,-39.53,CA
50846,6/16/2013,Owl Night Club,-10.89,CA
50846,6/16/2013,Restaurant - Burgers,-37.51,CA
50846,6/16/2013,Green Flash Brewery,-12.59,CA
50846,6/16/2013,Ice Skating Rink,-27.8,CA
50846,6/16/2013,Seaside Bar,-17.98,CA
50846,6/16/2013,Bowling,-36.93,CA
50846,6/17/2013,Fisker Night Club,-66.42,CA
50846,6/17/2013,Fisker Night Club,-8.14,CA
50846,6/18/2013,Karaoke Bar,-83.09,CA
50846,6/18/2013,John's Bar & Restaurant,-1.58,CA
50846,6/19/2013,Uber,-1.78,CA
50846,6/19/2013,Taxi,-0.65,CA
50846,6/19/2013,John's Bar & Restaurant,-33.23,CA
50846,6/20/2013,Owl Night Club,-28.86,CA
50846,6/20/2013,Taxi,-26.76,CA
50846,6/20/2013,Food Delivery - GrubHub,-16.45,CA
50846,6/20/2013,Concert Ticket,-115.11,CA
50846,6/20/2013,Uber,-35.05,CA
50846,6/20/2013,Ice Skating Rink,-18.31,CA
50846,6/20/2013,Public Transportation - Bus Pass,-6.77,CA
50846,6/20/2013,Owl Night Club,-4.93,CA
50846,6/20/2013,Concert Ticket,-18.74,CA
50846,6/20/2013,Concert Ticket,-6.26,CA
50846,6/20/2013,Bowling,-59.2,CA
50846,6/20/2013,Ice Skating Rink,-6.14,CA
50846,6/20/2013,Restaurant - Chinese,-15.35,CA
50846,6/20/2013,Movie Ticket,-35.69,CA
50846,6/20/2013,Ice Skating Rink,-30.6,CA
50846,6/20/2013,Green Flash Brewery,-9.93,CA
50846,6/20/2013,John's Bar & Restaurant,-1.05,CA
50846,6/20/2013,Whole Foods,-11.32,CA
50846,6/20/2013,Seaside Bar,-29.15,CA
50846,6/20/2013,Rodriguez's Bar and Grill,-9.92,CA
50846,6/20/2013,Uber,-114.93,CA
50846,6/20/2013,Starbucks Coffee,-27.44,CA
50846,6/20/2013,Taxi,-32.92,CA
50846,6/20/2013,Restaurant - Steakhouse,-88.1,CA
50846,6/21/2013,Restaurant - Pizza,-12.96,CA
50846,6/22/2013,Taxi,-86.79,CA
50846,6/22/2013,Karaoke Bar,-78.55,CA
50846,6/22/2013,Rodriguez's Bar and Grill,-38.83,CA
50846,6/22/2013,Seaside Bar,-48.56,CA
50846,6/22/2013,Concert Ticket,-30.73,CA
50846,6/22/2013,Lyft,-73.78,CA
50846,6/22/2013,Rodriguez's Bar and Grill,-0.45,CA
50846,6/22/2013,Whole Foods,-70.59,CA
50846,6/22/2013,Rodriguez's Bar and Grill,-32.89,CA
50846,6/22/2013,Green Flash Brewery,-7.44,CA
50846,6/22/2013,Seaside Bar,-2.62,CA
50846,6/23/2013,Restaurant - Steakhouse,-55.09,CA
50846,6/23/2013,Fisker Night Club,-2.42,CA
50846,6/23/2013,Wine Bar,-5.55,CA
50846,6/23/2013,Fisker Night Club,-21.32,CA
50846,6/23/2013,Starbucks Coffee,-5.31,CA
50846,6/23/2013,Ice Skating Rink,-62.61,CA
50846,6/23/2013,Ice Skating Rink,-80.49,CA
50846,6/23/2013,Food Delivery - GrubHub,-20.09,CA
50846,6/24/2013,Fisker Night Club,-0.88,CA
50846,6/24/2013,Public Transportation - Bus Pass,-12,CA
50846,6/24/2013,Uber,-37.6,CA
50846,6/24/2013,Owl Night Club,-24.9,CA
50846,6/24/2013,Sprouts Market,-25.31,CA
50846,6/25/2013,Wine Bar,-37.75,CA
50846,6/25/2013,Movie Ticket,-20.67,CA
50846,6/25/2013,Ice Skating Rink,-9.76,CA
50846,6/25/2013,Karaoke Bar,-27.59,CA
50846,6/25/2013,Ice Skating Rink,-6.04,CA
50846,6/25/2013,Wine Bar,-18.05,CA
50846,6/25/2013,John's Bar & Restaurant,-109.18,CA
50846,6/25/2013,Taxi,-23.09,CA
50846,6/25/2013,Wine Bar,-6.64,CA
50846,6/25/2013,Food Delivery - GrubHub,-94.69,CA
50846,6/25/2013,Movie Ticket,-18.66,CA
50846,6/26/2013,Karaoke Bar,-31.04,CA
50846,6/26/2013,Wine Bar,-9.7,CA
50846,6/27/2013,Movie Ticket,-2.75,CA
50846,6/27/2013,Karaoke Bar,-88.27,CA
50846,6/27/2013,Concert Ticket,-20.89,CA
50846,6/27/2013,Public Transportation - Bus Pass,-25.69,CA
50846,6/27/2013,Fisker Night Club,-0.83,CA
50846,6/28/2013,Rodriguez's Bar and Grill,-37.87,CA
50846,6/28/2013,Concert Ticket,-2.67,CA
50846,6/28/2013,Owl Night Club,-1.71,CA
50846,6/29/2013,Karaoke Bar,-71.86,CA
50846,6/29/2013,Sprouts Market,-26.4,CA
50846,6/30/2013,Public Transportation - Bus Pass,-108.53,CA
50846,6/30/2013,Karaoke Bar,-3.65,CA
50846,6/30/2013,Karaoke Bar,-6.08,CA
50846,6/30/2013,Sprouts Market,-35.46,CA
50846,7/2/2013,Paycheck,2818,CA
50846,7/2/2013,Housing Rent,-1186,CA
50846,7/2/2013,Navient - Student Loans,-197,CA
50846,7/2/2013,Public Transportation - Bus Pass,-19.96,CA
50846,7/2/2013,Restaurant - Burgers,-8.76,CA
50846,7/2/2013,Concert Ticket,-21.06,CA
50846,7/2/2013,Bowling,-78.62,CA
50846,7/2/2013,Rodriguez's Bar and Grill,-9.77,CA
50846,7/2/2013,Restaurant - Burgers,-30.35,CA
50846,7/3/2013,Concert Ticket,-32.35,CA
50846,7/3/2013,Concert Ticket,-55.41,CA
50846,7/3/2013,Restaurant - Burgers,-47.64,CA
50846,7/4/2013,John's Bar & Restaurant,-48.61,CA
50846,7/4/2013,Karaoke Bar,-9.14,CA
50846,7/5/2013,Bowling,-22.05,CA
50846,7/5/2013,Rodriguez's Bar and Grill,-40.25,CA
50846,7/6/2013,Ralph's Grocery Store,-1.59,CA
50846,7/7/2013,Rodriguez's Bar and Grill,-6.03,CA
50846,7/7/2013,Karaoke Bar,-60.24,CA
50846,7/7/2013,Rodriguez's Bar and Grill,-5.59,CA
50846,7/7/2013,Rodriguez's Bar and Grill,-40.2,CA
50846,7/7/2013,Green Flash Brewery,-75.34,CA
50846,7/7/2013,Lyft,-20.78,CA
50846,7/7/2013,Fisker Night Club,-14.34,CA
50846,7/7/2013,Restaurant - Pizza,-3.5,CA
50846,7/7/2013,Bowling,-67.85,CA
50846,7/7/2013,Seaside Bar,-20.62,CA
50846,7/7/2013,Movie Ticket,-4.8,CA
50846,7/7/2013,Green Flash Brewery,-22.33,CA
50846,7/7/2013,Green Flash Brewery,-17.15,CA
50846,7/7/2013,Owl Night Club,-34.29,CA
50846,7/8/2013,Restaurant - Pizza,-8.13,CA
50846,7/8/2013,Food Delivery - GrubHub,-39.79,CA
50846,7/8/2013,Restaurant - Chinese,-43.01,CA
50846,7/8/2013,Ice Skating Rink,-34.19,CA
50846,7/8/2013,Fisker Night Club,-21.84,CA
50846,7/8/2013,Movie Ticket,-37.78,CA
50846,7/8/2013,Wine Bar,-23.19,CA
50846,7/8/2013,Green Flash Brewery,-24.36,CA
50846,7/8/2013,Rodriguez's Bar and Grill,-80.97,CA
50846,7/8/2013,Wine Bar,-17.39,CA
50846,7/8/2013,Seaside Bar,-0.15,CA
50846,7/9/2013,Karaoke Bar,-17.05,CA
50846,7/10/2013,John's Bar & Restaurant,-10.67,CA
50846,7/10/2013,Green Flash Brewery,-33.35,CA
50846,7/10/2013,Karaoke Bar,-18.74,CA
50846,7/10/2013,Taxi,-11.86,CA
50846,7/10/2013,Ralph's Grocery Store,-26.86,CA
50846,7/10/2013,Movie Ticket,-39.81,CA
50846,7/11/2013,Fisker Night Club,-2.92,CA
50846,7/11/2013,Public Transportation - Train Pass,-38.65,CA
50846,7/11/2013,Wine Bar,-31.37,CA
50846,7/12/2013,Public Transportation - Train Pass,-30.65,CA
50846,7/12/2013,Uber,-49.63,CA
50846,7/12/2013,Whole Foods,-79.55,CA
50846,7/13/2013,Wine Bar,-15.25,CA
50846,7/14/2013,Owl Night Club,-29.96,CA
50846,7/14/2013,Lyft,-6.24,CA
50846,7/14/2013,Green Flash Brewery,-83.08,CA
50846,7/14/2013,Ralph's Grocery Store,-112.36,CA
50846,7/15/2013,Uber,-88.12,CA
50846,7/15/2013,Restaurant - Steakhouse,-35.86,CA
50846,7/15/2013,Concert Ticket,-43.24,CA
50846,7/15/2013,Public Transportation - Train Pass,-88.33,CA
50846,7/15/2013,Green Flash Brewery,-16.78,CA
50846,7/15/2013,Restaurant - Burgers,-9.96,CA
50846,7/15/2013,Whole Foods,-0.52,CA
50846,7/15/2013,Rodriguez's Bar and Grill,-34.69,CA
50846,7/15/2013,John's Bar & Restaurant,-35.69,CA
50846,7/15/2013,Movie Ticket,-19.27,CA
50846,7/15/2013,Fisker Night Club,-92.26,CA
50846,7/15/2013,Movie Ticket,-32.61,CA
50846,7/15/2013,Starbucks Coffee,-8.47,CA
50846,7/15/2013,Von's Groceries,-14.21,CA
50846,7/15/2013,Lyft,-19.7,CA
50846,7/16/2013,Ice Skating Rink,-11.63,CA
50846,7/16/2013,Green Flash Brewery,-3.48,CA
50846,7/16/2013,John's Bar & Restaurant,-37.64,CA
50846,7/16/2013,Public Transportation - Train Pass,-86.62,CA
50846,7/16/2013,Ralph's Grocery Store,-48.89,CA
50846,7/16/2013,Von's Groceries,-2.52,CA
50846,7/16/2013,Ralph's Grocery Store,-20.38,CA
50846,7/16/2013,Fisker Night Club,-36.29,CA
50846,7/16/2013,Restaurant - Burgers,-32.73,CA
50846,7/17/2013,Rodriguez's Bar and Grill,-28.44,CA
50846,7/17/2013,Owl Night Club,-24.74,CA
50846,7/17/2013,Movie Ticket,-26.95,CA
50846,7/18/2013,John's Bar & Restaurant,-14.35,CA
50846,7/19/2013,Food Delivery - GrubHub,-6.83,CA
50846,7/19/2013,Rodriguez's Bar and Grill,-38.03,CA
50846,7/19/2013,Fisker Night Club,-18.85,CA
50846,7/20/2013,Taxi,-30.26,CA
50846,7/21/2013,Movie Ticket,-13.11,CA
50846,7/22/2013,Bowling,-82.23,CA
50846,7/22/2013,Ice Skating Rink,-64.09,CA
50846,7/22/2013,Fisker Night Club,-84.88,CA
50846,7/22/2013,Rodriguez's Bar and Grill,-11.94,CA
50846,7/22/2013,Concert Ticket,-14.8,CA
50846,7/22/2013,Concert Ticket,-4.26,CA
50846,7/22/2013,Whole Foods,-19.23,CA
50846,7/22/2013,Green Flash Brewery,-4.46,CA
50846,7/23/2013,Bowling,-92.55,CA
50846,7/23/2013,Taxi,-69.87,CA
50846,7/24/2013,Owl Night Club,-96.75,CA
50846,7/25/2013,Owl Night Club,-83.97,CA
50846,7/26/2013,Movie Ticket,-35.45,CA
50846,7/26/2013,Bowling,-5.77,CA
50846,7/26/2013,Ice Skating Rink,-2.95,CA
50846,7/27/2013,John's Bar & Restaurant,-84.05,CA
50846,7/28/2013,Owl Night Club,-116.18,CA
50846,7/28/2013,Owl Night Club,-5.72,CA
50846,7/28/2013,Wine Bar,-31.7,CA
50846,7/28/2013,Whole Foods,-22.17,CA
50846,7/28/2013,John's Bar & Restaurant,-38.79,CA
50846,7/28/2013,Owl Night Club,-23.41,CA
50846,7/28/2013,Bowling,-0.41,CA
50846,7/29/2013,Karaoke Bar,-62.81,CA
50846,7/30/2013,Concert Ticket,-27.42,CA
50846,7/30/2013,Bowling,-35.89,CA
50846,7/30/2013,Von's Groceries,-35.17,CA
50846,8/2/2013,Paycheck,2818,CA
50846,8/2/2013,Housing Rent,-1286,CA
50846,8/2/2013,Navient - Student Loans,-197,CA
50846,8/2/2013,Movie Ticket,-4.62,CA
50846,8/3/2013,Public Transportation - Train Pass,-5.8,CA
50846,8/4/2013,Wine Bar,-26.03,CA
50846,8/4/2013,Concert Ticket,-35.59,CA
50846,8/4/2013,John's Bar & Restaurant,-38.8,CA
50846,8/4/2013,Fisker Night Club,-3.41,CA
50846,8/4/2013,Von's Groceries,-24.68,CA
50846,8/4/2013,John's Bar & Restaurant,-1.87,CA
50846,8/4/2013,Public Transportation - Bus Pass,-16.7,CA
50846,8/4/2013,Public Transportation - Bus Pass,-9.82,CA
50846,8/5/2013,Restaurant - Steakhouse,-39.29,CA
50846,8/5/2013,Public Transportation - Train Pass,-38.14,CA
50846,8/6/2013,Seaside Bar,-10.62,CA
50846,8/7/2013,Concert Ticket,-93.5,CA
50846,8/7/2013,John's Bar & Restaurant,-16.05,CA
50846,8/7/2013,Restaurant - Steakhouse,-75.79,CA
50846,8/7/2013,John's Bar & Restaurant,-59.13,CA
50846,8/8/2013,Food Delivery - GrubHub,-11.85,CA
50846,8/8/2013,Lyft,-25.52,CA
50846,8/8/2013,Rodriguez's Bar and Grill,-38.37,CA
50846,8/8/2013,Lyft,-2.23,CA
50846,8/9/2013,Taxi,-24.49,CA
50846,8/9/2013,Fisker Night Club,-52.57,CA
50846,8/9/2013,Restaurant - Pizza,-74.68,CA
50846,8/9/2013,Public Transportation - Bus Pass,-70.74,CA
50846,8/9/2013,John's Bar & Restaurant,-20.32,CA
50846,8/9/2013,Public Transportation - Train Pass,-86.62,CA
50846,8/9/2013,Rodriguez's Bar and Grill,-10.43,CA
50846,8/9/2013,Concert Ticket,-61.75,CA
50846,8/10/2013,Seaside Bar,-29.04,CA
50846,8/10/2013,Karaoke Bar,-22.7,CA
50846,8/10/2013,Movie Ticket,-70.91,CA
50846,8/10/2013,Lyft,-113.7,CA
50846,8/10/2013,Owl Night Club,-18.73,CA
50846,8/11/2013,Rodriguez's Bar and Grill,-110.95,CA
50846,8/11/2013,Karaoke Bar,-110.09,CA
50846,8/11/2013,Bowling,-30.64,CA
50846,8/12/2013,Green Flash Brewery,-29.04,CA
50846,8/12/2013,Bowling,-17.46,CA
50846,8/12/2013,Movie Ticket,-119.69,CA
50846,8/12/2013,Karaoke Bar,-31.34,CA
50846,8/12/2013,Karaoke Bar,-42.41,CA
50846,8/12/2013,Green Flash Brewery,-32.52,CA
50846,8/12/2013,Whole Foods,-37.34,CA
50846,8/13/2013,Karaoke Bar,-23.12,CA
50846,8/13/2013,Ralph's Grocery Store,-27.8,CA
50846,8/13/2013,Seaside Bar,-6.7,CA
50846,8/13/2013,John's Bar & Restaurant,-15.07,CA
50846,8/14/2013,Public Transportation - Train Pass,-1.66,CA
50846,8/15/2013,Wine Bar,-31.97,CA
50846,8/15/2013,Owl Night Club,-14.09,CA
50846,8/16/2013,Restaurant - Chinese,-9.9,CA
50846,8/16/2013,Bowling,-9.94,CA
50846,8/17/2013,Public Transportation - Train Pass,-29.06,CA
50846,8/18/2013,Bowling,-6.71,CA
50846,8/18/2013,Lyft,-13.36,CA
50846,8/19/2013,Lyft,-3.62,CA
50846,8/19/2013,Ice Skating Rink,-20.25,CA
50846,8/19/2013,Restaurant - Steakhouse,-6.87,CA
50846,8/19/2013,Karaoke Bar,-11.07,CA
50846,8/20/2013,Public Transportation - Bus Pass,-35.05,CA
50846,8/20/2013,Ralph's Grocery Store,-27.67,CA
50846,8/21/2013,Seaside Bar,-29.4,CA
50846,8/21/2013,Owl Night Club,-29.63,CA
50846,8/22/2013,Von's Groceries,-20.8,CA
50846,8/22/2013,Whole Foods,-8.13,CA
50846,8/23/2013,Rodriguez's Bar and Grill,-21.14,CA
50846,8/23/2013,Restaurant - Pizza,-12.88,CA
50846,8/23/2013,Rodriguez's Bar and Grill,-103.63,CA
50846,8/23/2013,Owl Night Club,-19.67,CA
50846,8/23/2013,Seaside Bar,-22.66,CA
50846,8/23/2013,Karaoke Bar,-28.88,CA
50846,8/23/2013,Restaurant - Steakhouse,-26.74,CA
50846,8/23/2013,Starbucks Coffee,-15.38,CA
50846,8/23/2013,Ralph's Grocery Store,-7.78,CA
50846,8/23/2013,John's Bar & Restaurant,-36.17,CA
50846,8/23/2013,Rodriguez's Bar and Grill,-37.74,CA
50846,8/23/2013,Fisker Night Club,-19.42,CA
50846,8/24/2013,Sprouts Market,-94.68,CA
50846,8/24/2013,John's Bar & Restaurant,-16.57,CA
50846,8/24/2013,Bowling,-35.56,CA
50846,8/25/2013,Ice Skating Rink,-30.38,CA
50846,8/25/2013,Taxi,-78.69,CA
50846,8/25/2013,Ice Skating Rink,-12.84,CA
50846,8/25/2013,Movie Ticket,-28.5,CA
50846,8/25/2013,Public Transportation - Bus Pass,-35.18,CA
50846,8/25/2013,Food Delivery - GrubHub,-113.68,CA
50846,8/25/2013,Public Transportation - Bus Pass,-37.82,CA
50846,8/25/2013,Wine Bar,-26.69,CA
50846,8/25/2013,Ice Skating Rink,-62.26,CA
50846,8/26/2013,Movie Ticket,-21.63,CA
50846,8/27/2013,Public Transportation - Bus Pass,-14.2,CA
50846,8/27/2013,Lyft,-32.27,CA
50846,8/28/2013,Public Transportation - Train Pass,-30.07,CA
50846,8/28/2013,Uber,-51.61,CA
50846,8/28/2013,Public Transportation - Bus Pass,-19.85,CA
50846,8/28/2013,Concert Ticket,-26.62,CA
50846,8/29/2013,Lyft,-18.07,CA
50846,8/30/2013,Seaside Bar,-109.39,CA
50846,8/30/2013,Owl Night Club,-5.52,CA
50846,8/30/2013,Public Transportation - Bus Pass,-1.45,CA
50846,9/2/2013,Paycheck,2818,CA
50846,9/2/2013,Housing Rent,-1118,CA
50846,9/2/2013,Navient - Student Loans,-197,CA
50846,9/2/2013,Green Flash Brewery,-25.03,CA
50846,9/2/2013,Lyft,-10.22,CA
50846,9/2/2013,John's Bar & Restaurant,-5.09,CA
50846,9/2/2013,Movie Ticket,-5.79,CA
50846,9/2/2013,Restaurant - Chinese,-5.12,CA
50846,9/2/2013,Karaoke Bar,-7.97,CA
50846,9/2/2013,Public Transportation - Bus Pass,-23.05,CA
50846,9/2/2013,Starbucks Coffee,-5.28,CA
50846,9/2/2013,Restaurant - Burgers,-16.48,CA
50846,9/2/2013,Public Transportation - Bus Pass,-7.78,CA
50846,9/3/2013,Restaurant - Pizza,-14.58,CA
50846,9/3/2013,Ralph's Grocery Store,-58.76,CA
50846,9/3/2013,Concert Ticket,-20.54,CA
50846,9/3/2013,Restaurant - Steakhouse,-16.71,CA
50846,9/3/2013,Seaside Bar,-7.29,CA
50846,9/4/2013,Green Flash Brewery,-38.83,CA
50846,9/5/2013,Rodriguez's Bar and Grill,-6.71,CA
50846,9/5/2013,Sprouts Market,-9.29,CA
50846,9/5/2013,Ice Skating Rink,-18.49,CA
50846,9/5/2013,John's Bar & Restaurant,-27.86,CA
50846,9/6/2013,Taxi,-19.56,CA
50846,9/7/2013,Ralph's Grocery Store,-23.48,CA
50846,9/8/2013,Karaoke Bar,-20.19,CA
50846,9/8/2013,Movie Ticket,-2.25,CA
50846,9/8/2013,Restaurant - Burgers,-25.27,CA
50846,9/9/2013,Owl Night Club,-14.01,CA
50846,9/9/2013,Restaurant - Chinese,-9.95,CA
50846,9/10/2013,Whole Foods,-37.98,CA
50846,9/11/2013,Lyft,-25.34,CA
50846,9/11/2013,Rodriguez's Bar and Grill,-50.64,CA
50846,9/12/2013,Owl Night Club,-7.7,CA
50846,9/12/2013,Fisker Night Club,-32.84,CA
50846,9/12/2013,John's Bar & Restaurant,-22.53,CA
50846,9/12/2013,John's Bar & Restaurant,-5.55,CA
50846,9/12/2013,Lyft,-39.78,CA
50846,9/12/2013,Uber,-2.25,CA
50846,9/12/2013,Public Transportation - Train Pass,-36.5,CA
50846,9/12/2013,Fisker Night Club,-23.23,CA
50846,9/12/2013,Wine Bar,-30.62,CA
50846,9/12/2013,Movie Ticket,-32.6,CA
50846,9/12/2013,Restaurant - Steakhouse,-32.81,CA
50846,9/13/2013,Restaurant - Burgers,-10.02,CA
50846,9/13/2013,Restaurant - Steakhouse,-5.49,CA
50846,9/13/2013,Restaurant - Pizza,-35.79,CA
50846,9/13/2013,Bowling,-31.71,CA
50846,9/13/2013,Movie Ticket,-71.41,CA
50846,9/13/2013,Taxi,-11.74,CA
50846,9/14/2013,Ice Skating Rink,-38.05,CA
50846,9/14/2013,Uber,-28.07,CA
50846,9/14/2013,Karaoke Bar,-29.05,CA
50846,9/15/2013,Concert Ticket,-30.46,CA
50846,9/15/2013,Von's Groceries,-20.54,CA
50846,9/15/2013,Owl Night Club,-15.6,CA
50846,9/15/2013,Whole Foods,-48.6,CA
50846,9/15/2013,Green Flash Brewery,-30.86,CA
50846,9/15/2013,Green Flash Brewery,-15.58,CA
50846,9/15/2013,Whole Foods,-25.22,CA
50846,9/15/2013,Karaoke Bar,-17.38,CA
50846,9/15/2013,Rodriguez's Bar and Grill,-31.24,CA
50846,9/16/2013,Concert Ticket,-34.48,CA
50846,9/16/2013,Seaside Bar,-30.58,CA
50846,9/16/2013,Restaurant - Pizza,-0.88,CA
50846,9/17/2013,John's Bar & Restaurant,-2.48,CA
50846,9/17/2013,Whole Foods,-8.13,CA
50846,9/17/2013,Fisker Night Club,-95.44,CA
50846,9/17/2013,Restaurant - Burgers,-10.65,CA
50846,9/17/2013,Fisker Night Club,-21.7,CA
50846,9/18/2013,Movie Ticket,-1.39,CA
50846,9/19/2013,Restaurant - Pizza,-27.3,CA
50846,9/20/2013,Ice Skating Rink,-28.65,CA
50846,9/20/2013,Green Flash Brewery,-14.16,CA
50846,9/21/2013,Ice Skating Rink,-26.78,CA
50846,9/22/2013,John's Bar & Restaurant,-3.22,CA
50846,9/22/2013,Bowling,-88.55,CA
50846,9/22/2013,Restaurant - Steakhouse,-55.83,CA
50846,9/22/2013,Wine Bar,-69.36,CA
50846,9/22/2013,Movie Ticket,-11.77,CA
50846,9/22/2013,Ice Skating Rink,-58.01,CA
50846,9/22/2013,Ralph's Grocery Store,-27.02,CA
50846,9/22/2013,Lyft,-32.57,CA
50846,9/23/2013,Wine Bar,-2.92,CA
50846,9/24/2013,Green Flash Brewery,-7.9,CA
50846,9/25/2013,Ice Skating Rink,-21.72,CA
50846,9/26/2013,Green Flash Brewery,-31.64,CA
50846,9/27/2013,Von's Groceries,-17.35,CA
50846,9/28/2013,Starbucks Coffee,-16.75,CA
50846,9/28/2013,Restaurant - Burgers,-18.59,CA
50846,9/29/2013,Public Transportation - Bus Pass,-14.91,CA
50846,9/29/2013,Ralph's Grocery Store,-34.72,CA
50846,9/29/2013,Wine Bar,-16.14,CA
50846,9/29/2013,Wine Bar,-22.02,CA
50846,9/29/2013,Public Transportation - Train Pass,-2.68,CA
50846,9/29/2013,Ice Skating Rink,-19.88,CA
50846,9/30/2013,Public Transportation - Train Pass,-39.48,CA
50846,9/30/2013,Karaoke Bar,-14.2,CA
50846,10/2/2013,Paycheck,2818,CA
50846,10/2/2013,Housing Rent,-1334,CA
50846,10/2/2013,Navient - Student Loans,-197,CA
50846,10/2/2013,Fisker Night Club,-34.38,CA
50846,10/2/2013,Bowling,-3.4,CA
50846,10/2/2013,Green Flash Brewery,-59.64,CA
50846,10/3/2013,John's Bar & Restaurant,-28.39,CA
50846,10/3/2013,Rodriguez's Bar and Grill,-33.49,CA
50846,10/3/2013,Public Transportation - Train Pass,-2.11,CA
50846,10/4/2013,Wine Bar,-39.89,CA
50846,10/4/2013,Uber,-32.44,CA
50846,10/4/2013,Karaoke Bar,-76.6,CA
50846,10/4/2013,Bowling,-25.13,CA
50846,10/4/2013,Green Flash Brewery,-6.85,CA
50846,10/5/2013,Karaoke Bar,-14.33,CA
50846,10/5/2013,Restaurant - Pizza,-21.11,CA
50846,10/5/2013,Public Transportation - Train Pass,-20.46,CA
50846,10/6/2013,Starbucks Coffee,-34.2,CA
50846,10/7/2013,Rodriguez's Bar and Grill,-39.01,CA
50846,10/8/2013,Public Transportation - Bus Pass,-114,CA
50846,10/9/2013,Lyft,-0.41,CA
50846,10/9/2013,Restaurant - Steakhouse,-34.83,CA
50846,10/9/2013,Karaoke Bar,-26.5,CA
50846,10/9/2013,Green Flash Brewery,-25.89,CA
50846,10/9/2013,Public Transportation - Bus Pass,-17.02,CA
50846,10/10/2013,Sprouts Market,-9.62,CA
50846,10/10/2013,Lyft,-7.84,CA
50846,10/10/2013,Restaurant - Steakhouse,-23.84,CA
50846,10/10/2013,Lyft,-5.73,CA
50846,10/11/2013,Lyft,-23.91,CA
50846,10/11/2013,Public Transportation - Train Pass,-60.54,CA
50846,10/12/2013,Seaside Bar,-25.43,CA
50846,10/13/2013,Wine Bar,-63.51,CA
50846,10/14/2013,Concert Ticket,-14.67,CA
50846,10/14/2013,Lyft,-10.44,CA
50846,10/15/2013,Ralph's Grocery Store,-22.12,CA
50846,10/15/2013,Owl Night Club,-16.53,CA
50846,10/16/2013,Fisker Night Club,-2.86,CA
50846,10/16/2013,Ice Skating Rink,-38.62,CA
50846,10/16/2013,John's Bar & Restaurant,-38.02,CA
50846,10/17/2013,Taxi,-114.95,CA
50846,10/17/2013,Movie Ticket,-25.47,CA
50846,10/17/2013,Rodriguez's Bar and Grill,-31.33,CA
50846,10/18/2013,Wine Bar,-118.6,CA
50846,10/18/2013,Karaoke Bar,-105.72,CA
50846,10/18/2013,Restaurant - Pizza,-10.11,CA
50846,10/19/2013,Bowling,-24.81,CA
50846,10/20/2013,Movie Ticket,-8.29,CA
50846,10/20/2013,Public Transportation - Bus Pass,-21.48,CA
50846,10/20/2013,Public Transportation - Train Pass,-18.96,CA
50846,10/20/2013,Lyft,-9.88,CA
50846,10/20/2013,Public Transportation - Train Pass,-5.6,CA
50846,10/20/2013,Food Delivery - GrubHub,-8.02,CA
50846,10/20/2013,Ice Skating Rink,-12.05,CA
50846,10/21/2013,John's Bar & Restaurant,-33.2,CA
50846,10/21/2013,Restaurant - Burgers,-20.95,CA
50846,10/22/2013,Ralph's Grocery Store,-28.61,CA
50846,10/22/2013,Public Transportation - Bus Pass,-52.5,CA
50846,10/22/2013,Fisker Night Club,-19.12,CA
50846,10/22/2013,Taxi,-32.03,CA
50846,10/22/2013,Taxi,-19.49,CA
50846,10/22/2013,Karaoke Bar,-39.6,CA
50846,10/23/2013,Uber,-8.72,CA
50846,10/23/2013,Rodriguez's Bar and Grill,-38.81,CA
50846,10/24/2013,Movie Ticket,-21.74,CA
50846,10/25/2013,Rodriguez's Bar and Grill,-18.23,CA
50846,10/25/2013,Wine Bar,-11.78,CA
50846,10/25/2013,Concert Ticket,-22.15,CA
50846,10/25/2013,John's Bar & Restaurant,-12.33,CA
50846,10/26/2013,Ice Skating Rink,-37.2,CA
50846,10/27/2013,John's Bar & Restaurant,-35.92,CA
50846,10/27/2013,Uber,-18.48,CA
50846,10/27/2013,Owl Night Club,-14.88,CA
50846,10/27/2013,Sprouts Market,-57.18,CA
50846,10/27/2013,Seaside Bar,-0.37,CA
50846,10/28/2013,Fisker Night Club,-18.5,CA
50846,10/29/2013,Starbucks Coffee,-11.53,CA
50846,10/29/2013,Lyft,-29.38,CA
50846,10/29/2013,Restaurant - Steakhouse,-25.84,CA
50846,10/30/2013,Ice Skating Rink,-26.79,CA
50846,11/2/2013,Paycheck,2818,CA
50846,11/2/2013,Housing Rent,-1173,CA
50846,11/2/2013,Navient - Student Loans,-197,CA
50846,11/2/2013,Ice Skating Rink,-18.45,CA
50846,11/2/2013,Food Delivery - GrubHub,-17.55,CA
50846,11/3/2013,Concert Ticket,-3,CA
50846,11/4/2013,Uber,-6.53,CA
50846,11/4/2013,Rodriguez's Bar and Grill,-31.43,CA
50846,11/5/2013,Karaoke Bar,-11.46,CA
50846,11/5/2013,Food Delivery - GrubHub,-14.89,CA
50846,11/5/2013,Wine Bar,-8.27,CA
50846,11/5/2013,Fisker Night Club,-26.26,CA
50846,11/5/2013,John's Bar & Restaurant,-110.17,CA
50846,11/5/2013,Restaurant - Steakhouse,-31.09,CA
50846,11/6/2013,Fisker Night Club,-38.25,CA
50846,11/6/2013,Rodriguez's Bar and Grill,-32.3,CA
50846,11/7/2013,Owl Night Club,-82.66,CA
50846,11/7/2013,Movie Ticket,-103.7,CA
50846,11/7/2013,Concert Ticket,-115.06,CA
50846,11/8/2013,Fisker Night Club,-33.74,CA
50846,11/9/2013,Starbucks Coffee,-35.37,CA
50846,11/9/2013,Taxi,-19.39,CA
50846,11/10/2013,Restaurant - Burgers,-17,CA
50846,11/10/2013,Movie Ticket,-31.04,CA
50846,11/11/2013,Public Transportation - Bus Pass,-9.1,CA
50846,11/11/2013,Food Delivery - GrubHub,-18.33,CA
50846,11/11/2013,Wine Bar,-27.49,CA
50846,11/12/2013,Food Delivery - GrubHub,-27.78,CA
50846,11/12/2013,Movie Ticket,-10.86,CA
50846,11/12/2013,Karaoke Bar,-0.16,CA
50846,11/12/2013,Taxi,-111.56,CA
50846,11/12/2013,Wine Bar,-10.96,CA
50846,11/12/2013,Taxi,-24.86,CA
50846,11/13/2013,Owl Night Club,-62.07,CA
50846,11/13/2013,Concert Ticket,-17.27,CA
50846,11/13/2013,John's Bar & Restaurant,-5.12,CA
50846,11/13/2013,Public Transportation - Bus Pass,-11.08,CA
50846,11/14/2013,Fisker Night Club,-25.94,CA
50846,11/14/2013,Fisker Night Club,-24.86,CA
50846,11/15/2013,Green Flash Brewery,-18.64,CA
50846,11/15/2013,Ice Skating Rink,-4.77,CA
50846,11/15/2013,John's Bar & Restaurant,-1.83,CA
50846,11/15/2013,Taxi,-19.48,CA
50846,11/15/2013,Public Transportation - Train Pass,-3.97,CA
50846,11/16/2013,Owl Night Club,-6.41,CA
50846,11/16/2013,Bowling,-24.2,CA
50846,11/16/2013,Wine Bar,-88.36,CA
50846,11/16/2013,Karaoke Bar,-24.2,CA
50846,11/17/2013,John's Bar & Restaurant,-5.06,CA
50846,11/17/2013,Starbucks Coffee,-18.67,CA
50846,11/17/2013,Wine Bar,-39.05,CA
50846,11/18/2013,Wine Bar,-23.3,CA
50846,11/18/2013,Uber,-83.89,CA
50846,11/18/2013,Lyft,-81.17,CA
50846,11/18/2013,Owl Night Club,-37.68,CA
50846,11/18/2013,Wine Bar,-93.08,CA
50846,11/18/2013,Concert Ticket,-39.5,CA
50846,11/19/2013,Ice Skating Rink,-2.22,CA
50846,11/20/2013,Movie Ticket,-17.18,CA
50846,11/20/2013,Public Transportation - Bus Pass,-4.41,CA
50846,11/21/2013,Rodriguez's Bar and Grill,-103.58,CA
50846,11/21/2013,Fisker Night Club,-24.76,CA
50846,11/22/2013,Taxi,-24.03,CA
50846,11/22/2013,Uber,-15.8,CA
50846,11/22/2013,Whole Foods,-29.1,CA
50846,11/22/2013,Green Flash Brewery,-34.56,CA
50846,11/23/2013,Uber,-36.57,CA
50846,11/23/2013,Rodriguez's Bar and Grill,-37.59,CA
50846,11/24/2013,Public Transportation - Bus Pass,-111.51,CA
50846,11/25/2013,Restaurant - Steakhouse,-12.03,CA
50846,11/25/2013,Restaurant - Burgers,-20.6,CA
50846,11/25/2013,Movie Ticket,-29.54,CA
50846,11/25/2013,Karaoke Bar,-16.16,CA
50846,11/26/2013,Fisker Night Club,-27.23,CA
50846,11/27/2013,Green Flash Brewery,-28.85,CA
50846,11/27/2013,Movie Ticket,-33.98,CA
50846,11/28/2013,Movie Ticket,-31.42,CA
50846,11/29/2013,Seaside Bar,-19.47,CA
50846,11/30/2013,Green Flash Brewery,-17.61,CA
50846,11/30/2013,Food Delivery - GrubHub,-18.65,CA
50846,11/30/2013,Owl Night Club,-86.64,CA
50846,12/2/2013,Paycheck,2818,CA
50846,12/2/2013,Housing Rent,-1294,CA
50846,12/2/2013,Navient - Student Loans,-197,CA
50846,12/2/2013,Ice Skating Rink,-24.13,CA
50846,12/3/2013,Owl Night Club,-5.67,CA
50846,12/4/2013,Fisker Night Club,-25.38,CA
50846,12/5/2013,Taxi,-12.58,CA
50846,12/5/2013,Green Flash Brewery,-36.61,CA
50846,12/5/2013,Concert Ticket,-56.62,CA
50846,12/5/2013,Karaoke Bar,-49.6,CA
50846,12/5/2013,Karaoke Bar,-7.9,CA
50846,12/5/2013,Karaoke Bar,-20.55,CA
50846,12/5/2013,Public Transportation - Bus Pass,-13.67,CA
50846,12/5/2013,Fisker Night Club,-11.37,CA
50846,12/5/2013,Concert Ticket,-31.11,CA
50846,12/5/2013,Rodriguez's Bar and Grill,-25.99,CA
50846,12/6/2013,Karaoke Bar,-46.29,CA
50846,12/6/2013,Bowling,-29.57,CA
50846,12/6/2013,Wine Bar,-29.67,CA
50846,12/7/2013,Fisker Night Club,-10.03,CA
50846,12/8/2013,Public Transportation - Train Pass,-51.91,CA
50846,12/9/2013,Uber,-111.96,CA
50846,12/9/2013,Bowling,-3.43,CA
50846,12/10/2013,Owl Night Club,-39.52,CA
50846,12/10/2013,Fisker Night Club,-33.01,CA
50846,12/10/2013,Concert Ticket,-35.56,CA
50846,12/10/2013,Rodriguez's Bar and Grill,-4.66,CA
50846,12/10/2013,Bowling,-3.49,CA
50846,12/10/2013,Seaside Bar,-31.86,CA
50846,12/10/2013,Karaoke Bar,-18.15,CA
50846,12/10/2013,Karaoke Bar,-0.88,CA
50846,12/10/2013,Restaurant - Burgers,-11.46,CA
50846,12/11/2013,Green Flash Brewery,-7.26,CA
50846,12/12/2013,Restaurant - Chinese,-17.82,CA
50846,12/12/2013,Rodriguez's Bar and Grill,-20.07,CA
50846,12/13/2013,Karaoke Bar,-17.18,CA
50846,12/14/2013,Rodriguez's Bar and Grill,-1.86,CA
50846,12/15/2013,Concert Ticket,-23.58,CA
50846,12/16/2013,Starbucks Coffee,-31.01,CA
50846,12/16/2013,Green Flash Brewery,-35.74,CA
50846,12/17/2013,Sprouts Market,-21.18,CA
50846,12/17/2013,Bowling,-39.21,CA
50846,12/17/2013,Lyft,-12.08,CA
50846,12/17/2013,Owl Night Club,-2.42,CA
50846,12/18/2013,Public Transportation - Train Pass,-34.76,CA
50846,12/19/2013,Green Flash Brewery,-24.1,CA
50846,12/19/2013,Fisker Night Club,-20.47,CA
50846,12/19/2013,Bowling,-7.27,CA
50846,12/19/2013,Karaoke Bar,-39,CA
50846,12/19/2013,Green Flash Brewery,-78.78,CA
50846,12/19/2013,Lyft,-3.02,CA
50846,12/20/2013,Movie Ticket,-5.82,CA
50846,12/21/2013,Lyft,-4.23,CA
50846,12/22/2013,Restaurant - Pizza,-2.83,CA
50846,12/22/2013,Wine Bar,-33.15,CA
50846,12/23/2013,Bowling,-38.21,CA
50846,12/23/2013,Concert Ticket,-8.86,CA
50846,12/23/2013,Uber,-35,CA
50846,12/24/2013,Public Transportation - Train Pass,-7.45,CA
50846,12/24/2013,Whole Foods,-22.07,CA
50846,12/24/2013,Taxi,-32.24,CA
50846,12/24/2013,Public Transportation - Train Pass,-9.78,CA
50846,12/25/2013,Concert Ticket,-24.2,CA
50846,12/25/2013,Karaoke Bar,-102.42,CA
50846,12/25/2013,John's Bar & Restaurant,-36.62,CA
50846,12/25/2013,Owl Night Club,-34.8,CA
50846,12/25/2013,Bowling,-16.78,CA
50846,12/25/2013,Ice Skating Rink,-41.49,CA
50846,12/25/2013,Bowling,-6.72,CA
50846,12/26/2013,Karaoke Bar,-4.32,CA
50846,12/26/2013,Green Flash Brewery,-49.62,CA
50846,12/27/2013,Concert Ticket,-11.89,CA
50846,12/27/2013,John's Bar & Restaurant,-27.28,CA
50846,12/27/2013,Rodriguez's Bar and Grill,-37.41,CA
50846,12/27/2013,John's Bar & Restaurant,-116.19,CA
50846,12/27/2013,Concert Ticket,-24.49,CA
50846,12/27/2013,Concert Ticket,-17.58,CA
50846,12/27/2013,Restaurant - Chinese,-9.46,CA
50846,12/28/2013,Green Flash Brewery,-21.68,CA
50846,12/29/2013,Ice Skating Rink,-115.87,CA
50846,12/29/2013,Ice Skating Rink,-25.48,CA
50846,12/29/2013,Restaurant - Chinese,-26.25,CA
50846,12/29/2013,Ice Skating Rink,-104,CA
50846,12/29/2013,Bowling,-11.19,CA
50846,12/29/2013,Seaside Bar,-2.31,CA
50846,12/29/2013,Green Flash Brewery,-98.14,CA
50846,12/29/2013,Wine Bar,-21.46,CA
50846,12/30/2013,Restaurant - Chinese,-34.73,CA
50846,12/30/2013,John's Bar & Restaurant,-22.29,CA
50846,12/32/2013,Karaoke Bar,-53.32,CA
50846,12/32/2013,Public Transportation - Train Pass,-20.31,CA
50846,1/2/2014,Taxi,-9.18,CA
50846,1/2/2014,John's Bar & Restaurant,-32.09,CA
50846,1/2/2014,Seaside Bar,-102.13,CA
50846,1/2/2014,Ice Skating Rink,-15.86,CA
50846,1/2/2014,Movie Ticket,-16,CA
50846,1/3/2014,Concert Ticket,-2.71,CA
50846,1/3/2014,Owl Night Club,-17.02,CA
50846,1/3/2014,Sprouts Market,-27.24,CA
50846,1/3/2014,Von's Groceries,-19.74,CA
50846,1/3/2014,Taxi,-6.97,CA
50846,1/3/2014,Bowling,-29.8,CA
50846,1/3/2014,Ice Skating Rink,-35.52,CA
50846,1/3/2014,Concert Ticket,-14.06,CA
50846,1/3/2014,Taxi,-25.74,CA
50846,1/3/2014,Ice Skating Rink,-102.46,CA
50846,1/4/2014,Lyft,-8.09,CA
50846,1/4/2014,Starbucks Coffee,-34.75,CA
50846,1/5/2014,Restaurant - Burgers,-27.2,CA
50846,1/5/2014,Rodriguez's Bar and Grill,-32.47,CA
50846,1/6/2014,John's Bar & Restaurant,-25.79,CA
50846,1/6/2014,Movie Ticket,-50.66,CA
50846,1/7/2014,Ralph's Grocery Store,-1.81,CA
50846,1/8/2014,Bowling,-10.04,CA
50846,1/9/2014,Ice Skating Rink,-110.61,CA
50846,1/9/2014,John's Bar & Restaurant,-98.21,CA
50846,1/10/2014,Restaurant - Chinese,-29.3,CA
50846,1/11/2014,Sprouts Market,-26.81,CA
50846,1/11/2014,Fisker Night Club,-62.14,CA
50846,1/12/2014,Lyft,-32.47,CA
50846,1/13/2014,Bowling,-24.33,CA
50846,1/14/2014,Seaside Bar,-20.36,CA
50846,1/14/2014,Sprouts Market,-79,CA
50846,1/15/2014,Ice Skating Rink,-84,CA
50846,1/15/2014,Concert Ticket,-24.47,CA
50846,1/16/2014,Owl Night Club,-6.43,CA
50846,1/17/2014,Food Delivery - GrubHub,-24.33,CA
50846,1/17/2014,Whole Foods,-11.06,CA
50846,1/17/2014,Movie Ticket,-5.34,CA
50846,1/18/2014,Sprouts Market,-6.62,CA
50846,1/19/2014,Wine Bar,-39.79,CA
50846,1/20/2014,Sprouts Market,-36.96,CA
50846,1/21/2014,Uber,-35.2,CA
50846,1/22/2014,Seaside Bar,-22.82,CA
50846,1/22/2014,Owl Night Club,-23.81,CA
50846,1/23/2014,Green Flash Brewery,-14.43,CA
50846,1/23/2014,Starbucks Coffee,-31.9,CA
50846,1/24/2014,Taxi,-26.9,CA
50846,1/25/2014,Fisker Night Club,-15.29,CA
50846,1/25/2014,Seaside Bar,-22.05,CA
50846,1/25/2014,Ice Skating Rink,-8.32,CA
50846,1/25/2014,Food Delivery - GrubHub,-39.18,CA
50846,1/25/2014,Karaoke Bar,-21.37,CA
50846,1/25/2014,John's Bar & Restaurant,-6.88,CA
50846,1/25/2014,Restaurant - Pizza,-20.09,CA
50846,1/26/2014,Concert Ticket,-14.71,CA
50846,1/27/2014,Owl Night Club,-29.84,CA
50846,1/28/2014,Concert Ticket,-70.26,CA
50846,1/29/2014,Sprouts Market,-24.31,CA
50846,1/30/2014,Movie Ticket,-0.27,CA
50846,1/30/2014,Uber,-3.7,CA
50846,1/30/2014,Public Transportation - Train Pass,-27.28,CA
50846,3/2/2014,Paycheck,2818,CA
50846,3/2/2014,Housing Rent,-940,CA
50846,3/2/2014,Navient - Student Loans,-197,CA
50846,3/2/2014,Wine Bar,-93.62,CA
50846,3/2/2014,Ice Skating Rink,-21.28,CA
50846,3/3/2014,Karaoke Bar,-2.35,CA
50846,3/3/2014,Owl Night Club,-17.83,CA
50846,3/3/2014,Karaoke Bar,-10.04,CA
50846,3/4/2014,Green Flash Brewery,-27.1,CA
50846,3/4/2014,Ice Skating Rink,-13.65,CA
50846,3/4/2014,Green Flash Brewery,-23.29,CA
50846,3/4/2014,Green Flash Brewery,-26.8,CA
50846,3/5/2014,Movie Ticket,-6.02,CA
50846,3/5/2014,Von's Groceries,-34.73,CA
50846,3/5/2014,Rodriguez's Bar and Grill,-22.23,CA
50846,3/5/2014,Ralph's Grocery Store,-6.02,CA
50846,3/6/2014,Seaside Bar,-0.18,CA
50846,3/6/2014,Bowling,-25.4,CA
50846,3/6/2014,Rodriguez's Bar and Grill,-61.25,CA
50846,3/6/2014,Ice Skating Rink,-35.61,CA
50846,3/7/2014,Taxi,-7.17,CA
50846,3/7/2014,Karaoke Bar,-16.21,CA
50846,3/7/2014,Concert Ticket,-0.35,CA
50846,3/7/2014,Starbucks Coffee,-107.68,CA
50846,3/7/2014,Seaside Bar,-96.71,CA
50846,3/7/2014,Lyft,-36.79,CA
50846,3/7/2014,Fisker Night Club,-119.84,CA
50846,3/8/2014,Karaoke Bar,-24.38,CA
50846,3/8/2014,Food Delivery - GrubHub,-19.5,CA
50846,3/8/2014,Bowling,-37.28,CA
50846,3/8/2014,Seaside Bar,-38.6,CA
50846,3/8/2014,Fisker Night Club,-16.47,CA
50846,3/8/2014,Sprouts Market,-67.87,CA
50846,3/9/2014,Concert Ticket,-24.34,CA
50846,3/10/2014,Ralph's Grocery Store,-1.7,CA
50846,3/10/2014,Public Transportation - Bus Pass,-5.89,CA
50846,3/11/2014,Restaurant - Pizza,-16.25,CA
50846,3/11/2014,Karaoke Bar,-26.75,CA
50846,3/11/2014,Starbucks Coffee,-32.75,CA
50846,3/11/2014,Ralph's Grocery Store,-13.6,CA
50846,3/12/2014,Wine Bar,-20.63,CA
50846,3/12/2014,Fisker Night Club,-15.42,CA
50846,3/12/2014,John's Bar & Restaurant,-1.13,CA
50846,3/12/2014,Uber,-24.69,CA
50846,3/12/2014,Ice Skating Rink,-0.26,CA
50846,3/12/2014,Green Flash Brewery,-30.87,CA
50846,3/13/2014,Whole Foods,-20.92,CA
50846,3/13/2014,Public Transportation - Train Pass,-35.56,CA
50846,3/13/2014,Seaside Bar,-57.15,CA
50846,3/14/2014,Ice Skating Rink,-6.51,CA
50846,3/14/2014,Von's Groceries,-20.24,CA
50846,3/15/2014,Von's Groceries,-21.55,CA
50846,3/16/2014,John's Bar & Restaurant,-31.83,CA
50846,3/16/2014,Ice Skating Rink,-37.81,CA
50846,3/16/2014,Concert Ticket,-26.73,CA
50846,3/16/2014,Starbucks Coffee,-25.59,CA
50846,3/16/2014,Wine Bar,-29.32,CA
50846,3/16/2014,Von's Groceries,-32.81,CA
50846,3/16/2014,Public Transportation - Bus Pass,-14.29,CA
50846,3/16/2014,Sprouts Market,-72.01,CA
50846,3/17/2014,Seaside Bar,-30.79,CA
50846,3/17/2014,Uber,-23.73,CA
50846,3/17/2014,Whole Foods,-23.59,CA
50846,3/18/2014,Wine Bar,-34.12,CA
50846,3/18/2014,Wine Bar,-5.43,CA
50846,3/19/2014,Bowling,-106.3,CA
50846,3/19/2014,Green Flash Brewery,-4.27,CA
50846,3/19/2014,Seaside Bar,-28.9,CA
50846,3/19/2014,Wine Bar,-31.4,CA
50846,3/20/2014,Concert Ticket,-23.17,CA
50846,3/20/2014,Wine Bar,-30.87,CA
50846,3/20/2014,Lyft,-0.25,CA
50846,3/20/2014,Bowling,-25.43,CA
50846,3/20/2014,Restaurant - Chinese,-74.39,CA
50846,3/21/2014,Rodriguez's Bar and Grill,-1,CA
50846,3/22/2014,Fisker Night Club,-28.03,CA
50846,3/23/2014,Taxi,-9.55,CA
50846,3/23/2014,Lyft,-27.85,CA
50846,3/24/2014,Karaoke Bar,-117.07,CA
50846,3/24/2014,Lyft,-35.62,CA
50846,3/25/2014,Taxi,-5.02,CA
50846,3/26/2014,Uber,-33.87,CA
50846,3/27/2014,Whole Foods,-34.51,CA
50846,3/28/2014,Bowling,-32.03,CA
50846,3/28/2014,Movie Ticket,-91.61,CA
50846,3/28/2014,Wine Bar,-11.82,CA
50846,3/28/2014,Ice Skating Rink,-63.05,CA
50846,3/28/2014,Owl Night Club,-35.18,CA
50846,3/28/2014,Public Transportation - Bus Pass,-26.81,CA
50846,3/28/2014,Ice Skating Rink,-75.24,CA
50846,3/28/2014,Green Flash Brewery,-25.03,CA
50846,3/28/2014,Taxi,-38.39,CA
50846,3/28/2014,Public Transportation - Train Pass,-12.81,CA
50846,3/28/2014,Lyft,-28.8,CA
50846,3/29/2014,Bowling,-21.58,CA
50846,3/29/2014,Uber,-15.27,CA
50846,3/30/2014,Bowling,-7.08,CA
50846,3/30/2014,John's Bar & Restaurant,-6.27,CA
50846,4/2/2014,Paycheck,2818,CA
50846,4/2/2014,Housing Rent,-788,CA
50846,4/2/2014,Navient - Student Loans,-197,CA
50846,4/2/2014,Green Flash Brewery,-27.18,CA
50846,4/2/2014,Karaoke Bar,-9.88,CA
50846,4/2/2014,Concert Ticket,-36.84,CA
50846,4/2/2014,Uber,-23.44,CA
50846,4/2/2014,Taxi,-25.39,CA
50846,4/2/2014,Restaurant - Chinese,-6.09,CA
50846,4/2/2014,John's Bar & Restaurant,-37.57,CA
50846,4/2/2014,Fisker Night Club,-34.94,CA
50846,4/3/2014,Whole Foods,-22.89,CA
50846,4/3/2014,Seaside Bar,-15.45,CA
50846,4/4/2014,Owl Night Club,-28.04,CA
50846,4/4/2014,Concert Ticket,-0.43,CA
50846,4/4/2014,Seaside Bar,-79.3,CA
50846,4/4/2014,Public Transportation - Bus Pass,-0.81,CA
50846,4/4/2014,Owl Night Club,-111.78,CA
50846,4/4/2014,Wine Bar,-6.38,CA
50846,4/5/2014,Uber,-21.2,CA
50846,4/6/2014,Public Transportation - Bus Pass,-9.5,CA
50846,4/7/2014,Public Transportation - Bus Pass,-31.65,CA
50846,4/7/2014,Von's Groceries,-38.71,CA
50846,4/7/2014,Restaurant - Pizza,-15.21,CA
50846,4/7/2014,Public Transportation - Bus Pass,-30.34,CA
50846,4/7/2014,Lyft,-19.55,CA
50846,4/7/2014,Wine Bar,-21.42,CA
50846,4/7/2014,Concert Ticket,-20.63,CA
50846,4/7/2014,Public Transportation - Train Pass,-20.51,CA
50846,4/8/2014,Public Transportation - Train Pass,-27.74,CA
50846,4/8/2014,Restaurant - Burgers,-38.58,CA
50846,4/8/2014,Karaoke Bar,-22.19,CA
50846,4/9/2014,John's Bar & Restaurant,-26.68,CA
50846,4/9/2014,Ice Skating Rink,-24.72,CA
50846,4/9/2014,Ice Skating Rink,-116.71,CA
50846,4/9/2014,Rodriguez's Bar and Grill,-28.76,CA
50846,4/9/2014,Bowling,-33.87,CA
50846,4/10/2014,Taxi,-17.07,CA
50846,4/10/2014,Movie Ticket,-14.53,CA
50846,4/11/2014,Lyft,-16.5,CA
50846,4/11/2014,Public Transportation - Train Pass,-15.27,CA
50846,4/11/2014,Rodriguez's Bar and Grill,-34.82,CA
50846,4/12/2014,John's Bar & Restaurant,-32.4,CA
50846,4/13/2014,Fisker Night Club,-2.1,CA
50846,4/13/2014,Uber,-23.74,CA
50846,4/13/2014,Von's Groceries,-5.01,CA
50846,4/13/2014,Rodriguez's Bar and Grill,-39.55,CA
50846,4/13/2014,Von's Groceries,-25.4,CA
50846,4/13/2014,John's Bar & Restaurant,-20.98,CA
50846,4/13/2014,Sprouts Market,-9.58,CA
50846,4/13/2014,Rodriguez's Bar and Grill,-20.35,CA
50846,4/13/2014,John's Bar & Restaurant,-17.55,CA
50846,4/13/2014,Karaoke Bar,-21.77,CA
50846,4/13/2014,Von's Groceries,-22.43,CA
50846,4/13/2014,Bowling,-39.15,CA
50846,4/13/2014,Karaoke Bar,-78.78,CA
50846,4/13/2014,Seaside Bar,-63.56,CA
50846,4/13/2014,Lyft,-7.66,CA
50846,4/13/2014,Lyft,-34.99,CA
50846,4/13/2014,Starbucks Coffee,-18.37,CA
50846,4/13/2014,Concert Ticket,-11.51,CA
50846,4/13/2014,Taxi,-22.05,CA
50846,4/13/2014,John's Bar & Restaurant,-66.26,CA
50846,4/14/2014,Fisker Night Club,-92.99,CA
50846,4/14/2014,Restaurant - Chinese,-4.56,CA
50846,4/14/2014,Food Delivery - GrubHub,-3.03,CA
50846,4/14/2014,John's Bar & Restaurant,-9.3,CA
50846,4/15/2014,Karaoke Bar,-31.21,CA
50846,4/16/2014,Concert Ticket,-96.22,CA
50846,4/16/2014,Public Transportation - Train Pass,-31.1,CA
50846,4/17/2014,Lyft,-45.48,CA
50846,4/18/2014,Lyft,-12.06,CA
50846,4/19/2014,Movie Ticket,-104.96,CA
50846,4/19/2014,John's Bar & Restaurant,-28.33,CA
50846,4/20/2014,Ice Skating Rink,-6.46,CA
50846,4/20/2014,Owl Night Club,-1.83,CA
50846,4/20/2014,Seaside Bar,-3.86,CA
50846,4/20/2014,John's Bar & Restaurant,-6.8,CA
50846,4/21/2014,Ice Skating Rink,-8.67,CA
50846,4/21/2014,Green Flash Brewery,-30.64,CA
50846,4/21/2014,Rodriguez's Bar and Grill,-35.58,CA
50846,4/22/2014,Concert Ticket,-92.34,CA
50846,4/22/2014,Green Flash Brewery,-17.81,CA
50846,4/23/2014,Karaoke Bar,-16.28,CA
50846,4/23/2014,Starbucks Coffee,-98.36,CA
50846,4/23/2014,Ice Skating Rink,-13.87,CA
50846,4/24/2014,Sprouts Market,-23.57,CA
50846,4/25/2014,Ralph's Grocery Store,-89.51,CA
50846,4/26/2014,Public Transportation - Train Pass,-26.43,CA
50846,4/26/2014,Wine Bar,-69.43,CA
50846,4/27/2014,Green Flash Brewery,-35.9,CA
50846,4/27/2014,Karaoke Bar,-35.45,CA
50846,4/27/2014,Karaoke Bar,-13.04,CA
50846,4/27/2014,Bowling,-13.36,CA
50846,4/27/2014,Public Transportation - Train Pass,-36.34,CA
50846,4/27/2014,Von's Groceries,-9.55,CA
50846,4/27/2014,Seaside Bar,-11.37,CA
50846,4/27/2014,Green Flash Brewery,-16.66,CA
50846,4/28/2014,Movie Ticket,-24.45,CA
50846,4/29/2014,John's Bar & Restaurant,-8.15,CA
50846,4/30/2014,Ralph's Grocery Store,-1.71,CA
50846,4/30/2014,Taxi,-31.16,CA
50846,4/30/2014,Lyft,-22.48,CA
50846,4/30/2014,Public Transportation - Bus Pass,-115.83,CA
50846,4/30/2014,Restaurant - Pizza,-26.65,CA
50846,5/2/2014,Paycheck,2818,CA
50846,5/2/2014,Housing Rent,-893,CA
50846,5/2/2014,Navient - Student Loans,-197,CA
50846,5/2/2014,Lyft,-24.54,CA
50846,5/2/2014,Restaurant - Pizza,-38.44,CA
50846,5/3/2014,Seaside Bar,-37.93,CA
50846,5/3/2014,Movie Ticket,-10.14,CA
50846,5/3/2014,Von's Groceries,-16.85,CA
50846,5/3/2014,Public Transportation - Train Pass,-28.5,CA
50846,5/4/2014,Taxi,-16.25,CA
50846,5/5/2014,Food Delivery - GrubHub,-35.5,CA
50846,5/5/2014,Lyft,-24.21,CA
50846,5/6/2014,Von's Groceries,-10.52,CA
50846,5/6/2014,Lyft,-33.18,CA
50846,5/6/2014,Wine Bar,-18.17,CA
50846,5/6/2014,Von's Groceries,-19.17,CA
50846,5/6/2014,Ralph's Grocery Store,-31.64,CA
50846,5/6/2014,John's Bar & Restaurant,-112.63,CA
50846,5/6/2014,Public Transportation - Bus Pass,-30.88,CA
50846,5/6/2014,Restaurant - Steakhouse,-3.97,CA
50846,5/6/2014,Concert Ticket,-13.67,CA
50846,5/7/2014,Movie Ticket,-34.51,CA
50846,5/7/2014,Owl Night Club,-5.99,CA
50846,5/7/2014,Fisker Night Club,-78.01,CA
50846,5/7/2014,Fisker Night Club,-7.99,CA
50846,5/7/2014,Seaside Bar,-2.45,CA
50846,5/7/2014,Owl Night Club,-76.34,CA
50846,5/8/2014,Wine Bar,-33.68,CA
50846,5/8/2014,Uber,-13,CA
50846,5/8/2014,Public Transportation - Bus Pass,-11.51,CA
50846,5/9/2014,Restaurant - Pizza,-38.46,CA
50846,5/9/2014,Food Delivery - GrubHub,-24.87,CA
50846,5/9/2014,Karaoke Bar,-17.81,CA
50846,5/9/2014,Owl Night Club,-79.06,CA
50846,5/9/2014,Public Transportation - Bus Pass,-27.79,CA
50846,5/9/2014,Fisker Night Club,-37.46,CA
50846,5/9/2014,Ice Skating Rink,-73.57,CA
50846,5/10/2014,Starbucks Coffee,-30.1,CA
50846,5/10/2014,Wine Bar,-20.05,CA
50846,5/10/2014,Movie Ticket,-23.02,CA
50846,5/10/2014,Food Delivery - GrubHub,-13.12,CA
50846,5/10/2014,Von's Groceries,-37.77,CA
50846,5/10/2014,Bowling,-8.84,CA
50846,5/10/2014,Public Transportation - Train Pass,-27.24,CA
50846,5/11/2014,Bowling,-2.78,CA
50846,5/11/2014,Von's Groceries,-79.11,CA
50846,5/11/2014,Restaurant - Burgers,-8.1,CA
50846,5/11/2014,Fisker Night Club,-8.34,CA
50846,5/11/2014,Public Transportation - Train Pass,-3.77,CA
50846,5/12/2014,Ralph's Grocery Store,-37.91,CA
50846,5/12/2014,Seaside Bar,-9.73,CA
50846,5/12/2014,Whole Foods,-34.88,CA
50846,5/12/2014,Sprouts Market,-10.73,CA
50846,5/12/2014,Karaoke Bar,-26.71,CA
50846,5/13/2014,Food Delivery - GrubHub,-32.94,CA
50846,5/13/2014,Restaurant - Pizza,-19.75,CA
50846,5/14/2014,Movie Ticket,-23.94,CA
50846,5/14/2014,Karaoke Bar,-65.38,CA
50846,5/15/2014,Rodriguez's Bar and Grill,-111.95,CA
50846,5/16/2014,Fisker Night Club,-3.06,CA
50846,5/17/2014,Ice Skating Rink,-11.98,CA
50846,5/17/2014,Owl Night Club,-5.48,CA
50846,5/17/2014,Lyft,-18.51,CA
50846,5/17/2014,Karaoke Bar,-25.23,CA
50846,5/17/2014,Rodriguez's Bar and Grill,-19.66,CA
50846,5/17/2014,Uber,-29.44,CA
50846,5/17/2014,Restaurant - Burgers,-34.06,CA
50846,5/17/2014,Sprouts Market,-37.01,CA
50846,5/17/2014,Public Transportation - Bus Pass,-30.28,CA
50846,5/17/2014,Owl Night Club,-11.08,CA
50846,5/17/2014,Restaurant - Chinese,-14.84,CA
50846,5/17/2014,John's Bar & Restaurant,-13.79,CA
50846,5/18/2014,Uber,-20.47,CA
50846,5/19/2014,Lyft,-21.16,CA
50846,5/19/2014,Sprouts Market,-87.96,CA
50846,5/19/2014,Bowling,-69.43,CA
50846,5/20/2014,Wine Bar,-4.39,CA
50846,5/20/2014,Taxi,-53.73,CA
50846,5/20/2014,Uber,-15.78,CA
50846,5/20/2014,Public Transportation - Train Pass,-31.38,CA
50846,5/20/2014,Ice Skating Rink,-35.27,CA
50846,5/21/2014,Green Flash Brewery,-32.63,CA
50846,5/22/2014,Lyft,-36.69,CA
50846,5/22/2014,Public Transportation - Train Pass,-31.11,CA
50846,5/23/2014,Rodriguez's Bar and Grill,-24.6,CA
50846,5/23/2014,Movie Ticket,-95.7,CA
50846,5/24/2014,Movie Ticket,-31.51,CA
50846,5/24/2014,Karaoke Bar,-32.49,CA
50846,5/24/2014,John's Bar & Restaurant,-35.67,CA
50846,5/24/2014,Ice Skating Rink,-9.9,CA
50846,5/24/2014,Owl Night Club,-27.31,CA
50846,5/24/2014,Ralph's Grocery Store,-35.92,CA
50846,5/24/2014,Concert Ticket,-110.87,CA
50846,5/24/2014,Bowling,-116.27,CA
50846,5/24/2014,Karaoke Bar,-92.03,CA
50846,5/24/2014,Seaside Bar,-25.99,CA
50846,5/24/2014,Ralph's Grocery Store,-75.79,CA
50846,5/24/2014,Von's Groceries,-36.87,CA
50846,5/25/2014,Movie Ticket,-18.53,CA
50846,5/25/2014,Karaoke Bar,-31.85,CA
50846,5/25/2014,Ice Skating Rink,-30.01,CA
50846,5/25/2014,Fisker Night Club,-1.35,CA
50846,5/26/2014,Fisker Night Club,-23.75,CA
50846,5/27/2014,Fisker Night Club,-24.61,CA
50846,5/28/2014,Whole Foods,-16.34,CA
50846,5/28/2014,Rodriguez's Bar and Grill,-31.07,CA
50846,5/28/2014,John's Bar & Restaurant,-57.56,CA
50846,5/28/2014,Wine Bar,-34.1,CA
50846,5/28/2014,Ice Skating Rink,-3.18,CA
50846,5/28/2014,Uber,-15.6,CA
50846,5/28/2014,Owl Night Club,-20.71,CA
50846,5/29/2014,Rodriguez's Bar and Grill,-32.31,CA
50846,5/29/2014,John's Bar & Restaurant,-23.13,CA
50846,5/29/2014,Lyft,-36.56,CA
50846,5/29/2014,Fisker Night Club,-5.71,CA
50846,5/30/2014,Rodriguez's Bar and Grill,-14.07,CA
50846,5/30/2014,Ralph's Grocery Store,-3.52,CA
50846,5/30/2014,Ice Skating Rink,-30.29,CA
50846,5/30/2014,Wine Bar,-13.61,CA
50846,6/2/2014,Paycheck,2818,CA
50846,6/2/2014,Housing Rent,-1038,CA
50846,6/2/2014,Navient - Student Loans,-197,CA
50846,6/2/2014,Green Flash Brewery,-74.55,CA
50846,6/2/2014,John's Bar & Restaurant,-7.39,CA
50846,6/3/2014,Owl Night Club,-22.51,CA
50846,6/4/2014,Restaurant - Steakhouse,-94.31,CA
50846,6/4/2014,John's Bar & Restaurant,-16.94,CA
50846,6/4/2014,Wine Bar,-14.59,CA
50846,6/4/2014,Karaoke Bar,-34.86,CA
50846,6/4/2014,Bowling,-32.31,CA
50846,6/5/2014,Lyft,-110.9,CA
50846,6/5/2014,Public Transportation - Train Pass,-39.58,CA
50846,6/5/2014,Bowling,-98.62,CA
50846,6/5/2014,Movie Ticket,-16.98,CA
50846,6/5/2014,Lyft,-45.43,CA
50846,6/5/2014,Rodriguez's Bar and Grill,-8.37,CA
50846,6/5/2014,Seaside Bar,-23.58,CA
50846,6/5/2014,Uber,-39.44,CA
50846,6/6/2014,Fisker Night Club,-14.45,CA
50846,6/6/2014,Movie Ticket,-31.62,CA
50846,6/6/2014,Uber,-31.89,CA
50846,6/7/2014,Restaurant - Burgers,-37.99,CA
50846,6/7/2014,Rodriguez's Bar and Grill,-34.28,CA
50846,6/8/2014,Movie Ticket,-29.33,CA
50846,6/8/2014,Concert Ticket,-39.98,CA
50846,6/8/2014,Ralph's Grocery Store,-27.84,CA
50846,6/9/2014,Restaurant - Chinese,-30,CA
50846,6/9/2014,Concert Ticket,-3.78,CA
50846,6/9/2014,Movie Ticket,-0.5,CA
50846,6/9/2014,Owl Night Club,-34.8,CA
50846,6/9/2014,Taxi,-39.91,CA
50846,6/9/2014,Concert Ticket,-4.41,CA
50846,6/10/2014,Movie Ticket,-38.41,CA
50846,6/10/2014,Owl Night Club,-30.49,CA
50846,6/10/2014,Green Flash Brewery,-2.47,CA
50846,6/10/2014,Public Transportation - Train Pass,-9.44,CA
50846,6/10/2014,Fisker Night Club,-5.3,CA
50846,6/10/2014,Wine Bar,-7.15,CA
50846,6/10/2014,Public Transportation - Train Pass,-28.05,CA
50846,6/10/2014,Seaside Bar,-1.42,CA
50846,6/10/2014,Seaside Bar,-12.04,CA
50846,6/11/2014,Bowling,-27.08,CA
50846,6/12/2014,Ice Skating Rink,-24.5,CA
50846,6/13/2014,Wine Bar,-19.3,CA
50846,6/13/2014,Restaurant - Burgers,-54.11,CA
50846,6/14/2014,Movie Ticket,-3.91,CA
50846,6/14/2014,Karaoke Bar,-2.91,CA
50846,6/15/2014,John's Bar & Restaurant,-19.46,CA
50846,6/16/2014,Seaside Bar,-10.24,CA
50846,6/16/2014,Uber,-78.8,CA
50846,6/16/2014,Rodriguez's Bar and Grill,-5.18,CA
50846,6/17/2014,Von's Groceries,-6.58,CA
50846,6/17/2014,John's Bar & Restaurant,-92.7,CA
50846,6/18/2014,Fisker Night Club,-3.75,CA
50846,6/19/2014,Rodriguez's Bar and Grill,-37.4,CA
50846,6/19/2014,Seaside Bar,-13.05,CA
50846,6/20/2014,Fisker Night Club,-0.52,CA
50846,6/20/2014,Ice Skating Rink,-0.28,CA
50846,6/21/2014,Sprouts Market,-83.27,CA
50846,6/22/2014,Ice Skating Rink,-36.35,CA
50846,6/22/2014,Movie Ticket,-6,CA
50846,6/22/2014,Concert Ticket,-15.05,CA
50846,6/22/2014,Starbucks Coffee,-48.54,CA
50846,6/22/2014,Green Flash Brewery,-15.73,CA
50846,6/22/2014,Ice Skating Rink,-15.38,CA
50846,6/22/2014,Fisker Night Club,-35.2,CA
50846,6/22/2014,Taxi,-29,CA
50846,6/22/2014,Green Flash Brewery,-79.06,CA
50846,6/22/2014,Ice Skating Rink,-4.44,CA
50846,6/22/2014,Movie Ticket,-31.42,CA
50846,6/22/2014,Wine Bar,-99.6,CA
50846,6/23/2014,Concert Ticket,-7.81,CA
50846,6/23/2014,Karaoke Bar,-2.3,CA
50846,6/23/2014,John's Bar & Restaurant,-12.17,CA
50846,6/23/2014,Seaside Bar,-44.74,CA
50846,6/23/2014,Green Flash Brewery,-36.27,CA
50846,6/23/2014,Fisker Night Club,-17.66,CA
50846,6/23/2014,Ice Skating Rink,-9.5,CA
50846,6/24/2014,John's Bar & Restaurant,-17.53,CA
50846,6/24/2014,Public Transportation - Bus Pass,-29.98,CA
50846,6/24/2014,Lyft,-25.92,CA
50846,6/25/2014,Green Flash Brewery,-22.49,CA
50846,6/25/2014,Ice Skating Rink,-19.13,CA
50846,6/26/2014,Bowling,-23.94,CA
50846,6/26/2014,Sprouts Market,-54.9,CA
50846,6/26/2014,Wine Bar,-91.2,CA
50846,6/26/2014,Public Transportation - Train Pass,-33.41,CA
50846,6/26/2014,Sprouts Market,-4.2,CA
50846,6/27/2014,Food Delivery - GrubHub,-6.62,CA
50846,6/27/2014,Movie Ticket,-5.05,CA
50846,6/27/2014,Restaurant - Burgers,-15.3,CA
50846,6/27/2014,Ice Skating Rink,-20.29,CA
50846,6/27/2014,Seaside Bar,-39.52,CA
50846,6/27/2014,Owl Night Club,-19.82,CA
50846,6/27/2014,Taxi,-12.93,CA
50846,6/28/2014,Wine Bar,-7.82,CA
50846,6/28/2014,Owl Night Club,-88.99,CA
50846,6/28/2014,Karaoke Bar,-7.65,CA
50846,6/29/2014,Ice Skating Rink,-82.34,CA
50846,6/29/2014,Green Flash Brewery,-18.19,CA
50846,6/30/2014,Green Flash Brewery,-33.3,CA
50846,6/30/2014,Seaside Bar,-39.96,CA
50846,7/2/2014,Paycheck,2818,CA
50846,7/2/2014,Housing Rent,-938,CA
50846,7/2/2014,Navient - Student Loans,-197,CA
50846,7/2/2014,Public Transportation - Bus Pass,-33.46,CA
50846,7/3/2014,Movie Ticket,-37.09,CA
50846,7/3/2014,Bowling,-2.38,CA
50846,7/3/2014,Ralph's Grocery Store,-26.62,CA
50846,7/4/2014,Taxi,-17.51,CA
50846,7/4/2014,Restaurant - Burgers,-0.47,CA
50846,7/4/2014,Taxi,-19.5,CA
50846,7/4/2014,Public Transportation - Bus Pass,-33.39,CA
50846,7/4/2014,Green Flash Brewery,-39.54,CA
50846,7/4/2014,John's Bar & Restaurant,-10.4,CA
50846,7/4/2014,Movie Ticket,-0.72,CA
50846,7/5/2014,Seaside Bar,-13.25,CA
50846,7/5/2014,Movie Ticket,-2.26,CA
50846,7/5/2014,Seaside Bar,-25.45,CA
50846,7/5/2014,Fisker Night Club,-12.07,CA
50846,7/6/2014,Concert Ticket,-23.25,CA
50846,7/6/2014,Bowling,-22.5,CA
50846,7/7/2014,Fisker Night Club,-3.56,CA
50846,7/8/2014,Seaside Bar,-3.71,CA
50846,7/8/2014,Restaurant - Steakhouse,-47.22,CA
50846,7/9/2014,Uber,-5.65,CA
50846,7/9/2014,Green Flash Brewery,-24.32,CA
50846,7/9/2014,John's Bar & Restaurant,-9.22,CA
50846,7/10/2014,Sprouts Market,-24.58,CA
50846,7/11/2014,Taxi,-35.33,CA
50846,7/11/2014,Green Flash Brewery,-3.32,CA
50846,7/11/2014,Taxi,-7.48,CA
50846,7/11/2014,Food Delivery - GrubHub,-11.26,CA
50846,7/12/2014,Wine Bar,-34.09,CA
50846,7/12/2014,Restaurant - Burgers,-31.94,CA
50846,7/13/2014,Restaurant - Burgers,-23.63,CA
50846,7/14/2014,Seaside Bar,-46.02,CA
50846,7/14/2014,Restaurant - Pizza,-17.31,CA
50846,7/14/2014,Restaurant - Burgers,-118.77,CA
50846,7/14/2014,Taxi,-76.65,CA
50846,7/14/2014,Owl Night Club,-14.25,CA
50846,7/14/2014,Green Flash Brewery,-16.35,CA
50846,7/14/2014,Uber,-2.06,CA
50846,7/14/2014,Owl Night Club,-13.91,CA
50846,7/14/2014,Fisker Night Club,-11.1,CA
50846,7/14/2014,Rodriguez's Bar and Grill,-34.82,CA
50846,7/14/2014,Lyft,-55.91,CA
50846,7/14/2014,Seaside Bar,-4.88,CA
50846,7/14/2014,Restaurant - Chinese,-3.86,CA
50846,7/14/2014,Owl Night Club,-35.41,CA
50846,7/15/2014,Uber,-22.7,CA
50846,7/15/2014,Fisker Night Club,-19.88,CA
50846,7/15/2014,Wine Bar,-2.99,CA
50846,7/15/2014,Rodriguez's Bar and Grill,-36.54,CA
50846,7/16/2014,Wine Bar,-33.07,CA
50846,7/17/2014,John's Bar & Restaurant,-30.97,CA
50846,7/17/2014,Seaside Bar,-24.89,CA
50846,7/18/2014,Wine Bar,-0.52,CA
50846,7/18/2014,Rodriguez's Bar and Grill,-20.46,CA
50846,7/19/2014,Starbucks Coffee,-15.26,CA
50846,7/19/2014,Seaside Bar,-28.83,CA
50846,7/19/2014,Public Transportation - Train Pass,-4.92,CA
50846,7/20/2014,Karaoke Bar,-6.58,CA
50846,7/21/2014,Green Flash Brewery,-3.7,CA
50846,7/21/2014,Food Delivery - GrubHub,-10.28,CA
50846,7/21/2014,Wine Bar,-14.55,CA
50846,7/21/2014,Concert Ticket,-6.56,CA
50846,7/21/2014,John's Bar & Restaurant,-10.82,CA
50846,7/21/2014,Seaside Bar,-1.29,CA
50846,7/22/2014,Restaurant - Steakhouse,-28.45,CA
50846,7/22/2014,Von's Groceries,-33.68,CA
50846,7/22/2014,Restaurant - Pizza,-22.53,CA
50846,7/22/2014,Restaurant - Burgers,-26.08,CA
50846,7/22/2014,Sprouts Market,-8.99,CA
50846,7/22/2014,Seaside Bar,-26.72,CA
50846,7/23/2014,Starbucks Coffee,-36.09,CA
50846,7/24/2014,John's Bar & Restaurant,-27.32,CA
50846,7/24/2014,Seaside Bar,-18.18,CA
50846,7/24/2014,Karaoke Bar,-60.76,CA
50846,7/24/2014,Von's Groceries,-11.88,CA
50846,7/25/2014,Ice Skating Rink,-20.83,CA
50846,7/25/2014,Starbucks Coffee,-13.25,CA
50846,7/25/2014,Restaurant - Pizza,-39.58,CA
50846,7/25/2014,Restaurant - Chinese,-17.19,CA
50846,7/25/2014,Rodriguez's Bar and Grill,-73.78,CA
50846,7/26/2014,Restaurant - Pizza,-30.13,CA
50846,7/26/2014,Lyft,-27.68,CA
50846,7/26/2014,Concert Ticket,-16.36,CA
50846,7/26/2014,Bowling,-14.36,CA
50846,7/26/2014,Taxi,-64.3,CA
50846,7/27/2014,Rodriguez's Bar and Grill,-112.54,CA
50846,7/27/2014,Taxi,-6.46,CA
50846,7/27/2014,Lyft,-98.35,CA
50846,7/27/2014,Uber,-5.78,CA
50846,7/27/2014,Ralph's Grocery Store,-24.14,CA
50846,7/27/2014,Rodriguez's Bar and Grill,-109.34,CA
50846,7/27/2014,John's Bar & Restaurant,-9.27,CA
50846,7/27/2014,Rodriguez's Bar and Grill,-17.82,CA
50846,7/27/2014,Restaurant - Burgers,-3.18,CA
50846,7/27/2014,Taxi,-105.01,CA
50846,7/28/2014,John's Bar & Restaurant,-20.9,CA
50846,7/29/2014,Uber,-29.29,CA
50846,7/30/2014,Lyft,-89.69,CA
50846,7/30/2014,Restaurant - Steakhouse,-20.38,CA
50846,7/30/2014,Concert Ticket,-42.24,CA
50846,8/2/2014,Paycheck,2818,CA
50846,8/2/2014,Housing Rent,-700,CA
50846,8/2/2014,Navient - Student Loans,-197,CA
50846,8/2/2014,Karaoke Bar,-22.99,CA
50846,8/2/2014,Seaside Bar,-20.45,CA
50846,8/2/2014,Wine Bar,-2.46,CA
50846,8/2/2014,Karaoke Bar,-27.1,CA
50846,8/2/2014,Starbucks Coffee,-26.59,CA
50846,8/2/2014,Seaside Bar,-15.54,CA
50846,8/2/2014,Ice Skating Rink,-26.04,CA
50846,8/2/2014,Bowling,-28.13,CA
50846,8/2/2014,Food Delivery - GrubHub,-21.81,CA
50846,8/2/2014,Owl Night Club,-16.23,CA
50846,8/2/2014,Fisker Night Club,-17.76,CA
50846,8/3/2014,John's Bar & Restaurant,-6.57,CA
50846,8/3/2014,Public Transportation - Bus Pass,-82.29,CA
50846,8/4/2014,Concert Ticket,-19.23,CA
50846,8/4/2014,Wine Bar,-31,CA
50846,8/5/2014,Public Transportation - Train Pass,-30.14,CA
50846,8/5/2014,Public Transportation - Bus Pass,-99.34,CA
50846,8/5/2014,Uber,-33.4,CA
50846,8/5/2014,Seaside Bar,-3.39,CA
50846,8/5/2014,Public Transportation - Bus Pass,-43.63,CA
50846,8/6/2014,Bowling,-20.87,CA
50846,8/6/2014,Lyft,-28.37,CA
50846,8/6/2014,Bowling,-27.63,CA
50846,8/7/2014,Rodriguez's Bar and Grill,-37.42,CA
50846,8/7/2014,Public Transportation - Bus Pass,-9.95,CA
50846,8/7/2014,Sprouts Market,-26.26,CA
50846,8/7/2014,Owl Night Club,-19.59,CA
50846,8/8/2014,Karaoke Bar,-50.48,CA
50846,8/8/2014,Ralph's Grocery Store,-57.17,CA
50846,8/8/2014,Ralph's Grocery Store,-19.32,CA
50846,8/8/2014,Ice Skating Rink,-21.4,CA
50846,8/8/2014,Green Flash Brewery,-8.13,CA
50846,8/8/2014,Lyft,-7.2,CA
50846,8/8/2014,Concert Ticket,-23.22,CA
50846,8/9/2014,Karaoke Bar,-3.11,CA
50846,8/10/2014,Taxi,-23.44,CA
50846,8/10/2014,Uber,-5.05,CA
50846,8/10/2014,Owl Night Club,-6.97,CA
50846,8/10/2014,Public Transportation - Bus Pass,-119.52,CA
50846,8/10/2014,Movie Ticket,-8.38,CA
50846,8/10/2014,Lyft,-4.32,CA
50846,8/11/2014,Uber,-0.43,CA
50846,8/12/2014,Bowling,-104.43,CA
50846,8/12/2014,Bowling,-3.25,CA
50846,8/12/2014,Restaurant - Steakhouse,-38.59,CA
50846,8/12/2014,Karaoke Bar,-21.87,CA
50846,8/12/2014,John's Bar & Restaurant,-7.01,CA
50846,8/12/2014,Movie Ticket,-63.92,CA
50846,8/12/2014,Taxi,-22.16,CA
50846,8/13/2014,Uber,-3.14,CA
50846,8/14/2014,Rodriguez's Bar and Grill,-13.5,CA
50846,8/14/2014,Rodriguez's Bar and Grill,-12.69,CA
50846,8/15/2014,Bowling,-9.78,CA
50846,8/15/2014,Lyft,-38.19,CA
50846,8/16/2014,Seaside Bar,-24.84,CA
50846,8/17/2014,Seaside Bar,-2.63,CA
50846,8/17/2014,Karaoke Bar,-29.31,CA
50846,8/18/2014,Owl Night Club,-23.65,CA
50846,8/19/2014,Karaoke Bar,-68.23,CA
50846,8/19/2014,Restaurant - Steakhouse,-82.15,CA
50846,8/19/2014,Seaside Bar,-92.25,CA
50846,8/19/2014,Food Delivery - GrubHub,-28.73,CA
50846,8/20/2014,Ice Skating Rink,-1.98,CA
50846,8/20/2014,Taxi,-15.71,CA
50846,8/21/2014,Restaurant - Pizza,-14.78,CA
50846,8/21/2014,Taxi,-20.88,CA
50846,8/21/2014,Wine Bar,-16.57,CA
50846,8/22/2014,Seaside Bar,-43.9,CA
50846,8/22/2014,Wine Bar,-10.25,CA
50846,8/22/2014,Von's Groceries,-27.18,CA
50846,8/22/2014,Taxi,-34.24,CA
50846,8/23/2014,Divorce Lawyer Fees,-21.13,CA
50846,8/23/2014,Comfort Inn,-1.26,CA
50846,8/23/2014,Best Western Hotel,-30.27,CA
50846,8/24/2014,Public Transportation - Train Pass,-0.03,CA
50846,8/24/2014,John's Bar & Restaurant,-10.68,CA
50846,8/24/2014,Rodriguez's Bar and Grill,-39.06,CA
50846,8/24/2014,Restaurant - Burgers,-77.59,CA
50846,8/24/2014,Von's Groceries,-38.2,CA
50846,8/25/2014,Concert Ticket,-46.36,CA
50846,8/26/2014,Taxi,-21.09,CA
50846,8/26/2014,Concert Ticket,-21.49,CA
50846,8/26/2014,Green Flash Brewery,-36.41,CA
50846,8/26/2014,Green Flash Brewery,-37.3,CA
50846,8/26/2014,Ralph's Grocery Store,-21.46,CA
50846,8/26/2014,Movie Ticket,-7,CA
50846,8/26/2014,Bowling,-27.93,CA
50846,8/26/2014,Public Transportation - Train Pass,-16.8,CA
50846,8/26/2014,Seaside Bar,-13.55,CA
50846,8/27/2014,Uber,-10.56,CA
50846,8/27/2014,Uber,-4.18,CA
50846,8/27/2014,Sprouts Market,-22,CA
50846,8/28/2014,Von's Groceries,-21.24,CA
50846,8/28/2014,Green Flash Brewery,-5.62,CA
50846,8/28/2014,Karaoke Bar,-107.33,CA
50846,8/28/2014,Rodriguez's Bar and Grill,-37.45,CA
50846,8/29/2014,Restaurant - Steakhouse,-6.31,CA
50846,8/29/2014,Restaurant - Chinese,-36.64,CA
50846,8/30/2014,Public Transportation - Bus Pass,-4.16,CA
50846,8/30/2014,John's Bar & Restaurant,-11.35,CA
50846,8/30/2014,Karaoke Bar,-33.85,CA
50846,9/2/2014,Paycheck,2818,CA
50846,9/2/2014,Housing Rent,-974,CA
50846,9/2/2014,Navient - Student Loans,-197,CA
50846,9/2/2014,Von's Groceries,-36.7,CA
50846,9/2/2014,Uber,-58.86,CA
50846,9/3/2014,Concert Ticket,-5.36,CA
50846,9/3/2014,Uber,-21.6,CA
50846,9/3/2014,Food Delivery - GrubHub,-25.52,CA
50846,9/3/2014,Taxi,-11.26,CA
50846,9/3/2014,Von's Groceries,-27.28,CA
50846,9/4/2014,Green Flash Brewery,-27.12,CA
50846,9/4/2014,Owl Night Club,-11.09,CA
50846,9/4/2014,Ice Skating Rink,-10.99,CA
50846,9/4/2014,Whole Foods,-117.46,CA
50846,9/4/2014,Whole Foods,-32.15,CA
50846,9/4/2014,Ice Skating Rink,-33.84,CA
50846,9/4/2014,Karaoke Bar,-2.38,CA
50846,9/4/2014,Owl Night Club,-34.57,CA
50846,9/4/2014,John's Bar & Restaurant,-34.56,CA
50846,9/4/2014,Ralph's Grocery Store,-39.24,CA
50846,9/5/2014,Green Flash Brewery,-12.09,CA
50846,9/5/2014,Wine Bar,-21.04,CA
50846,9/5/2014,Restaurant - Pizza,-14.55,CA
50846,9/5/2014,Taxi,-21.97,CA
50846,9/5/2014,Restaurant - Steakhouse,-35.72,CA
50846,9/5/2014,Restaurant - Pizza,-11.72,CA
50846,9/5/2014,Taxi,-22.12,CA
50846,9/5/2014,Uber,-23.05,CA
50846,9/6/2014,Rodriguez's Bar and Grill,-23.31,CA
50846,9/7/2014,Concert Ticket,-23.54,CA
50846,9/7/2014,Movie Ticket,-78.62,CA
50846,9/7/2014,Concert Ticket,-77.16,CA
50846,9/7/2014,Seaside Bar,-94.95,CA
50846,9/7/2014,Public Transportation - Bus Pass,-12.58,CA
50846,9/8/2014,Sprouts Market,-28.2,CA
50846,9/8/2014,Public Transportation - Train Pass,-21.5,CA
50846,9/8/2014,Lyft,-33.26,CA
50846,9/9/2014,Ice Skating Rink,-18.04,CA
50846,9/9/2014,Public Transportation - Bus Pass,-20.62,CA
50846,9/9/2014,Owl Night Club,-29.24,CA
50846,9/9/2014,John's Bar & Restaurant,-13.89,CA
50846,9/9/2014,Seaside Bar,-2.02,CA
50846,9/10/2014,Green Flash Brewery,-17.5,CA
50846,9/10/2014,Rodriguez's Bar and Grill,-35.47,CA
50846,9/10/2014,Public Transportation - Train Pass,-6.03,CA
50846,9/10/2014,Ice Skating Rink,-25,CA
50846,9/11/2014,Public Transportation - Train Pass,-33.42,CA
50846,9/12/2014,Taxi,-75.22,CA
50846,9/12/2014,Fisker Night Club,-12.89,CA
50846,9/12/2014,Bowling,-79.03,CA
50846,9/12/2014,Seaside Bar,-30.9,CA
50846,9/12/2014,Ice Skating Rink,-69.94,CA
50846,9/13/2014,Wine Bar,-37.99,CA
50846,9/13/2014,Movie Ticket,-14.43,CA
50846,9/13/2014,Taxi,-118.73,CA
50846,9/13/2014,Green Flash Brewery,-34.37,CA
50846,9/13/2014,Green Flash Brewery,-11.93,CA
50846,9/13/2014,Wine Bar,-1.19,CA
50846,9/14/2014,Restaurant - Burgers,-22.99,CA
50846,9/14/2014,Public Transportation - Bus Pass,-111.27,CA
50846,9/14/2014,John's Bar & Restaurant,-33.45,CA
50846,9/14/2014,Rodriguez's Bar and Grill,-35.81,CA
50846,9/15/2014,Concert Ticket,-19.58,CA
50846,9/16/2014,Movie Ticket,-26.3,CA
50846,9/16/2014,Bowling,-27.93,CA
50846,9/16/2014,Movie Ticket,-98.6,CA
50846,9/16/2014,Restaurant - Chinese,-24.63,CA
50846,9/17/2014,Fisker Night Club,-10.53,CA
50846,9/17/2014,Restaurant - Chinese,-79.95,CA
50846,9/18/2014,Wine Bar,-12.76,CA
50846,9/18/2014,Restaurant - Burgers,-38.2,CA
50846,9/18/2014,Restaurant - Chinese,-36.87,CA
50846,9/19/2014,Movie Ticket,-35.77,CA
50846,9/19/2014,Sprouts Market,-85.68,CA
50846,9/19/2014,Uber,-19.52,CA
50846,9/19/2014,Restaurant - Chinese,-2.11,CA
50846,9/20/2014,Wine Bar,-2.72,CA
50846,9/21/2014,Rodriguez's Bar and Grill,-83.57,CA
50846,9/21/2014,Ice Skating Rink,-36.98,CA
50846,9/22/2014,John's Bar & Restaurant,-35.81,CA
50846,9/22/2014,Ralph's Grocery Store,-38.44,CA
50846,9/23/2014,John's Bar & Restaurant,-18.34,CA
50846,9/24/2014,Lyft,-26.74,CA
50846,9/24/2014,Ice Skating Rink,-3.53,CA
50846,9/24/2014,Karaoke Bar,-1.98,CA
50846,9/24/2014,John's Bar & Restaurant,-51.83,CA
50846,9/24/2014,Whole Foods,-49.78,CA
50846,9/25/2014,Ice Skating Rink,-2.49,CA
50846,9/26/2014,Restaurant - Burgers,-9.46,CA
50846,9/26/2014,Concert Ticket,-28.51,CA
50846,9/26/2014,Taxi,-20.1,CA
50846,9/26/2014,Taxi,-95.24,CA
50846,9/26/2014,Karaoke Bar,-18.95,CA
50846,9/27/2014,John's Bar & Restaurant,-32.17,CA
50846,9/27/2014,Seaside Bar,-22.98,CA
50846,9/27/2014,Ice Skating Rink,-13.76,CA
50846,9/27/2014,Restaurant - Pizza,-37.75,CA
50846,9/28/2014,Fisker Night Club,-13.8,CA
50846,9/28/2014,Green Flash Brewery,-21.95,CA
50846,9/28/2014,Taxi,-26.55,CA
50846,9/28/2014,Seaside Bar,-20.13,CA
50846,9/28/2014,Restaurant - Pizza,-34.67,CA
50846,9/29/2014,Ice Skating Rink,-18.76,CA
50846,9/30/2014,Karaoke Bar,-22.17,CA
50846,9/30/2014,Concert Ticket,-28.48,CA
50846,9/30/2014,Fisker Night Club,-35.51,CA
50846,9/30/2014,Wine Bar,-13.67,CA
50846,10/2/2014,Paycheck,2818,CA
50846,10/2/2014,Housing Rent,-1060,CA
50846,10/2/2014,Navient - Student Loans,-197,CA
50846,10/2/2014,Whole Foods,-20.84,CA
50846,10/2/2014,Wine Bar,-29.56,CA
50846,10/2/2014,John's Bar & Restaurant,-1.5,CA
50846,10/3/2014,Uber,-25.2,CA
50846,10/3/2014,Public Transportation - Bus Pass,-53.07,CA
50846,10/3/2014,John's Bar & Restaurant,-18.24,CA
50846,10/3/2014,Uber,-19.83,CA
50846,10/3/2014,Public Transportation - Train Pass,-10.95,CA
50846,10/3/2014,Karaoke Bar,-14.03,CA
50846,10/4/2014,Fisker Night Club,-12.88,CA
50846,10/5/2014,John's Bar & Restaurant,-29.57,CA
50846,10/6/2014,Food Delivery - GrubHub,-93.8,CA
50846,10/7/2014,Movie Ticket,-16.58,CA
50846,10/7/2014,Owl Night Club,-25.81,CA
50846,10/7/2014,Wine Bar,-53.9,CA
50846,10/7/2014,Ice Skating Rink,-11.35,CA
50846,10/7/2014,Bowling,-5.78,CA
50846,10/7/2014,Green Flash Brewery,-37.86,CA
50846,10/8/2014,Ice Skating Rink,-94.32,CA
50846,10/8/2014,Ice Skating Rink,-38.55,CA
50846,10/8/2014,Restaurant - Burgers,-1.48,CA
50846,10/9/2014,Public Transportation - Bus Pass,-9.87,CA
50846,10/10/2014,Taxi,-24.24,CA
50846,10/10/2014,Lyft,-1.04,CA
50846,10/10/2014,Green Flash Brewery,-30.71,CA
50846,10/10/2014,Rodriguez's Bar and Grill,-21.56,CA
50846,10/11/2014,Whole Foods,-27.04,CA
50846,10/12/2014,Whole Foods,-2.69,CA
50846,10/12/2014,Owl Night Club,-23.4,CA
50846,10/12/2014,Taxi,-72.07,CA
50846,10/12/2014,Rodriguez's Bar and Grill,-89.47,CA
50846,10/12/2014,Wine Bar,-30.59,CA
50846,10/12/2014,Ice Skating Rink,-5.26,CA
50846,10/12/2014,Seaside Bar,-102.27,CA
50846,10/12/2014,Public Transportation - Train Pass,-0.24,CA
50846,10/12/2014,Bowling,-33.48,CA
50846,10/12/2014,Sprouts Market,-90.78,CA
50846,10/13/2014,Concert Ticket,-1.29,CA
50846,10/13/2014,Owl Night Club,-3.39,CA
50846,10/13/2014,Fisker Night Club,-36.75,CA
50846,10/14/2014,Public Transportation - Train Pass,-31.93,CA
50846,10/14/2014,Rodriguez's Bar and Grill,-31.36,CA
50846,10/14/2014,Ralph's Grocery Store,-38.76,CA
50846,10/14/2014,Fisker Night Club,-27.1,CA
50846,10/14/2014,Wine Bar,-6.57,CA
50846,10/15/2014,Restaurant - Chinese,-25.44,CA
50846,10/16/2014,Rodriguez's Bar and Grill,-1.63,CA
50846,10/17/2014,Fisker Night Club,-105.65,CA
50846,10/17/2014,Ice Skating Rink,-22.59,CA
50846,10/17/2014,Ralph's Grocery Store,-27.67,CA
50846,10/18/2014,Fisker Night Club,-27.36,CA
50846,10/19/2014,Wine Bar,-38.39,CA
50846,10/20/2014,Ice Skating Rink,-11.89,CA
50846,10/20/2014,Karaoke Bar,-9.6,CA
50846,10/21/2014,Public Transportation - Train Pass,-32.47,CA
50846,10/22/2014,Fisker Night Club,-24.36,CA
50846,10/22/2014,Green Flash Brewery,-34.99,CA
50846,10/22/2014,John's Bar & Restaurant,-13.97,CA
50846,10/22/2014,Green Flash Brewery,-34.49,CA
50846,10/22/2014,Food Delivery - GrubHub,-15.44,CA
50846,10/22/2014,Whole Foods,-5.78,CA
50846,10/22/2014,Seaside Bar,-75.29,CA
50846,10/22/2014,Karaoke Bar,-27.25,CA
50846,10/23/2014,Starbucks Coffee,-14.33,CA
50846,10/24/2014,Von's Groceries,-30.77,CA
50846,10/24/2014,Starbucks Coffee,-114.18,CA
50846,10/24/2014,Seaside Bar,-10.67,CA
50846,10/24/2014,Seaside Bar,-38.94,CA
50846,10/24/2014,Ice Skating Rink,-22.12,CA
50846,10/24/2014,Fisker Night Club,-37.28,CA
50846,10/24/2014,Sprouts Market,-17.56,CA
50846,10/24/2014,John's Bar & Restaurant,-32.1,CA
50846,10/24/2014,Owl Night Club,-34.31,CA
50846,10/24/2014,Bowling,-36.04,CA
50846,10/24/2014,John's Bar & Restaurant,-17.35,CA
50846,10/25/2014,Movie Ticket,-37.11,CA
50846,10/25/2014,Karaoke Bar,-10.73,CA
50846,10/25/2014,Green Flash Brewery,-17.69,CA
50846,10/25/2014,Uber,-18.92,CA
50846,10/26/2014,Public Transportation - Train Pass,-10.52,CA
50846,10/26/2014,Bowling,-30.47,CA
50846,10/27/2014,Lyft,-19.6,CA
50846,10/28/2014,Ralph's Grocery Store,-9.39,CA
50846,10/29/2014,Owl Night Club,-10.29,CA
50846,10/29/2014,Green Flash Brewery,-108.23,CA
50846,10/30/2014,Wine Bar,-29.21,CA
50846,10/30/2014,Karaoke Bar,-5.91,CA
50846,10/30/2014,Ice Skating Rink,-3.43,CA
50846,10/30/2014,Concert Ticket,-27.82,CA
50846,11/2/2014,Paycheck,2818,CA
50846,11/2/2014,Housing Rent,-1349,CA
50846,11/2/2014,Navient - Student Loans,-197,CA
50846,11/2/2014,John's Bar & Restaurant,-28.74,CA
50846,11/2/2014,Public Transportation - Train Pass,-29.16,CA
50846,11/2/2014,Green Flash Brewery,-34.3,CA
50846,11/2/2014,Taxi,-38.5,CA
50846,11/2/2014,Green Flash Brewery,-32.01,CA
50846,11/3/2014,Starbucks Coffee,-38.04,CA
50846,11/3/2014,Uber,-8.42,CA
50846,11/4/2014,Restaurant - Steakhouse,-33.88,CA
50846,11/4/2014,Seaside Bar,-36.85,CA
50846,11/4/2014,Wine Bar,-117.91,CA
50846,11/5/2014,Taxi,-31.3,CA
50846,11/5/2014,Green Flash Brewery,-27.28,CA
50846,11/5/2014,Karaoke Bar,-39.65,CA
50846,11/5/2014,Movie Ticket,-86,CA
50846,11/6/2014,Rodriguez's Bar and Grill,-53.88,CA
50846,11/6/2014,Uber,-33.37,CA
50846,11/6/2014,Restaurant - Steakhouse,-3.33,CA
50846,11/6/2014,Concert Ticket,-5.33,CA
50846,11/6/2014,Lyft,-34.5,CA
50846,11/6/2014,Ralph's Grocery Store,-110.65,CA
50846,11/6/2014,Public Transportation - Bus Pass,-39.51,CA
50846,11/6/2014,Green Flash Brewery,-15.18,CA
50846,11/6/2014,Concert Ticket,-24.91,CA
50846,11/7/2014,Karaoke Bar,-35.1,CA
50846,11/7/2014,Rodriguez's Bar and Grill,-59.72,CA
50846,11/8/2014,Seaside Bar,-28.31,CA
50846,11/9/2014,John's Bar & Restaurant,-38.81,CA
50846,11/9/2014,Taxi,-0.1,CA
50846,11/10/2014,Owl Night Club,-6.37,CA
50846,11/10/2014,Movie Ticket,-10.62,CA
50846,11/10/2014,Concert Ticket,-1.67,CA
50846,11/10/2014,Green Flash Brewery,-119.26,CA
50846,11/11/2014,Concert Ticket,-17.87,CA
50846,11/11/2014,Uber,-35.07,CA
50846,11/11/2014,John's Bar & Restaurant,-33.97,CA
50846,11/11/2014,Public Transportation - Train Pass,-9.33,CA
50846,11/11/2014,Fisker Night Club,-4.16,CA
50846,11/11/2014,Seaside Bar,-74.37,CA
50846,11/11/2014,Movie Ticket,-18.28,CA
50846,11/11/2014,Rodriguez's Bar and Grill,-104.73,CA
50846,11/11/2014,Movie Ticket,-34.32,CA
50846,11/11/2014,Lyft,-26.14,CA
50846,11/11/2014,Green Flash Brewery,-2.64,CA
50846,11/11/2014,Ice Skating Rink,-13.9,CA
50846,11/11/2014,Owl Night Club,-4.31,CA
50846,11/12/2014,Taxi,-32.84,CA
50846,11/12/2014,Restaurant - Burgers,-22.05,CA
50846,11/12/2014,Taxi,-30.32,CA
50846,11/12/2014,Seaside Bar,-6.26,CA
50846,11/12/2014,Restaurant - Chinese,-29.16,CA
50846,11/12/2014,Whole Foods,-39.76,CA
50846,11/12/2014,Fisker Night Club,-36.64,CA
50846,11/12/2014,Concert Ticket,-8.2,CA
50846,11/13/2014,Owl Night Club,-20.18,CA
50846,11/13/2014,John's Bar & Restaurant,-34.64,CA
50846,11/13/2014,Ralph's Grocery Store,-12.78,CA
50846,11/14/2014,Fisker Night Club,-3.56,CA
50846,11/14/2014,Starbucks Coffee,-35.96,CA
50846,11/14/2014,Taxi,-79.05,CA
50846,11/14/2014,Lyft,-15.58,CA
50846,11/15/2014,Seaside Bar,-4.03,CA
50846,11/15/2014,Rodriguez's Bar and Grill,-25.58,CA
50846,11/15/2014,Wine Bar,-35.31,CA
50846,11/16/2014,Rodriguez's Bar and Grill,-4.08,CA
50846,11/16/2014,Ice Skating Rink,-33.55,CA
50846,11/17/2014,Lyft,-38.61,CA
50846,11/17/2014,Wine Bar,-28.19,CA
50846,11/17/2014,Green Flash Brewery,-75.39,CA
50846,11/17/2014,Owl Night Club,-23.67,CA
50846,11/17/2014,Seaside Bar,-0.53,CA
50846,11/17/2014,Green Flash Brewery,-17.69,CA
50846,11/17/2014,Bowling,-23.65,CA
50846,11/17/2014,Movie Ticket,-35.12,CA
50846,11/17/2014,Fisker Night Club,-26.5,CA
50846,11/17/2014,Restaurant - Burgers,-32.5,CA
50846,11/18/2014,Rodriguez's Bar and Grill,-106.59,CA
50846,11/18/2014,Bowling,-39.57,CA
50846,11/19/2014,Von's Groceries,-0.18,CA
50846,11/19/2014,Ralph's Grocery Store,-18.48,CA
50846,11/19/2014,Karaoke Bar,-89.71,CA
50846,11/20/2014,Bowling,-12.58,CA
50846,11/21/2014,Restaurant - Burgers,-110.15,CA
50846,11/21/2014,Karaoke Bar,-2.96,CA
50846,11/21/2014,Karaoke Bar,-35.58,CA
50846,11/22/2014,Owl Night Club,-13.98,CA
50846,11/22/2014,Karaoke Bar,-35.57,CA
50846,11/22/2014,Uber,-1.14,CA
50846,11/23/2014,Green Flash Brewery,-8.45,CA
50846,11/24/2014,Restaurant - Chinese,-30.61,CA
50846,11/24/2014,Fisker Night Club,-18.02,CA
50846,11/24/2014,Lyft,-88.98,CA
50846,11/24/2014,Food Delivery - GrubHub,-31.17,CA
50846,11/25/2014,Rodriguez's Bar and Grill,-11.05,CA
50846,11/26/2014,John's Bar & Restaurant,-91.62,CA
50846,11/27/2014,Uber,-10.72,CA
50846,11/27/2014,Public Transportation - Train Pass,-16.92,CA
50846,11/28/2014,Owl Night Club,-49.67,CA
50846,11/29/2014,Starbucks Coffee,-17.06,CA
50846,11/29/2014,Lyft,-27.35,CA
50846,11/30/2014,John's Bar & Restaurant,-31.98,CA
50846,12/2/2014,Paycheck,2818,CA
50846,12/2/2014,Housing Rent,-868,CA
50846,12/2/2014,Navient - Student Loans,-197,CA
50846,12/2/2014,Ice Skating Rink,-21.36,CA
50846,12/3/2014,Uber,-27.02,CA
50846,12/3/2014,Seaside Bar,-10.94,CA
50846,12/3/2014,Von's Groceries,-33.28,CA
50846,12/3/2014,Starbucks Coffee,-29.22,CA
50846,12/3/2014,Ice Skating Rink,-11.32,CA
50846,12/3/2014,Public Transportation - Train Pass,-4.22,CA
50846,12/3/2014,Karaoke Bar,-21.75,CA
50846,12/3/2014,Public Transportation - Train Pass,-33.63,CA
50846,12/4/2014,Ralph's Grocery Store,-29.32,CA
50846,12/4/2014,Rodriguez's Bar and Grill,-22.17,CA
50846,12/5/2014,Seaside Bar,-1.78,CA
50846,12/5/2014,Seaside Bar,-28.91,CA
50846,12/6/2014,Public Transportation - Train Pass,-14.85,CA
50846,12/6/2014,Concert Ticket,-12.32,CA
50846,12/6/2014,Fisker Night Club,-25.06,CA
50846,12/6/2014,Restaurant - Steakhouse,-1.67,CA
50846,12/6/2014,Ralph's Grocery Store,-83.43,CA
50846,12/6/2014,Restaurant - Pizza,-38.49,CA
50846,12/7/2014,Wine Bar,-75.29,CA
50846,12/7/2014,Restaurant - Burgers,-23.48,CA
50846,12/7/2014,Ralph's Grocery Store,-29.16,CA
50846,12/8/2014,Rodriguez's Bar and Grill,-62.96,CA
50846,12/8/2014,Von's Groceries,-36.46,CA
50846,12/9/2014,Taxi,-5.78,CA
50846,12/9/2014,Seaside Bar,-48.3,CA
50846,12/10/2014,John's Bar & Restaurant,-33.51,CA
50846,12/10/2014,Fisker Night Club,-0.15,CA
50846,12/10/2014,Public Transportation - Train Pass,-21.91,CA
50846,12/10/2014,Wine Bar,-26.5,CA
50846,12/10/2014,Concert Ticket,-3.75,CA
50846,12/10/2014,Rodriguez's Bar and Grill,-19.6,CA
50846,12/10/2014,Owl Night Club,-63.78,CA
50846,12/11/2014,Von's Groceries,-37.76,CA
50846,12/11/2014,Lyft,-17.07,CA
50846,12/12/2014,Public Transportation - Bus Pass,-24.86,CA
50846,12/12/2014,Karaoke Bar,-14.89,CA
50846,12/12/2014,Von's Groceries,-13,CA
50846,12/13/2014,Wine Bar,-1.82,CA
50846,12/13/2014,Owl Night Club,-26.58,CA
50846,12/13/2014,Green Flash Brewery,-31.46,CA
50846,12/14/2014,Sprouts Market,-27.24,CA
50846,12/14/2014,Karaoke Bar,-8.4,CA
50846,12/14/2014,Rodriguez's Bar and Grill,-19.37,CA
50846,12/15/2014,Public Transportation - Bus Pass,-35.63,CA
50846,12/16/2014,John's Bar & Restaurant,-7.84,CA
50846,12/17/2014,Karaoke Bar,-25.33,CA
50846,12/18/2014,Fisker Night Club,-28.9,CA
50846,12/18/2014,Owl Night Club,-116.74,CA
50846,12/18/2014,Public Transportation - Train Pass,-3.47,CA
50846,12/18/2014,Taxi,-0.97,CA
50846,12/18/2014,Public Transportation - Train Pass,-19.32,CA
50846,12/19/2014,Restaurant - Steakhouse,-118.28,CA
50846,12/19/2014,Green Flash Brewery,-115.21,CA
50846,12/19/2014,Owl Night Club,-8.18,CA
50846,12/20/2014,Restaurant - Steakhouse,-16.55,CA
50846,12/20/2014,Restaurant - Pizza,-32.53,CA
50846,12/20/2014,Uber,-38.03,CA
50846,12/20/2014,Ralph's Grocery Store,-116.19,CA
50846,12/20/2014,Wine Bar,-6.75,CA
50846,12/20/2014,Food Delivery - GrubHub,-18.82,CA
50846,12/20/2014,Owl Night Club,-2.02,CA
50846,12/20/2014,Green Flash Brewery,-39.48,CA
50846,12/21/2014,Karaoke Bar,-14.02,CA
50846,12/21/2014,Concert Ticket,-32.21,CA
50846,12/21/2014,Fisker Night Club,-56.99,CA
50846,12/21/2014,Wine Bar,-8.26,CA
50846,12/21/2014,John's Bar & Restaurant,-3.14,CA
50846,12/22/2014,Bowling,-12.24,CA
50846,12/23/2014,Seaside Bar,-3.07,CA
50846,12/23/2014,Taxi,-11.23,CA
50846,12/23/2014,Rodriguez's Bar and Grill,-2.45,CA
50846,12/24/2014,Public Transportation - Bus Pass,-13.6,CA
50846,12/24/2014,Von's Groceries,-101.31,CA
50846,12/24/2014,Bowling,-27.76,CA
50846,12/24/2014,Whole Foods,-65.03,CA
50846,12/24/2014,John's Bar & Restaurant,-21.09,CA
50846,12/24/2014,Public Transportation - Bus Pass,-24.99,CA
50846,12/25/2014,Restaurant - Chinese,-14.23,CA
50846,12/25/2014,John's Bar & Restaurant,-8.21,CA
50846,12/26/2014,Lyft,-4.86,CA
50846,12/27/2014,Ralph's Grocery Store,-17.94,CA
50846,12/28/2014,Public Transportation - Train Pass,-11.49,CA
50846,12/28/2014,Ice Skating Rink,-6.08,CA
50846,12/28/2014,Bowling,-30.95,CA
50846,12/28/2014,Taxi,-17.72,CA
50846,12/28/2014,John's Bar & Restaurant,-26.09,CA
50846,12/28/2014,Concert Ticket,-12.74,CA
50846,12/29/2014,Rodriguez's Bar and Grill,-10.73,CA
50846,12/29/2014,Uber,-35.44,CA
50846,12/29/2014,Owl Night Club,-30.9,CA
50846,12/29/2014,Public Transportation - Bus Pass,-27.44,CA
50846,12/29/2014,Karaoke Bar,-19.81,CA
50846,12/30/2014,Karaoke Bar,-33.25,CA
50846,12/30/2014,Owl Night Club,-62.38,CA
50846,12/30/2014,Fisker Night Club,-34.49,CA
50846,12/32/2014,Fisker Night Club,-27.2,CA
50846,12/32/2014,Concert Ticket,-17.6,CA
50846,12/32/2014,Seaside Bar,-21.11,CA
50846,12/32/2014,Whole Foods,-36.42,CA
50846,12/32/2014,Uber,-30.5,CA
50846,12/32/2014,Bowling,-8.79,CA
50846,12/32/2014,Restaurant - Pizza,-4.49,CA
