auth_id, Date, Vendor, Amount, Location 
3056,1/2/2013,Public Transportation - Train Pass,-39.33,CA
3056,1/2/2013,Science Museum,-46,CA
3056,1/3/2013,Public Transportation - Train Pass,-16.76,CA
3056,1/3/2013,Amazon Order - Mathematics Book,-32.61,CA
3056,1/3/2013,Whole Foods,-63.84,CA
3056,1/3/2013,Goods2 - ThinkGeek,-14.12,CA
3056,1/3/2013,Goods2 - ThinkGeek,-1.21,CA
3056,1/3/2013,Video Game - PlayStation,-35.72,CA
3056,1/3/2013,Coffee,-32.16,CA
3056,1/4/2013,Taxi,-11.29,CA
3056,1/5/2013,Amazon Order - Mathematics Book,-26.55,CA
3056,1/6/2013,DVD - Star Trek,-20.33,CA
3056,1/7/2013,Restaurant - Chinese,-84.59,CA
3056,1/7/2013,Taxi,-8.16,CA
3056,1/7/2013,Goods2 - ThinkGeek,-30.81,CA
3056,1/8/2013,Restaurant - Pizza,-39.25,CA
3056,1/8/2013,Restaurant - Chinese,-33.59,CA
3056,1/9/2013,Amazon Order - Mathematics Book,-14.81,CA
3056,1/9/2013,Von's Groceries,-22.64,CA
3056,1/9/2013,Whole Foods,-11.81,CA
3056,1/9/2013,Mary's Book Store,-7,CA
3056,1/9/2013,Library Membership,-2.53,CA
3056,1/9/2013,Food Delivery - GrubHub,-86.2,CA
3056,1/9/2013,DVD - Star Trek,-3.16,CA
3056,1/9/2013,Goods2 - ThinkGeek,-27.81,CA
3056,1/9/2013,Amazon Order - Science Book,-13.12,CA
3056,1/9/2013,Lyft,-16.77,CA
3056,1/10/2013,Mary's Book Store,-13.33,CA
3056,1/11/2013,Video Game - PlayStation,-9.55,CA
3056,1/11/2013,Video Game - PlayStation,-34.88,CA
3056,1/12/2013,Goods2 - ThinkGeek,-27.36,CA
3056,1/12/2013,Uber,-18.4,CA
3056,1/13/2013,Goods2 - ThinkGeek,-28.51,CA
3056,1/13/2013,Amazon Order - Mathematics Book,-9.95,CA
3056,1/13/2013,Taxi,-14.67,CA
3056,1/14/2013,Von's Groceries,-19.8,CA
3056,1/15/2013,Restaurant - Pizza,-37.6,CA
3056,1/15/2013,Whole Foods,-114.96,CA
3056,1/15/2013,Starbucks Coffee,-14.41,CA
3056,1/15/2013,Mary's Book Store,-2.13,CA
3056,1/15/2013,Amazon Order - Star Wars Figurine,-24.27,CA
3056,1/15/2013,San Diego Museum,-49.77,CA
3056,1/16/2013,Restaurant - Burgers,-15.13,CA
3056,1/16/2013,Ralph's Grocery Store,-38.05,CA
3056,1/17/2013,Goods2 - ThinkGeek,-93.63,CA
3056,1/18/2013,Art Museum,-3.72,CA
3056,1/18/2013,Public Transportation - Train Pass,-31.6,CA
3056,1/19/2013,Taxi,-25.56,CA
3056,1/19/2013,Art Museum,-39.35,CA
3056,1/20/2013,Coffee,-37.13,CA
3056,1/21/2013,Uber,-23.35,CA
3056,1/21/2013,Lyft,-12.64,CA
3056,1/21/2013,Library Membership,-13.42,CA
3056,1/22/2013,Uber,-8.42,CA
3056,1/23/2013,Amazon Order - Science Book,-35.27,CA
3056,1/23/2013,Mary's Book Store,-8.55,CA
3056,1/23/2013,Amazon Order - Biology Book,-33.69,CA
3056,1/23/2013,Online Education Courses,-22.27,CA
3056,1/23/2013,Amazon Order - Biology Book,-23.73,CA
3056,1/23/2013,Whole Foods,-3.07,CA
3056,1/24/2013,Taxi,-15.14,CA
3056,1/24/2013,Public Transportation - Train Pass,-22.67,CA
3056,1/25/2013,Online Education Courses,-25.58,CA
3056,1/25/2013,Restaurant - Chinese,-2.1,CA
3056,1/25/2013,Amazon Order - Mathematics Book,-10.61,CA
3056,1/25/2013,DVD - Star Trek,-12.1,CA
3056,1/26/2013,Uber,-17.02,CA
3056,1/26/2013,Amazon Order - Mathematics Book,-32.92,CA
3056,1/26/2013,Public Transportation - Train Pass,-14.65,CA
3056,1/26/2013,Whole Foods,-18.12,CA
3056,1/27/2013,Online Education Courses,-20.19,CA
3056,1/28/2013,Lyft,-34.62,CA
3056,1/28/2013,Amazon Order - Mathematics Book,-5.72,CA
3056,1/28/2013,Amazon Order - Science Book,-13.01,CA
3056,1/29/2013,San Diego Museum,-23.49,CA
3056,1/30/2013,San Diego Museum,-38.81,CA
3056,1/30/2013,Video Game - PlayStation,-2.87,CA
3056,1/30/2013,Science Museum,-1.05,CA
3056,1/30/2013,Restaurant - Steakhouse,-10.73,CA
3056,1/30/2013,Art Museum,-46.57,CA
3056,1/30/2013,Science Museum,-84.82,CA
3056,3/2/2013,Housing Rent,-1270,CA
3056,3/2/2013,Water & Sewer,-53,CA
3056,3/2/2013,Mary's Book Store,-22.72,CA
3056,3/2/2013,Art Museum,-16.03,CA
3056,3/2/2013,Coffee,-3.93,CA
3056,3/2/2013,Mary's Book Store,-22.22,CA
3056,3/2/2013,Uber,-1.67,CA
3056,3/2/2013,Online Education Courses,-39.52,CA
3056,3/3/2013,Amazon Order - Science Book,-9.23,CA
3056,3/3/2013,Whole Foods,-22.67,CA
3056,3/3/2013,Ralph's Grocery Store,-24.39,CA
3056,3/3/2013,Goods2 - ThinkGeek,-1.25,CA
3056,3/3/2013,Amazon Order - Biology Book,-35.68,CA
3056,3/3/2013,Food Delivery - GrubHub,-117.48,CA
3056,3/3/2013,Art Museum,-28.14,CA
3056,3/3/2013,Food Delivery - GrubHub,-20.96,CA
3056,3/3/2013,Amazon Order - Mathematics Book,-59.18,CA
3056,3/4/2013,Art Museum,-6.04,CA
3056,3/4/2013,Amazon Order - Science Book,-22.85,CA
3056,3/4/2013,Video Game - PlayStation,-15.62,CA
3056,3/4/2013,Art Museum,-115.92,CA
3056,3/4/2013,Video Game - PlayStation,-25.75,CA
3056,3/4/2013,Coffee,-16.77,CA
3056,3/5/2013,Restaurant - Steakhouse,-33.02,CA
3056,3/5/2013,Uber,-26.08,CA
3056,3/5/2013,Public Transportation - Bus Pass,-112.26,CA
3056,3/6/2013,Library Membership,-36,CA
3056,3/6/2013,Starbucks Coffee,-0.68,CA
3056,3/7/2013,San Diego Museum,-67.16,CA
3056,3/8/2013,DVD - Star Trek,-0.87,CA
3056,3/8/2013,Science Museum,-21.61,CA
3056,3/9/2013,Taxi,-24.78,CA
3056,3/10/2013,Art Museum,-39.96,CA
3056,3/10/2013,Amazon Order - Star Wars Figurine,-8.69,CA
3056,3/10/2013,San Diego Museum,-25.74,CA
3056,3/10/2013,Amazon Order - Mathematics Book,-16.98,CA
3056,3/10/2013,Amazon Order - Science Book,-88.72,CA
3056,3/10/2013,Art Museum,-13.72,CA
3056,3/11/2013,Starbucks Coffee,-39.08,CA
3056,3/11/2013,Mary's Book Store,-25.36,CA
3056,3/12/2013,Food Delivery - GrubHub,-10.41,CA
3056,3/13/2013,Amazon Order - Science Book,-32.3,CA
3056,3/13/2013,Art Museum,-68,CA
3056,3/13/2013,Amazon Order - Star Wars Figurine,-17.89,CA
3056,3/13/2013,Video Game - PlayStation,-109.57,CA
3056,3/13/2013,Taxi,-111.55,CA
3056,3/14/2013,San Diego Museum,-19.64,CA
3056,3/14/2013,San Diego Museum,-29.67,CA
3056,3/15/2013,Library Membership,-8.43,CA
3056,3/15/2013,Science Museum,-38.14,CA
3056,3/15/2013,Lyft,-39.93,CA
3056,3/15/2013,Uber,-29.93,CA
3056,3/15/2013,Taxi,-78.49,CA
3056,3/16/2013,Public Transportation - Bus Pass,-20.37,CA
3056,3/16/2013,Amazon Order - Biology Book,-34.3,CA
3056,3/17/2013,Goods2 - ThinkGeek,-23.16,CA
3056,3/17/2013,Library Membership,-18.3,CA
3056,3/18/2013,Amazon Order - Science Book,-45.7,CA
3056,3/19/2013,Amazon Order - Mathematics Book,-12.91,CA
3056,3/20/2013,Amazon Order - Mathematics Book,-7.33,CA
3056,3/20/2013,Amazon Order - Science Book,-34.07,CA
3056,3/20/2013,Coffee,-24.89,CA
3056,3/21/2013,Restaurant - Pizza,-95.93,CA
3056,3/21/2013,Whole Foods,-30.69,CA
3056,3/22/2013,Art Museum,-70.66,CA
3056,3/23/2013,Lyft,-34.17,CA
3056,3/23/2013,Restaurant - Burgers,-115.67,CA
3056,3/23/2013,Art Museum,-60.8,CA
3056,3/23/2013,Art Museum,-29.61,CA
3056,3/24/2013,Public Transportation - Bus Pass,-17.04,CA
3056,3/24/2013,Mary's Book Store,-15.25,CA
3056,3/24/2013,San Diego Museum,-39.38,CA
3056,3/24/2013,Video Game - PlayStation,-1.94,CA
3056,3/24/2013,Whole Foods,-0.26,CA
3056,3/24/2013,Video Game - PlayStation,-104.96,CA
3056,3/25/2013,Video Game - PlayStation,-21.92,CA
3056,3/25/2013,Video Game - PlayStation,-17.8,CA
3056,3/25/2013,Whole Foods,-37.53,CA
3056,3/25/2013,Amazon Order - Biology Book,-11.07,CA
3056,3/25/2013,Restaurant - Steakhouse,-39.32,CA
3056,3/25/2013,Public Transportation - Train Pass,-4.56,CA
3056,3/26/2013,Amazon Order - Biology Book,-7.36,CA
3056,3/26/2013,Taxi,-1.34,CA
3056,3/26/2013,Restaurant - Pizza,-27.22,CA
3056,3/26/2013,Online Education Courses,-32.74,CA
3056,3/26/2013,Amazon Order - Biology Book,-83.82,CA
3056,3/26/2013,Public Transportation - Train Pass,-15.09,CA
3056,3/27/2013,Public Transportation - Train Pass,-1.43,CA
3056,3/27/2013,Food Delivery - GrubHub,-2.7,CA
3056,3/28/2013,Uber,-20.35,CA
3056,3/28/2013,Art Museum,-7.69,CA
3056,3/28/2013,Library Membership,-22.79,CA
3056,3/28/2013,Mary's Book Store,-46.55,CA
3056,3/28/2013,Coffee,-29.66,CA
3056,3/28/2013,Amazon Order - Science Book,-11.07,CA
3056,3/29/2013,Online Education Courses,-35.91,CA
3056,3/30/2013,Library Membership,-8.12,CA
3056,3/30/2013,Food Delivery - GrubHub,-7.44,CA
3056,3/30/2013,Public Transportation - Bus Pass,-35.74,CA
3056,3/30/2013,San Diego Museum,-26.24,CA
3056,4/2/2013,Housing Rent,-928,CA
3056,4/2/2013,Water & Sewer,-53,CA
3056,4/2/2013,DVD - Star Trek,-26.67,CA
3056,4/3/2013,Public Transportation - Bus Pass,-115.5,CA
3056,4/4/2013,Science Museum,-6.4,CA
3056,4/5/2013,Sprouts Market,-6.79,CA
3056,4/5/2013,Amazon Order - Science Book,-26.27,CA
3056,4/5/2013,Uber,-26.31,CA
3056,4/6/2013,Amazon Order - Star Wars Figurine,-33.06,CA
3056,4/7/2013,Starbucks Coffee,-16.86,CA
3056,4/7/2013,Whole Foods,-19.68,CA
3056,4/8/2013,San Diego Museum,-39.56,CA
3056,4/8/2013,Amazon Order - Star Wars Figurine,-34.27,CA
3056,4/9/2013,Lyft,-0.28,CA
3056,4/10/2013,Public Transportation - Train Pass,-30.4,CA
3056,4/10/2013,Goods2 - ThinkGeek,-39.13,CA
3056,4/10/2013,Library Membership,-0.22,CA
3056,4/10/2013,Amazon Order - Mathematics Book,-1.7,CA
3056,4/10/2013,Restaurant - Chinese,-30.95,CA
3056,4/10/2013,Amazon Order - Biology Book,-16.96,CA
3056,4/10/2013,Coffee,-31.56,CA
3056,4/11/2013,Amazon Order - Science Book,-7.96,CA
3056,4/12/2013,Online Education Courses,-66.9,CA
3056,4/12/2013,Science Museum,-104.48,CA
3056,4/13/2013,Restaurant - Burgers,-12.93,CA
3056,4/13/2013,Amazon Order - Biology Book,-2.93,CA
3056,4/13/2013,Amazon Order - Star Wars Figurine,-29.58,CA
3056,4/14/2013,Science Museum,-75.51,CA
3056,4/15/2013,Library Membership,-14.37,CA
3056,4/15/2013,Public Transportation - Bus Pass,-24.62,CA
3056,4/15/2013,Amazon Order - Mathematics Book,-49.43,CA
3056,4/15/2013,Amazon Order - Mathematics Book,-21.86,CA
3056,4/15/2013,Goods2 - ThinkGeek,-10.52,CA
3056,4/15/2013,Sprouts Market,-13.82,CA
3056,4/15/2013,Lyft,-3.1,CA
3056,4/15/2013,Restaurant - Steakhouse,-28.85,CA
3056,4/15/2013,Amazon Order - Mathematics Book,-12.52,CA
3056,4/15/2013,Ralph's Grocery Store,-37.64,CA
3056,4/15/2013,Amazon Order - Science Book,-12.58,CA
3056,4/15/2013,Taxi,-20.37,CA
3056,4/16/2013,San Diego Museum,-9.45,CA
3056,4/17/2013,Public Transportation - Bus Pass,-24.81,CA
3056,4/17/2013,Restaurant - Chinese,-37.72,CA
3056,4/18/2013,Amazon Order - Biology Book,-7.27,CA
3056,4/18/2013,Science Museum,-17.38,CA
3056,4/19/2013,Mary's Book Store,-18.24,CA
3056,4/20/2013,Public Transportation - Train Pass,-34.71,CA
3056,4/20/2013,Coffee,-67.24,CA
3056,4/21/2013,Amazon Order - Mathematics Book,-16.08,CA
3056,4/21/2013,Online Education Courses,-19.87,CA
3056,4/21/2013,Coffee,-22.57,CA
3056,4/21/2013,Library Membership,-37.03,CA
3056,4/22/2013,Goods2 - ThinkGeek,-0.53,CA
3056,4/22/2013,San Diego Museum,-17.82,CA
3056,4/22/2013,Mary's Book Store,-28.54,CA
3056,4/23/2013,Mary's Book Store,-4.64,CA
3056,4/24/2013,Goods2 - ThinkGeek,-1.73,CA
3056,4/24/2013,Public Transportation - Bus Pass,-27.59,CA
3056,4/24/2013,Kay Jewelry,-3.11,CA
3056,4/24/2013,Wedding Planner,-39.64,CA
3056,4/24/2013,Southwest Flights - Cancun,-30.22,CA
3056,4/24/2013,Cancun Beach Resort,-7.42,CA
3056,4/24/2013,Whole Foods,-83.23,CA
3056,4/24/2013,Food Delivery - GrubHub,-21.05,CA
3056,4/24/2013,DVD - Star Trek,-33.98,CA
3056,4/25/2013,Mary's Book Store,-38.08,CA
3056,4/26/2013,Restaurant - Chinese,-3.3,CA
3056,4/26/2013,Library Membership,-32.02,CA
3056,4/26/2013,Art Museum,-30,CA
3056,4/27/2013,Sprouts Market,-34.15,CA
3056,4/27/2013,Restaurant - Steakhouse,-39.26,CA
3056,4/27/2013,Science Museum,-15.32,CA
3056,4/27/2013,Science Museum,-19.7,CA
3056,4/28/2013,Public Transportation - Train Pass,-10.78,CA
3056,4/28/2013,Coffee,-35.62,CA
3056,4/28/2013,Goods2 - ThinkGeek,-0.44,CA
3056,4/28/2013,Online Education Courses,-0.55,CA
3056,4/29/2013,Restaurant - Burgers,-0.92,CA
3056,4/29/2013,Science Museum,-40.67,CA
3056,4/30/2013,Lyft,-38.56,CA
3056,5/2/2013,Housing Rent,-843,CA
3056,5/2/2013,Water & Sewer,-53,CA
3056,5/2/2013,Mary's Book Store,-3.05,CA
3056,5/2/2013,Goods2 - ThinkGeek,-17.43,CA
3056,5/3/2013,Science Museum,-26.71,CA
3056,5/3/2013,Amazon Order - Biology Book,-74.01,CA
3056,5/3/2013,Amazon Order - Biology Book,-18.33,CA
3056,5/3/2013,San Diego Museum,-103.87,CA
3056,5/3/2013,Amazon Order - Mathematics Book,-9.82,CA
3056,5/3/2013,Online Education Courses,-29.11,CA
3056,5/4/2013,Starbucks Coffee,-35.28,CA
3056,5/4/2013,Goods2 - ThinkGeek,-39.94,CA
3056,5/4/2013,Science Museum,-38.67,CA
3056,5/4/2013,Public Transportation - Train Pass,-97.18,CA
3056,5/4/2013,DVD - Star Trek,-33.4,CA
3056,5/4/2013,Amazon Order - Mathematics Book,-12.32,CA
3056,5/4/2013,DVD - Star Trek,-13.01,CA
3056,5/4/2013,Science Museum,-38.37,CA
3056,5/5/2013,Whole Foods,-2.88,CA
3056,5/5/2013,Goods2 - ThinkGeek,-21.79,CA
3056,5/5/2013,Science Museum,-0.6,CA
3056,5/5/2013,Uber,-28.74,CA
3056,5/5/2013,Ralph's Grocery Store,-60.9,CA
3056,5/6/2013,Mary's Book Store,-23.86,CA
3056,5/6/2013,Public Transportation - Train Pass,-11.8,CA
3056,5/6/2013,Amazon Order - Biology Book,-24.87,CA
3056,5/6/2013,Public Transportation - Bus Pass,-38.05,CA
3056,5/7/2013,Uber,-104.94,CA
3056,5/8/2013,Goods2 - ThinkGeek,-31.1,CA
3056,5/8/2013,Lyft,-15.82,CA
3056,5/8/2013,Coffee,-7.88,CA
3056,5/8/2013,Ralph's Grocery Store,-34.22,CA
3056,5/9/2013,Online Education Courses,-1.19,CA
3056,5/10/2013,Goods2 - ThinkGeek,-76.92,CA
3056,5/10/2013,Restaurant - Steakhouse,-1.46,CA
3056,5/10/2013,Taxi,-39.5,CA
3056,5/10/2013,Von's Groceries,-5.27,CA
3056,5/10/2013,Food Delivery - GrubHub,-14.77,CA
3056,5/10/2013,Amazon Order - Biology Book,-39.03,CA
3056,5/10/2013,Taxi,-84.2,CA
3056,5/10/2013,Goods2 - ThinkGeek,-28.55,CA
3056,5/10/2013,DVD - Star Trek,-6.94,CA
3056,5/11/2013,Public Transportation - Bus Pass,-27.41,CA
3056,5/11/2013,Amazon Order - Star Wars Figurine,-0.6,CA
3056,5/12/2013,Taxi,-109.63,CA
3056,5/12/2013,Art Museum,-6.98,CA
3056,5/12/2013,Amazon Order - Star Wars Figurine,-38.86,CA
3056,5/12/2013,Taxi,-16.21,CA
3056,5/12/2013,Amazon Order - Biology Book,-11.11,CA
3056,5/12/2013,Coffee,-15.78,CA
3056,5/12/2013,Amazon Order - Mathematics Book,-3.22,CA
3056,5/12/2013,Video Game - PlayStation,-11.65,CA
3056,5/12/2013,Uber,-9.35,CA
3056,5/13/2013,Amazon Order - Star Wars Figurine,-15.67,CA
3056,5/14/2013,Taxi,-2.49,CA
3056,5/14/2013,Online Education Courses,-1.76,CA
3056,5/15/2013,Food Delivery - GrubHub,-94.65,CA
3056,5/15/2013,Art Museum,-4.69,CA
3056,5/15/2013,Amazon Order - Science Book,-23.23,CA
3056,5/15/2013,Coffee,-27.74,CA
3056,5/16/2013,Amazon Order - Biology Book,-34.14,CA
3056,5/17/2013,Science Museum,-22.26,CA
3056,5/18/2013,Restaurant - Burgers,-19.34,CA
3056,5/18/2013,Goods2 - ThinkGeek,-12.32,CA
3056,5/18/2013,Mary's Book Store,-27.72,CA
3056,5/18/2013,Whole Foods,-21.56,CA
3056,5/18/2013,Amazon Order - Science Book,-2.4,CA
3056,5/19/2013,Mary's Book Store,-109.01,CA
3056,5/19/2013,Amazon Order - Biology Book,-113.07,CA
3056,5/19/2013,Art Museum,-13.26,CA
3056,5/19/2013,Amazon Order - Star Wars Figurine,-2.13,CA
3056,5/19/2013,Restaurant - Chinese,-27.57,CA
3056,5/19/2013,Starbucks Coffee,-54.89,CA
3056,5/19/2013,San Diego Museum,-39.93,CA
3056,5/20/2013,Science Museum,-32.44,CA
3056,5/21/2013,Coffee,-24.47,CA
3056,5/21/2013,Library Membership,-0.5,CA
3056,5/21/2013,Taxi,-79.66,CA
3056,5/22/2013,Science Museum,-26.04,CA
3056,5/22/2013,Public Transportation - Train Pass,-30.53,CA
3056,5/22/2013,San Diego Museum,-13.3,CA
3056,5/23/2013,Public Transportation - Train Pass,-22.89,CA
3056,5/24/2013,Online Education Courses,-8.63,CA
3056,5/24/2013,Public Transportation - Bus Pass,-76.88,CA
3056,5/24/2013,Public Transportation - Bus Pass,-12.47,CA
3056,5/25/2013,Uber,-1.55,CA
3056,5/26/2013,Lyft,-49.36,CA
3056,5/26/2013,Science Museum,-3.82,CA
3056,5/26/2013,Amazon Order - Mathematics Book,-30.23,CA
3056,5/27/2013,Art Museum,-9.23,CA
3056,5/27/2013,Lyft,-40.71,CA
3056,5/27/2013,Art Museum,-88.7,CA
3056,5/27/2013,Art Museum,-34.57,CA
3056,5/28/2013,Lyft,-15.14,CA
3056,5/28/2013,Mary's Book Store,-17.72,CA
3056,5/28/2013,Video Game - PlayStation,-33.58,CA
3056,5/29/2013,Food Delivery - GrubHub,-7.6,CA
3056,5/29/2013,Whole Foods,-60.42,CA
3056,5/30/2013,Von's Groceries,-69.06,CA
3056,5/30/2013,Von's Groceries,-16.3,CA
3056,5/30/2013,Library Membership,-33.42,CA
3056,5/30/2013,Uber,-7.72,CA
3056,5/30/2013,Mary's Book Store,-15.33,CA
3056,5/30/2013,Public Transportation - Bus Pass,-37.57,CA
3056,5/30/2013,Public Transportation - Bus Pass,-22.39,CA
3056,6/2/2013,Housing Rent,-1067,CA
3056,6/2/2013,Water & Sewer,-53,CA
3056,6/2/2013,DVD - Star Trek,-28.03,CA
3056,6/2/2013,Food Delivery - GrubHub,-97.43,CA
3056,6/2/2013,Uber,-53.52,CA
3056,6/2/2013,Taxi,-33.6,CA
3056,6/2/2013,Amazon Order - Biology Book,-29.56,CA
3056,6/2/2013,DVD - Star Trek,-0.26,CA
3056,6/2/2013,Amazon Order - Star Wars Figurine,-27.68,CA
3056,6/2/2013,Amazon Order - Mathematics Book,-5.83,CA
3056,6/3/2013,Art Museum,-37.22,CA
3056,6/3/2013,Amazon Order - Biology Book,-25.3,CA
3056,6/3/2013,Online Education Courses,-7.68,CA
3056,6/3/2013,DVD - Star Trek,-13.18,CA
3056,6/4/2013,Science Museum,-0.72,CA
3056,6/4/2013,Amazon Order - Mathematics Book,-24.72,CA
3056,6/4/2013,Library Membership,-18.15,CA
3056,6/4/2013,Amazon Order - Star Wars Figurine,-27.83,CA
3056,6/4/2013,San Diego Museum,-45.63,CA
3056,6/4/2013,Video Game - PlayStation,-113.72,CA
3056,6/4/2013,Food Delivery - GrubHub,-62.91,CA
3056,6/4/2013,Taxi,-25.04,CA
3056,6/4/2013,DVD - Star Trek,-2.06,CA
3056,6/4/2013,Taxi,-34.84,CA
3056,6/5/2013,Food Delivery - GrubHub,-19.8,CA
3056,6/5/2013,Video Game - PlayStation,-34.94,CA
3056,6/5/2013,Mary's Book Store,-16.09,CA
3056,6/5/2013,Online Education Courses,-3.64,CA
3056,6/5/2013,Amazon Order - Star Wars Figurine,-16.71,CA
3056,6/6/2013,Uber,-69.28,CA
3056,6/6/2013,Mary's Book Store,-38.74,CA
3056,6/6/2013,Public Transportation - Bus Pass,-18.93,CA
3056,6/6/2013,San Diego Museum,-18.79,CA
3056,6/6/2013,Ralph's Grocery Store,-34.08,CA
3056,6/6/2013,Von's Groceries,-83.84,CA
3056,6/6/2013,Library Membership,-93.45,CA
3056,6/7/2013,Lyft,-12.57,CA
3056,6/7/2013,Von's Groceries,-17.53,CA
3056,6/7/2013,Taxi,-2.91,CA
3056,6/7/2013,Art Museum,-34.54,CA
3056,6/7/2013,Amazon Order - Star Wars Figurine,-49.61,CA
3056,6/7/2013,San Diego Museum,-2.42,CA
3056,6/7/2013,Amazon Order - Biology Book,-21.89,CA
3056,6/7/2013,Uber,-21.4,CA
3056,6/7/2013,Lyft,-24.43,CA
3056,6/7/2013,Art Museum,-38.73,CA
3056,6/7/2013,Library Membership,-100.84,CA
3056,6/8/2013,San Diego Museum,-5.34,CA
3056,6/8/2013,Amazon Order - Science Book,-8.2,CA
3056,6/9/2013,Lyft,-90.35,CA
3056,6/10/2013,Online Education Courses,-18.03,CA
3056,6/10/2013,Goods2 - ThinkGeek,-78.87,CA
3056,6/11/2013,Amazon Order - Star Wars Figurine,-93.36,CA
3056,6/11/2013,Library Membership,-91.42,CA
3056,6/11/2013,Whole Foods,-13.36,CA
3056,6/12/2013,Restaurant - Burgers,-29.71,CA
3056,6/13/2013,Amazon Order - Star Wars Figurine,-37.8,CA
3056,6/13/2013,Public Transportation - Train Pass,-31.3,CA
3056,6/14/2013,Amazon Order - Mathematics Book,-34.52,CA
3056,6/14/2013,Art Museum,-12.28,CA
3056,6/14/2013,Amazon Order - Star Wars Figurine,-36.74,CA
3056,6/14/2013,Public Transportation - Train Pass,-3.7,CA
3056,6/14/2013,Art Museum,-10.58,CA
3056,6/14/2013,Amazon Order - Biology Book,-107.51,CA
3056,6/15/2013,Taxi,-35.79,CA
3056,6/15/2013,Sprouts Market,-26.13,CA
3056,6/15/2013,Mary's Book Store,-48.09,CA
3056,6/15/2013,Science Museum,-89.68,CA
3056,6/15/2013,Uber,-47.67,CA
3056,6/15/2013,Whole Foods,-26.77,CA
3056,6/16/2013,Library Membership,-9.04,CA
3056,6/17/2013,Amazon Order - Science Book,-92.79,CA
3056,6/17/2013,Amazon Order - Biology Book,-1.3,CA
3056,6/17/2013,Goods2 - ThinkGeek,-32.89,CA
3056,6/17/2013,Whole Foods,-72.36,CA
3056,6/17/2013,Amazon Order - Biology Book,-92.16,CA
3056,6/17/2013,Video Game - PlayStation,-25.94,CA
3056,6/18/2013,Online Education Courses,-19.53,CA
3056,6/18/2013,Amazon Order - Science Book,-28.38,CA
3056,6/19/2013,Amazon Order - Star Wars Figurine,-26.13,CA
3056,6/20/2013,Taxi,-55.42,CA
3056,6/20/2013,Taxi,-26.44,CA
3056,6/21/2013,Amazon Order - Biology Book,-10.54,CA
3056,6/21/2013,Science Museum,-68.21,CA
3056,6/21/2013,Amazon Order - Science Book,-31.35,CA
3056,6/22/2013,Restaurant - Pizza,-17.03,CA
3056,6/23/2013,Amazon Order - Biology Book,-5.5,CA
3056,6/23/2013,Library Membership,-58.45,CA
3056,6/23/2013,Whole Foods,-3.01,CA
3056,6/23/2013,Amazon Order - Star Wars Figurine,-21.67,CA
3056,6/23/2013,Goods2 - ThinkGeek,-20.21,CA
3056,6/24/2013,Restaurant - Pizza,-4.43,CA
3056,6/25/2013,Public Transportation - Bus Pass,-37.66,CA
3056,6/25/2013,Public Transportation - Train Pass,-35.92,CA
3056,6/25/2013,Public Transportation - Bus Pass,-93.34,CA
3056,6/25/2013,Restaurant - Chinese,-4.64,CA
3056,6/26/2013,Amazon Order - Biology Book,-1.95,CA
3056,6/27/2013,Amazon Order - Biology Book,-90.32,CA
3056,6/27/2013,Uber,-11.37,CA
3056,6/28/2013,Whole Foods,-5.89,CA
3056,6/28/2013,Mary's Book Store,-28.18,CA
3056,6/28/2013,Restaurant - Pizza,-14.61,CA
3056,6/28/2013,Online Education Courses,-27.17,CA
3056,6/28/2013,Goods2 - ThinkGeek,-107.52,CA
3056,6/28/2013,Ralph's Grocery Store,-30.56,CA
3056,6/28/2013,Mary's Book Store,-11.05,CA
3056,6/29/2013,Restaurant - Steakhouse,-27.8,CA
3056,6/29/2013,Library Membership,-31.93,CA
3056,6/29/2013,Restaurant - Steakhouse,-33.41,CA
3056,6/29/2013,Art Museum,-25.56,CA
3056,6/29/2013,Art Museum,-9.89,CA
3056,6/29/2013,Video Game - PlayStation,-8.82,CA
3056,6/29/2013,Amazon Order - Science Book,-12.34,CA
3056,6/29/2013,Online Education Courses,-14.55,CA
3056,6/29/2013,Online Education Courses,-6.58,CA
3056,6/29/2013,Coffee,-50.03,CA
3056,6/29/2013,Amazon Order - Biology Book,-76.06,CA
3056,6/30/2013,Coffee,-4.7,CA
3056,6/30/2013,Science Museum,-17.13,CA
3056,6/30/2013,Food Delivery - GrubHub,-45.03,CA
3056,6/30/2013,Online Education Courses,-20.05,CA
3056,6/30/2013,Lyft,-36.67,CA
3056,6/30/2013,Starbucks Coffee,-17.79,CA
3056,6/30/2013,Starbucks Coffee,-55.58,CA
3056,6/30/2013,Amazon Order - Mathematics Book,-0.1,CA
3056,6/30/2013,Amazon Order - Biology Book,-32.6,CA
3056,6/30/2013,Art Museum,-24.67,CA
3056,7/2/2013,Housing Rent,-895,CA
3056,7/2/2013,Water & Sewer,-53,CA
3056,7/2/2013,Science Museum,-20.17,CA
3056,7/2/2013,Amazon Order - Biology Book,-6.32,CA
3056,7/2/2013,San Diego Museum,-13.67,CA
3056,7/3/2013,Sprouts Market,-12.28,CA
3056,7/3/2013,Ralph's Grocery Store,-110.08,CA
3056,7/3/2013,Library Membership,-102.12,CA
3056,7/3/2013,Restaurant - Pizza,-45.77,CA
3056,7/3/2013,Goods2 - ThinkGeek,-33.34,CA
3056,7/4/2013,Mary's Book Store,-1.19,CA
3056,7/4/2013,Restaurant - Steakhouse,-11.96,CA
3056,7/5/2013,DVD - Star Trek,-35.22,CA
3056,7/5/2013,Coffee,-39.89,CA
3056,7/6/2013,Uber,-27.37,CA
3056,7/7/2013,Restaurant - Pizza,-28.37,CA
3056,7/7/2013,Public Transportation - Train Pass,-31.02,CA
3056,7/7/2013,Public Transportation - Train Pass,-30.08,CA
3056,7/8/2013,DVD - Star Trek,-16.11,CA
3056,7/9/2013,Library Membership,-22.99,CA
3056,7/9/2013,DVD - Star Trek,-100.84,CA
3056,7/9/2013,Mary's Book Store,-11.53,CA
3056,7/9/2013,Goods2 - ThinkGeek,-21.19,CA
3056,7/9/2013,Restaurant - Pizza,-21.89,CA
3056,7/10/2013,Public Transportation - Bus Pass,-5.89,CA
3056,7/10/2013,Science Museum,-97.45,CA
3056,7/11/2013,Restaurant - Burgers,-3.51,CA
3056,7/11/2013,Lyft,-113.66,CA
3056,7/11/2013,Mary's Book Store,-8.01,CA
3056,7/11/2013,Lyft,-35.16,CA
3056,7/12/2013,Lyft,-19.51,CA
3056,7/13/2013,Amazon Order - Science Book,-39.84,CA
3056,7/13/2013,Ralph's Grocery Store,-26.13,CA
3056,7/13/2013,Coffee,-52.76,CA
3056,7/14/2013,Taxi,-31.36,CA
3056,7/15/2013,Taxi,-13.39,CA
3056,7/15/2013,Online Education Courses,-31.43,CA
3056,7/15/2013,Taxi,-15.37,CA
3056,7/16/2013,Whole Foods,-14.32,CA
3056,7/17/2013,DVD - Star Trek,-24.83,CA
3056,7/17/2013,Art Museum,-31.07,CA
3056,7/18/2013,Video Game - PlayStation,-36.54,CA
3056,7/18/2013,San Diego Museum,-33.91,CA
3056,7/18/2013,Restaurant - Steakhouse,-9.15,CA
3056,7/18/2013,Mary's Book Store,-101.77,CA
3056,7/19/2013,Uber,-0.6,CA
3056,7/19/2013,Amazon Order - Star Wars Figurine,-110.13,CA
3056,7/19/2013,Library Membership,-50.47,CA
3056,7/20/2013,Art Museum,-24.16,CA
3056,7/20/2013,Public Transportation - Train Pass,-38.42,CA
3056,7/21/2013,Public Transportation - Train Pass,-23.06,CA
3056,7/22/2013,Uber,-37.46,CA
3056,7/23/2013,Online Education Courses,-5.21,CA
3056,7/23/2013,Uber,-22.3,CA
3056,7/23/2013,San Diego Museum,-79.67,CA
3056,7/23/2013,Goods2 - ThinkGeek,-36.1,CA
3056,7/23/2013,Sprouts Market,-25.38,CA
3056,7/23/2013,Science Museum,-14.14,CA
3056,7/23/2013,Video Game - PlayStation,-65.07,CA
3056,7/23/2013,Public Transportation - Bus Pass,-27.46,CA
3056,7/23/2013,Restaurant - Pizza,-12.98,CA
3056,7/23/2013,Amazon Order - Mathematics Book,-36.97,CA
3056,7/23/2013,Science Museum,-54.7,CA
3056,7/23/2013,Goods2 - ThinkGeek,-94.69,CA
3056,7/23/2013,Video Game - PlayStation,-23.61,CA
3056,7/24/2013,Science Museum,-15.98,CA
3056,7/24/2013,Public Transportation - Train Pass,-18.88,CA
3056,7/24/2013,Restaurant - Pizza,-0.87,CA
3056,7/24/2013,Amazon Order - Mathematics Book,-64.4,CA
3056,7/24/2013,Uber,-28,CA
3056,7/25/2013,Mary's Book Store,-11.88,CA
3056,7/25/2013,Restaurant - Burgers,-23.43,CA
3056,7/25/2013,Art Museum,-60.61,CA
3056,7/25/2013,Amazon Order - Science Book,-0.16,CA
3056,7/26/2013,Library Membership,-23.49,CA
3056,7/26/2013,Restaurant - Burgers,-56.01,CA
3056,7/27/2013,Whole Foods,-4.44,CA
3056,7/28/2013,Taxi,-11.28,CA
3056,7/28/2013,Restaurant - Chinese,-14.54,CA
3056,7/29/2013,Online Education Courses,-18.99,CA
3056,7/29/2013,Public Transportation - Bus Pass,-21.56,CA
3056,7/30/2013,Coffee,-19.85,CA
3056,7/30/2013,Goods2 - ThinkGeek,-25.12,CA
3056,7/30/2013,Taxi,-29.36,CA
3056,8/2/2013,Housing Rent,-902,CA
3056,8/2/2013,Water & Sewer,-53,CA
3056,8/2/2013,Ralph's Grocery Store,-37.61,CA
3056,8/3/2013,San Diego Museum,-54.97,CA
3056,8/3/2013,Science Museum,-45.54,CA
3056,8/3/2013,Online Education Courses,-16.42,CA
3056,8/3/2013,Restaurant - Chinese,-36.72,CA
3056,8/3/2013,Mary's Book Store,-79.49,CA
3056,8/3/2013,Coffee,-35.24,CA
3056,8/3/2013,Public Transportation - Train Pass,-9.78,CA
3056,8/3/2013,Goods2 - ThinkGeek,-7.26,CA
3056,8/4/2013,Amazon Order - Biology Book,-20.91,CA
3056,8/5/2013,Ralph's Grocery Store,-34.16,CA
3056,8/5/2013,Amazon Order - Science Book,-39.1,CA
3056,8/5/2013,Whole Foods,-29.72,CA
3056,8/6/2013,Amazon Order - Science Book,-33.41,CA
3056,8/6/2013,Taxi,-32.57,CA
3056,8/6/2013,DVD - Star Trek,-27.7,CA
3056,8/6/2013,Sprouts Market,-77.31,CA
3056,8/6/2013,Lyft,-22.57,CA
3056,8/6/2013,DVD - Star Trek,-66.41,CA
3056,8/6/2013,Amazon Order - Biology Book,-36.96,CA
3056,8/6/2013,San Diego Museum,-25.39,CA
3056,8/7/2013,Goods2 - ThinkGeek,-104.44,CA
3056,8/7/2013,Mary's Book Store,-19.34,CA
3056,8/7/2013,Taxi,-21.77,CA
3056,8/7/2013,Mary's Book Store,-78.71,CA
3056,8/8/2013,Library Membership,-39.04,CA
3056,8/9/2013,Von's Groceries,-0.17,CA
3056,8/9/2013,Amazon Order - Mathematics Book,-17.06,CA
3056,8/9/2013,Public Transportation - Train Pass,-1.36,CA
3056,8/10/2013,Taxi,-6.44,CA
3056,8/11/2013,Restaurant - Burgers,-25.1,CA
3056,8/12/2013,Sprouts Market,-14.17,CA
3056,8/12/2013,Amazon Order - Science Book,-14.1,CA
3056,8/12/2013,Whole Foods,-9.98,CA
3056,8/12/2013,Mary's Book Store,-32.7,CA
3056,8/12/2013,Uber,-27.69,CA
3056,8/13/2013,Lyft,-107.75,CA
3056,8/14/2013,Mary's Book Store,-16.9,CA
3056,8/14/2013,Online Education Courses,-4.78,CA
3056,8/14/2013,Amazon Order - Mathematics Book,-12.92,CA
3056,8/14/2013,Library Membership,-119.26,CA
3056,8/14/2013,San Diego Museum,-5.14,CA
3056,8/14/2013,Amazon Order - Biology Book,-27.18,CA
3056,8/15/2013,Amazon Order - Science Book,-0.71,CA
3056,8/15/2013,Ralph's Grocery Store,-12.03,CA
3056,8/15/2013,Goods2 - ThinkGeek,-19.25,CA
3056,8/16/2013,Amazon Order - Star Wars Figurine,-29.56,CA
3056,8/17/2013,Amazon Order - Mathematics Book,-18.26,CA
3056,8/17/2013,Goods2 - ThinkGeek,-1.01,CA
3056,8/17/2013,Public Transportation - Train Pass,-37.47,CA
3056,8/18/2013,Von's Groceries,-56.74,CA
3056,8/18/2013,Library Membership,-22.25,CA
3056,8/19/2013,Restaurant - Chinese,-11.27,CA
3056,8/20/2013,Video Game - PlayStation,-25.55,CA
3056,8/21/2013,DVD - Star Trek,-2.7,CA
3056,8/21/2013,Amazon Order - Star Wars Figurine,-19.93,CA
3056,8/21/2013,Science Museum,-109.93,CA
3056,8/22/2013,Online Education Courses,-8.5,CA
3056,8/22/2013,Library Membership,-13.43,CA
3056,8/22/2013,Amazon Order - Mathematics Book,-11.04,CA
3056,8/23/2013,Coffee,-4.1,CA
3056,8/23/2013,Lyft,-0.3,CA
3056,8/23/2013,Art Museum,-56.93,CA
3056,8/23/2013,Ralph's Grocery Store,-3.81,CA
3056,8/24/2013,San Diego Museum,-25.92,CA
3056,8/25/2013,Amazon Order - Biology Book,-34.95,CA
3056,8/25/2013,Taxi,-21.05,CA
3056,8/25/2013,Restaurant - Burgers,-35.38,CA
3056,8/26/2013,Public Transportation - Bus Pass,-28.08,CA
3056,8/26/2013,Starbucks Coffee,-38.91,CA
3056,8/26/2013,Amazon Order - Science Book,-18.41,CA
3056,8/26/2013,San Diego Museum,-20.46,CA
3056,8/26/2013,Amazon Order - Science Book,-94.1,CA
3056,8/27/2013,Science Museum,-28.28,CA
3056,8/27/2013,Science Museum,-8.43,CA
3056,8/28/2013,Ralph's Grocery Store,-37.65,CA
3056,8/28/2013,Mary's Book Store,-12.67,CA
3056,8/28/2013,Von's Groceries,-8.02,CA
3056,8/28/2013,Lyft,-25.07,CA
3056,8/28/2013,Goods2 - ThinkGeek,-24.79,CA
3056,8/28/2013,Art Museum,-15.45,CA
3056,8/28/2013,Goods2 - ThinkGeek,-30.3,CA
3056,8/28/2013,Public Transportation - Bus Pass,-27.49,CA
3056,8/29/2013,Lyft,-1.56,CA
3056,8/30/2013,Online Education Courses,-36.51,CA
3056,8/30/2013,Public Transportation - Train Pass,-16.46,CA
3056,8/30/2013,Goods2 - ThinkGeek,-0.67,CA
3056,8/30/2013,San Diego Museum,-30.38,CA
3056,8/30/2013,San Diego Museum,-35.29,CA
3056,9/2/2013,Housing Rent,-1366,CA
3056,9/2/2013,Water & Sewer,-53,CA
3056,9/2/2013,Lyft,-25.84,CA
3056,9/2/2013,Von's Groceries,-26.38,CA
3056,9/2/2013,Ralph's Grocery Store,-54.27,CA
3056,9/3/2013,Amazon Order - Star Wars Figurine,-38.55,CA
3056,9/4/2013,Online Education Courses,-39.26,CA
3056,9/5/2013,Amazon Order - Star Wars Figurine,-24.26,CA
3056,9/5/2013,Restaurant - Burgers,-39.68,CA
3056,9/5/2013,Mary's Book Store,-71.97,CA
3056,9/6/2013,Online Education Courses,-26.79,CA
3056,9/7/2013,Online Education Courses,-6.21,CA
3056,9/7/2013,Amazon Order - Science Book,-19.69,CA
3056,9/7/2013,Video Game - PlayStation,-21.92,CA
3056,9/8/2013,Amazon Order - Biology Book,-2.63,CA
3056,9/8/2013,Public Transportation - Train Pass,-21.85,CA
3056,9/8/2013,San Diego Museum,-11.16,CA
3056,9/8/2013,Amazon Order - Mathematics Book,-28.63,CA
3056,9/8/2013,Lyft,-7.55,CA
3056,9/8/2013,Mary's Book Store,-1.69,CA
3056,9/9/2013,Amazon Order - Science Book,-36.46,CA
3056,9/10/2013,Science Museum,-93.06,CA
3056,9/10/2013,Restaurant - Steakhouse,-26.5,CA
3056,9/10/2013,Amazon Order - Mathematics Book,-76.53,CA
3056,9/10/2013,Amazon Order - Biology Book,-22.75,CA
3056,9/10/2013,Restaurant - Chinese,-1.08,CA
3056,9/11/2013,Public Transportation - Train Pass,-20.04,CA
3056,9/11/2013,Video Game - PlayStation,-26.78,CA
3056,9/11/2013,Goods2 - ThinkGeek,-7.06,CA
3056,9/11/2013,Video Game - PlayStation,-19.38,CA
3056,9/11/2013,Restaurant - Chinese,-17.36,CA
3056,9/11/2013,Amazon Order - Biology Book,-36.41,CA
3056,9/11/2013,Coffee,-9.82,CA
3056,9/11/2013,Science Museum,-3.85,CA
3056,9/11/2013,Whole Foods,-17.58,CA
3056,9/11/2013,Restaurant - Chinese,-34.6,CA
3056,9/12/2013,Library Membership,-13.43,CA
3056,9/12/2013,Amazon Order - Biology Book,-33.55,CA
3056,9/13/2013,Von's Groceries,-3.27,CA
3056,9/13/2013,Amazon Order - Biology Book,-32.57,CA
3056,9/14/2013,Goods2 - ThinkGeek,-28.38,CA
3056,9/15/2013,Restaurant - Burgers,-11.64,CA
3056,9/15/2013,Uber,-31.3,CA
3056,9/15/2013,Amazon Order - Biology Book,-22.87,CA
3056,9/15/2013,San Diego Museum,-27.62,CA
3056,9/15/2013,Ralph's Grocery Store,-5.2,CA
3056,9/15/2013,Ralph's Grocery Store,-20.91,CA
3056,9/15/2013,Taxi,-8.14,CA
3056,9/15/2013,Public Transportation - Train Pass,-53.28,CA
3056,9/15/2013,San Diego Museum,-1.22,CA
3056,9/16/2013,Ralph's Grocery Store,-0.26,CA
3056,9/16/2013,Amazon Order - Science Book,-34.01,CA
3056,9/17/2013,Taxi,-18.79,CA
3056,9/18/2013,Lyft,-24.89,CA
3056,9/18/2013,Ralph's Grocery Store,-31.67,CA
3056,9/18/2013,Goods2 - ThinkGeek,-11.62,CA
3056,9/18/2013,Amazon Order - Mathematics Book,-38.4,CA
3056,9/19/2013,Starbucks Coffee,-10.23,CA
3056,9/19/2013,Public Transportation - Train Pass,-23.37,CA
3056,9/20/2013,Online Education Courses,-21.5,CA
3056,9/20/2013,Uber,-22.45,CA
3056,9/20/2013,Sprouts Market,-38.67,CA
3056,9/21/2013,Public Transportation - Train Pass,-34.22,CA
3056,9/21/2013,Public Transportation - Train Pass,-12.43,CA
3056,9/21/2013,DVD - Star Trek,-20.17,CA
3056,9/21/2013,Video Game - PlayStation,-48.44,CA
3056,9/21/2013,Video Game - PlayStation,-10.19,CA
3056,9/21/2013,DVD - Star Trek,-34.81,CA
3056,9/22/2013,Sprouts Market,-12.93,CA
3056,9/23/2013,Sprouts Market,-32.19,CA
3056,9/23/2013,Online Education Courses,-3.02,CA
3056,9/23/2013,Restaurant - Chinese,-69.34,CA
3056,9/24/2013,Lyft,-33.92,CA
3056,9/24/2013,Amazon Order - Science Book,-5.25,CA
3056,9/24/2013,San Diego Museum,-37.25,CA
3056,9/24/2013,Taxi,-18.47,CA
3056,9/25/2013,Taxi,-32.29,CA
3056,9/25/2013,Goods2 - ThinkGeek,-23.99,CA
3056,9/26/2013,Von's Groceries,-5.59,CA
3056,9/27/2013,Ralph's Grocery Store,-15.28,CA
3056,9/28/2013,Restaurant - Burgers,-24.39,CA
3056,9/28/2013,Library Membership,-26.25,CA
3056,9/28/2013,Amazon Order - Star Wars Figurine,-71.81,CA
3056,9/29/2013,Coffee,-19.79,CA
3056,9/29/2013,Coffee,-25.68,CA
3056,9/29/2013,Sprouts Market,-38.17,CA
3056,9/29/2013,Public Transportation - Train Pass,-38.73,CA
3056,9/29/2013,Goods2 - ThinkGeek,-35.52,CA
3056,9/30/2013,Sprouts Market,-38.22,CA
3056,10/2/2013,Housing Rent,-927,CA
3056,10/2/2013,Water & Sewer,-53,CA
3056,10/2/2013,Food Delivery - GrubHub,-35.62,CA
3056,10/2/2013,Goods2 - ThinkGeek,-5.2,CA
3056,10/3/2013,Sprouts Market,-22.75,CA
3056,10/3/2013,Amazon Order - Star Wars Figurine,-1.11,CA
3056,10/3/2013,Coffee,-32.32,CA
3056,10/3/2013,Amazon Order - Science Book,-12.46,CA
3056,10/3/2013,Amazon Order - Biology Book,-1.15,CA
3056,10/3/2013,Taxi,-8.37,CA
3056,10/4/2013,Restaurant - Steakhouse,-3.61,CA
3056,10/4/2013,Taxi,-34.63,CA
3056,10/4/2013,Amazon Order - Mathematics Book,-39.1,CA
3056,10/4/2013,Amazon Order - Biology Book,-107.46,CA
3056,10/4/2013,Goods2 - ThinkGeek,-17.51,CA
3056,10/5/2013,San Diego Museum,-11.13,CA
3056,10/5/2013,Lyft,-3.89,CA
3056,10/5/2013,Sprouts Market,-18.28,CA
3056,10/5/2013,Restaurant - Steakhouse,-29.87,CA
3056,10/5/2013,Ralph's Grocery Store,-18.43,CA
3056,10/5/2013,Amazon Order - Biology Book,-13.88,CA
3056,10/6/2013,Public Transportation - Train Pass,-39.61,CA
3056,10/7/2013,Video Game - PlayStation,-8.03,CA
3056,10/7/2013,Ralph's Grocery Store,-37.03,CA
3056,10/8/2013,Restaurant - Pizza,-33.89,CA
3056,10/9/2013,Amazon Order - Star Wars Figurine,-2.54,CA
3056,10/10/2013,Uber,-20.11,CA
3056,10/10/2013,Goods2 - ThinkGeek,-6.02,CA
3056,10/11/2013,Restaurant - Burgers,-115.56,CA
3056,10/11/2013,Online Education Courses,-36.24,CA
3056,10/11/2013,Food Delivery - GrubHub,-16.6,CA
3056,10/11/2013,Amazon Order - Science Book,-2.67,CA
3056,10/11/2013,Video Game - PlayStation,-46.45,CA
3056,10/11/2013,Lyft,-60.31,CA
3056,10/11/2013,Amazon Order - Biology Book,-26.72,CA
3056,10/11/2013,Sprouts Market,-38.66,CA
3056,10/12/2013,Von's Groceries,-9.9,CA
3056,10/12/2013,Amazon Order - Science Book,-2.97,CA
3056,10/12/2013,Amazon Order - Mathematics Book,-31.73,CA
3056,10/12/2013,Library Membership,-19.74,CA
3056,10/13/2013,Video Game - PlayStation,-5.25,CA
3056,10/13/2013,Library Membership,-19.89,CA
3056,10/13/2013,Art Museum,-38.91,CA
3056,10/13/2013,Sprouts Market,-23.27,CA
3056,10/13/2013,Restaurant - Steakhouse,-112.19,CA
3056,10/13/2013,Online Education Courses,-7.47,CA
3056,10/13/2013,Amazon Order - Mathematics Book,-17.92,CA
3056,10/13/2013,Taxi,-4.75,CA
3056,10/13/2013,DVD - Star Trek,-3.51,CA
3056,10/13/2013,Lyft,-60.56,CA
3056,10/13/2013,Amazon Order - Mathematics Book,-30.57,CA
3056,10/14/2013,Online Education Courses,-27.9,CA
3056,10/14/2013,Lyft,-24.84,CA
3056,10/14/2013,Mary's Book Store,-5.83,CA
3056,10/14/2013,Restaurant - Chinese,-38.19,CA
3056,10/15/2013,Coffee,-27.31,CA
3056,10/15/2013,Mary's Book Store,-28.36,CA
3056,10/15/2013,San Diego Museum,-14.4,CA
3056,10/15/2013,Uber,-13.59,CA
3056,10/16/2013,Ralph's Grocery Store,-21.38,CA
3056,10/16/2013,Sprouts Market,-25.27,CA
3056,10/16/2013,Mary's Book Store,-16.3,CA
3056,10/17/2013,Amazon Order - Baby Crib,-3.35,CA
3056,10/17/2013,Hospital - Prenatal Care,-28.46,CA
3056,10/17/2013,Babies "R" Us,-34.34,CA
3056,10/17/2013,BuyBuyBaby.com,-36.07,CA
3056,10/17/2013,Restaurant - Chinese,-11.68,CA
3056,10/17/2013,Online Education Courses,-3.61,CA
3056,10/17/2013,Whole Foods,-87.81,CA
3056,10/18/2013,Goods2 - ThinkGeek,-84.18,CA
3056,10/19/2013,Lyft,-27.48,CA
3056,10/19/2013,Video Game - PlayStation,-33.51,CA
3056,10/20/2013,Uber,-11.35,CA
3056,10/20/2013,Starbucks Coffee,-8.63,CA
3056,10/20/2013,Amazon Order - Science Book,-45.93,CA
3056,10/20/2013,Mark's Movers,-32.93,CA
3056,10/20/2013,FedEx Shipping,-26.88,CA
3056,10/20/2013,Jerome's Furniture,-6.94,CA
3056,10/20/2013,Home Depot,-29.14,CA
3056,10/20/2013,Refrigerator Depot,-35.14,CA
3056,10/20/2013,Hamilton Move & Storage,-20.95,CA
3056,10/21/2013,Taxi,-3.63,CA
3056,10/21/2013,Restaurant - Burgers,-30.76,CA
3056,10/22/2013,Whole Foods,-77.02,CA
3056,10/22/2013,Whole Foods,-21.94,CA
3056,10/23/2013,Public Transportation - Train Pass,-8.94,CA
3056,10/23/2013,DVD - Star Trek,-54.32,CA
3056,10/23/2013,Restaurant - Steakhouse,-35.13,CA
3056,10/23/2013,Lyft,-11,CA
3056,10/23/2013,Video Game - PlayStation,-13.87,CA
3056,10/23/2013,Mary's Book Store,-8.69,CA
3056,10/23/2013,Lyft,-7.03,CA
3056,10/23/2013,San Diego Museum,-13.86,CA
3056,10/23/2013,Amazon Order - Biology Book,-24.34,CA
3056,10/24/2013,Goods2 - ThinkGeek,-27.87,CA
3056,10/24/2013,Public Transportation - Bus Pass,-18.89,CA
3056,10/24/2013,Video Game - PlayStation,-37.5,CA
3056,10/24/2013,Online Education Courses,-16.74,CA
3056,10/25/2013,Coffee,-26.92,CA
3056,10/26/2013,Lyft,-34.57,CA
3056,10/27/2013,Amazon Order - Biology Book,-23.73,CA
3056,10/27/2013,Video Game - PlayStation,-75.06,CA
3056,10/28/2013,San Diego Museum,-24.64,CA
3056,10/29/2013,Whole Foods,-28.18,CA
3056,10/29/2013,Online Education Courses,-25.02,CA
3056,10/30/2013,Mary's Book Store,-20.13,CA
3056,11/2/2013,Housing Rent,-993,CA
3056,11/2/2013,Water & Sewer,-53,CA
3056,11/2/2013,Goods2 - ThinkGeek,-110.41,CA
3056,11/2/2013,Library Membership,-1.36,CA
3056,11/3/2013,San Diego Museum,-1.7,CA
3056,11/3/2013,Goods2 - ThinkGeek,-36.45,CA
3056,11/4/2013,Art Museum,-38.22,CA
3056,11/4/2013,Lyft,-2.91,CA
3056,11/5/2013,Mary's Book Store,-35.09,CA
3056,11/5/2013,Coffee,-14.2,CA
3056,11/5/2013,Whole Foods,-14.01,CA
3056,11/5/2013,Amazon Order - Biology Book,-8.54,CA
3056,11/5/2013,Food Delivery - GrubHub,-12.97,CA
3056,11/5/2013,Public Transportation - Bus Pass,-27.92,CA
3056,11/5/2013,Goods2 - ThinkGeek,-38.17,CA
3056,11/5/2013,Art Museum,-24.88,CA
3056,11/5/2013,Coffee,-111.05,CA
3056,11/6/2013,Uber,-7.48,CA
3056,11/7/2013,San Diego Museum,-69.85,CA
3056,11/7/2013,Public Transportation - Train Pass,-15.25,CA
3056,11/7/2013,Lyft,-28.34,CA
3056,11/7/2013,Amazon Order - Science Book,-8.12,CA
3056,11/7/2013,Public Transportation - Bus Pass,-9.12,CA
3056,11/7/2013,Amazon Order - Mathematics Book,-22.45,CA
3056,11/7/2013,Amazon Order - Science Book,-15.42,CA
3056,11/7/2013,Public Transportation - Train Pass,-33.46,CA
3056,11/8/2013,Science Museum,-11.42,CA
3056,11/8/2013,DVD - Star Trek,-16.64,CA
3056,11/9/2013,Public Transportation - Train Pass,-27.92,CA
3056,11/9/2013,Amazon Order - Mathematics Book,-25.59,CA
3056,11/10/2013,Public Transportation - Bus Pass,-9.37,CA
3056,11/10/2013,Restaurant - Chinese,-38.14,CA
3056,11/10/2013,Library Membership,-34.8,CA
3056,11/10/2013,Online Education Courses,-26.31,CA
3056,11/11/2013,San Diego Museum,-23.67,CA
3056,11/12/2013,Art Museum,-30.2,CA
3056,11/12/2013,Mary's Book Store,-74.58,CA
3056,11/12/2013,Lyft,-24.65,CA
3056,11/12/2013,Amazon Order - Science Book,-20.13,CA
3056,11/13/2013,San Diego Museum,-24.8,CA
3056,11/14/2013,Restaurant - Pizza,-10.48,CA
3056,11/14/2013,Amazon Order - Biology Book,-36.39,CA
3056,11/14/2013,Science Museum,-9.73,CA
3056,11/15/2013,Whole Foods,-20.86,CA
3056,11/16/2013,Online Education Courses,-4.33,CA
3056,11/17/2013,Restaurant - Steakhouse,-14.91,CA
3056,11/17/2013,Lyft,-23.65,CA
3056,11/18/2013,Goods2 - ThinkGeek,-59.53,CA
3056,11/18/2013,Uber,-85.82,CA
3056,11/18/2013,Lyft,-14.64,CA
3056,11/18/2013,Amazon Order - Science Book,-4.61,CA
3056,11/18/2013,Amazon Order - Biology Book,-12.56,CA
3056,11/18/2013,Lyft,-36.19,CA
3056,11/19/2013,Sprouts Market,-8.62,CA
3056,11/20/2013,San Diego Museum,-37.59,CA
3056,11/20/2013,Ralph's Grocery Store,-38.48,CA
3056,11/21/2013,Restaurant - Chinese,-7.03,CA
3056,11/21/2013,Amazon Order - Biology Book,-60.91,CA
3056,11/22/2013,Amazon Order - Science Book,-29.56,CA
3056,11/22/2013,Restaurant - Steakhouse,-39.58,CA
3056,11/23/2013,Amazon Order - Star Wars Figurine,-23.66,CA
3056,11/23/2013,Goods2 - ThinkGeek,-11.87,CA
3056,11/24/2013,Coffee,-61.72,CA
3056,11/25/2013,Library Membership,-20.1,CA
3056,11/25/2013,Art Museum,-6.56,CA
3056,11/25/2013,Video Game - PlayStation,-23.94,CA
3056,11/26/2013,Goods2 - ThinkGeek,-32.65,CA
3056,11/26/2013,Goods2 - ThinkGeek,-76.27,CA
3056,11/26/2013,Amazon Order - Biology Book,-27.65,CA
3056,11/27/2013,Amazon Order - Biology Book,-3.01,CA
3056,11/27/2013,Video Game - PlayStation,-11.55,CA
3056,11/27/2013,Science Museum,-32.79,CA
3056,11/27/2013,Public Transportation - Bus Pass,-32.88,CA
3056,11/28/2013,Amazon Order - Biology Book,-60.57,CA
3056,11/28/2013,Whole Foods,-14.92,CA
3056,11/28/2013,Amazon Order - Science Book,-38.22,CA
3056,11/28/2013,Goods2 - ThinkGeek,-60.58,CA
3056,11/28/2013,Video Game - PlayStation,-21.04,CA
3056,11/28/2013,San Diego Museum,-72.61,CA
3056,11/28/2013,Video Game - PlayStation,-2.81,CA
3056,11/28/2013,Whole Foods,-0.54,CA
3056,11/29/2013,Ralph's Grocery Store,-34.25,CA
3056,11/29/2013,Amazon Order - Science Book,-24.46,CA
3056,11/29/2013,Online Education Courses,-10.28,CA
3056,11/29/2013,Von's Groceries,-33.81,CA
3056,11/29/2013,Goods2 - ThinkGeek,-25.51,CA
3056,11/29/2013,Starbucks Coffee,-3.95,CA
3056,11/29/2013,Coffee,-25.76,CA
3056,11/29/2013,Amazon Order - Science Book,-8.22,CA
3056,11/29/2013,Art Museum,-25.63,CA
3056,11/30/2013,Public Transportation - Train Pass,-1.97,CA
3056,12/2/2013,Housing Rent,-1335,CA
3056,12/2/2013,Water & Sewer,-53,CA
3056,12/2/2013,Public Transportation - Bus Pass,-28.73,CA
3056,12/2/2013,Goods2 - ThinkGeek,-12.77,CA
3056,12/2/2013,Art Museum,-7.03,CA
3056,12/2/2013,Mary's Book Store,-31.04,CA
3056,12/2/2013,Goods2 - ThinkGeek,-3.02,CA
3056,12/3/2013,Science Museum,-32.17,CA
3056,12/3/2013,Restaurant - Burgers,-14.1,CA
3056,12/4/2013,Online Education Courses,-30.31,CA
3056,12/4/2013,Lyft,-38.99,CA
3056,12/5/2013,Taxi,-25.06,CA
3056,12/6/2013,Public Transportation - Train Pass,-28.37,CA
3056,12/6/2013,Taxi,-21.09,CA
3056,12/7/2013,Starbucks Coffee,-31.89,CA
3056,12/7/2013,San Diego Museum,-29.94,CA
3056,12/7/2013,Lyft,-34.34,CA
3056,12/8/2013,Online Education Courses,-30.67,CA
3056,12/8/2013,Amazon Order - Science Book,-49.51,CA
3056,12/9/2013,Amazon Order - Star Wars Figurine,-38.83,CA
3056,12/9/2013,Amazon Order - Science Book,-15.82,CA
3056,12/9/2013,Public Transportation - Train Pass,-23.8,CA
3056,12/9/2013,Video Game - PlayStation,-0.94,CA
3056,12/9/2013,Library Membership,-13.07,CA
3056,12/10/2013,Starbucks Coffee,-77.14,CA
3056,12/10/2013,Goods2 - ThinkGeek,-23.44,CA
3056,12/10/2013,Public Transportation - Bus Pass,-24.26,CA
3056,12/10/2013,Uber,-6.91,CA
3056,12/10/2013,Amazon Order - Mathematics Book,-15.65,CA
3056,12/11/2013,Amazon Order - Science Book,-35.65,CA
3056,12/11/2013,Lyft,-13.23,CA
3056,12/12/2013,Mary's Book Store,-21.76,CA
3056,12/12/2013,Coffee,-2.07,CA
3056,12/12/2013,Whole Foods,-12.25,CA
3056,12/12/2013,Video Game - PlayStation,-1.03,CA
3056,12/13/2013,Mary's Book Store,-29.75,CA
3056,12/13/2013,Ralph's Grocery Store,-103.01,CA
3056,12/14/2013,Public Transportation - Bus Pass,-103.32,CA
3056,12/14/2013,Online Education Courses,-56.71,CA
3056,12/14/2013,Uber,-37.14,CA
3056,12/15/2013,Goods2 - ThinkGeek,-7.7,CA
3056,12/16/2013,Amazon Order - Mathematics Book,-75.59,CA
3056,12/16/2013,Library Membership,-101.53,CA
3056,12/16/2013,Taxi,-0.18,CA
3056,12/16/2013,San Diego Museum,-5.53,CA
3056,12/17/2013,Whole Foods,-27.98,CA
3056,12/17/2013,Goods2 - ThinkGeek,-14.29,CA
3056,12/17/2013,Art Museum,-4.11,CA
3056,12/17/2013,DVD - Star Trek,-10.73,CA
3056,12/18/2013,Starbucks Coffee,-8.21,CA
3056,12/18/2013,Online Education Courses,-84.69,CA
3056,12/18/2013,Amazon Order - Biology Book,-116.87,CA
3056,12/18/2013,Amazon Order - Mathematics Book,-6.58,CA
3056,12/19/2013,Amazon Order - Mathematics Book,-1.49,CA
3056,12/19/2013,Amazon Order - Star Wars Figurine,-0.8,CA
3056,12/19/2013,San Diego Museum,-27.59,CA
3056,12/20/2013,DVD - Star Trek,-8.29,CA
3056,12/20/2013,Video Game - PlayStation,-7.91,CA
3056,12/21/2013,Amazon Order - Mathematics Book,-27.76,CA
3056,12/21/2013,Art Museum,-55.47,CA
3056,12/21/2013,Amazon Order - Science Book,-38.16,CA
3056,12/21/2013,Taxi,-39.98,CA
3056,12/21/2013,Mary's Book Store,-19.25,CA
3056,12/22/2013,Amazon Order - Biology Book,-10.86,CA
3056,12/22/2013,Goods2 - ThinkGeek,-23.23,CA
3056,12/22/2013,Whole Foods,-112.79,CA
3056,12/22/2013,Uber,-10.03,CA
3056,12/22/2013,Public Transportation - Bus Pass,-9.1,CA
3056,12/23/2013,Public Transportation - Train Pass,-13.05,CA
3056,12/23/2013,Mary's Book Store,-18.93,CA
3056,12/23/2013,Amazon Order - Mathematics Book,-108.93,CA
3056,12/23/2013,Amazon Order - Biology Book,-21.23,CA
3056,12/23/2013,Library Membership,-38.01,CA
3056,12/23/2013,DVD - Star Trek,-22.32,CA
3056,12/23/2013,DVD - Star Trek,-23.58,CA
3056,12/23/2013,Amazon Order - Star Wars Figurine,-29.44,CA
3056,12/24/2013,Public Transportation - Bus Pass,-26.17,CA
3056,12/25/2013,Whole Foods,-13.6,CA
3056,12/26/2013,Taxi,-18.16,CA
3056,12/26/2013,Restaurant - Burgers,-7.73,CA
3056,12/26/2013,Ralph's Grocery Store,-10.95,CA
3056,12/26/2013,Amazon Order - Science Book,-29.31,CA
3056,12/27/2013,Public Transportation - Bus Pass,-2.54,CA
3056,12/28/2013,San Diego Museum,-37.44,CA
3056,12/29/2013,Public Transportation - Train Pass,-8.05,CA
3056,12/30/2013,San Diego Museum,-32.98,CA
3056,12/30/2013,Uber,-33.82,CA
3056,12/32/2013,Library Membership,-34.46,CA
3056,12/32/2013,Art Museum,-111.86,CA
3056,12/32/2013,Online Education Courses,-12.12,CA
3056,12/32/2013,Amazon Order - Star Wars Figurine,-28.63,CA
3056,1/2/2014,Restaurant - Chinese,-21.05,CA
3056,1/3/2014,Uber,-36.71,CA
3056,1/3/2014,Sprouts Market,-18.52,CA
3056,1/3/2014,Video Game - PlayStation,-32.62,CA
3056,1/3/2014,Whole Foods,-7.39,CA
3056,1/3/2014,Art Museum,-12.64,CA
3056,1/4/2014,San Diego Museum,-30.89,CA
3056,1/4/2014,DVD - Star Trek,-18.23,CA
3056,1/4/2014,Art Museum,-34.84,CA
3056,1/5/2014,DVD - Star Trek,-19.01,CA
3056,1/5/2014,Art Museum,-30.16,CA
3056,1/5/2014,Amazon Order - Mathematics Book,-13.07,CA
3056,1/6/2014,Coffee,-55.41,CA
3056,1/6/2014,Uber,-41.58,CA
3056,1/6/2014,Video Game - PlayStation,-31.43,CA
3056,1/6/2014,Amazon Order - Star Wars Figurine,-8.42,CA
3056,1/7/2014,Amazon Order - Science Book,-35.29,CA
3056,1/7/2014,Mary's Book Store,-115.03,CA
3056,1/8/2014,San Diego Museum,-22.54,CA
3056,1/8/2014,Amazon Order - Star Wars Figurine,-33.76,CA
3056,1/8/2014,Public Transportation - Bus Pass,-27.52,CA
3056,1/8/2014,Mary's Book Store,-15.57,CA
3056,1/9/2014,Art Museum,-3.72,CA
3056,1/10/2014,Coffee,-35.57,CA
3056,1/10/2014,Public Transportation - Bus Pass,-17.41,CA
3056,1/11/2014,Restaurant - Burgers,-64.62,CA
3056,1/12/2014,Art Museum,-34.61,CA
3056,1/13/2014,Coffee,-15.45,CA
3056,1/14/2014,Public Transportation - Bus Pass,-4.08,CA
3056,1/14/2014,Taxi,-1.36,CA
3056,1/15/2014,Coffee,-24.05,CA
3056,1/15/2014,Goods2 - ThinkGeek,-97.89,CA
3056,1/15/2014,Uber,-28.9,CA
3056,1/15/2014,Lyft,-27.41,CA
3056,1/15/2014,Video Game - PlayStation,-3.03,CA
3056,1/15/2014,Amazon Order - Biology Book,-21.5,CA
3056,1/16/2014,Amazon Order - Mathematics Book,-22.63,CA
3056,1/16/2014,Coffee,-20.17,CA
3056,1/16/2014,Online Education Courses,-62.9,CA
3056,1/16/2014,Library Membership,-22,CA
3056,1/17/2014,Taxi,-30.71,CA
3056,1/17/2014,Library Membership,-19.05,CA
3056,1/18/2014,Restaurant - Pizza,-7.19,CA
3056,1/18/2014,Video Game - PlayStation,-4.56,CA
3056,1/18/2014,Food Delivery - GrubHub,-10.44,CA
3056,1/18/2014,Video Game - PlayStation,-34.01,CA
3056,1/18/2014,Food Delivery - GrubHub,-32.33,CA
3056,1/18/2014,Food Delivery - GrubHub,-0.01,CA
3056,1/19/2014,DVD - Star Trek,-28.8,CA
3056,1/19/2014,Goods2 - ThinkGeek,-26.02,CA
3056,1/19/2014,Amazon Order - Biology Book,-16.9,CA
3056,1/20/2014,Ralph's Grocery Store,-16.29,CA
3056,1/20/2014,Ralph's Grocery Store,-3.58,CA
3056,1/21/2014,Amazon Order - Star Wars Figurine,-11.6,CA
3056,1/21/2014,DVD - Star Trek,-9.13,CA
3056,1/21/2014,Mary's Book Store,-23.8,CA
3056,1/22/2014,Science Museum,-23.21,CA
3056,1/22/2014,DVD - Star Trek,-72.21,CA
3056,1/23/2014,Uber,-1.25,CA
3056,1/24/2014,Uber,-38.13,CA
3056,1/25/2014,Taxi,-26.49,CA
3056,1/26/2014,Online Education Courses,-28.18,CA
3056,1/26/2014,Restaurant - Burgers,-76.74,CA
3056,1/26/2014,Video Game - PlayStation,-20.77,CA
3056,1/26/2014,Lyft,-3.85,CA
3056,1/27/2014,Goods2 - ThinkGeek,-3.75,CA
3056,1/27/2014,Goods2 - ThinkGeek,-103.88,CA
3056,1/28/2014,Video Game - PlayStation,-33.84,CA
3056,1/28/2014,Online Education Courses,-12.02,CA
3056,1/28/2014,Mary's Book Store,-5.54,CA
3056,1/29/2014,Taxi,-32.87,CA
3056,1/30/2014,Art Museum,-23.35,CA
3056,1/30/2014,Video Game - PlayStation,-1.6,CA
3056,3/2/2014,Paycheck,2007,CA
3056,3/2/2014,Housing Rent,-1096,CA
3056,3/2/2014,Water & Sewer,-53,CA
3056,3/2/2014,Ralph's Grocery Store,-15.14,CA
3056,3/3/2014,Mary's Book Store,-23.88,CA
3056,3/4/2014,Online Education Courses,-6.56,CA
3056,3/4/2014,Restaurant - Chinese,-2.93,CA
3056,3/4/2014,Whole Foods,-51.61,CA
3056,3/4/2014,Video Game - PlayStation,-6,CA
3056,3/4/2014,Restaurant - Burgers,-12.59,CA
3056,3/4/2014,Restaurant - Chinese,-96.68,CA
3056,3/4/2014,Library Membership,-37.21,CA
3056,3/4/2014,Science Museum,-0.59,CA
3056,3/4/2014,Ralph's Grocery Store,-70.95,CA
3056,3/5/2014,Public Transportation - Bus Pass,-88.08,CA
3056,3/5/2014,Video Game - PlayStation,-68.98,CA
3056,3/5/2014,Amazon Order - Science Book,-28.01,CA
3056,3/6/2014,Art Museum,-36.68,CA
3056,3/7/2014,Mary's Book Store,-24.04,CA
3056,3/8/2014,Public Transportation - Bus Pass,-30.27,CA
3056,3/8/2014,Restaurant - Chinese,-12.34,CA
3056,3/9/2014,Starbucks Coffee,-7.82,CA
3056,3/9/2014,Von's Groceries,-29,CA
3056,3/9/2014,Von's Groceries,-20.23,CA
3056,3/10/2014,Science Museum,-115.14,CA
3056,3/11/2014,Public Transportation - Train Pass,-7.87,CA
3056,3/11/2014,Public Transportation - Bus Pass,-9.04,CA
3056,3/11/2014,Lyft,-3.77,CA
3056,3/12/2014,San Diego Museum,-6.91,CA
3056,3/12/2014,Goods2 - ThinkGeek,-60.5,CA
3056,3/13/2014,Amazon Order - Biology Book,-23.81,CA
3056,3/13/2014,Art Museum,-23.03,CA
3056,3/13/2014,Whole Foods,-11.85,CA
3056,3/13/2014,Video Game - PlayStation,-30.88,CA
3056,3/14/2014,Coffee,-106.75,CA
3056,3/14/2014,Amazon Order - Mathematics Book,-34.81,CA
3056,3/14/2014,Uber,-26,CA
3056,3/14/2014,Video Game - PlayStation,-26.51,CA
3056,3/14/2014,Amazon Order - Mathematics Book,-8.92,CA
3056,3/15/2014,Amazon Order - Science Book,-3.77,CA
3056,3/15/2014,Coffee,-21.24,CA
3056,3/16/2014,DVD - Star Trek,-13.62,CA
3056,3/16/2014,Coffee,-30.49,CA
3056,3/17/2014,Restaurant - Burgers,-17.59,CA
3056,3/17/2014,Uber,-5.58,CA
3056,3/18/2014,Restaurant - Chinese,-23.07,CA
3056,3/19/2014,Art Museum,-38.18,CA
3056,3/19/2014,Whole Foods,-114.91,CA
3056,3/19/2014,Library Membership,-0.19,CA
3056,3/20/2014,Coffee,-24.23,CA
3056,3/20/2014,San Diego Museum,-9.1,CA
3056,3/21/2014,Amazon Order - Science Book,-19.08,CA
3056,3/21/2014,Art Museum,-95.55,CA
3056,3/21/2014,Taxi,-28,CA
3056,3/21/2014,Video Game - PlayStation,-23.71,CA
3056,3/21/2014,Uber,-11.68,CA
3056,3/21/2014,Online Education Courses,-39.74,CA
3056,3/21/2014,Amazon Order - Star Wars Figurine,-6.5,CA
3056,3/22/2014,Amazon Order - Science Book,-37.57,CA
3056,3/22/2014,Amazon Order - Science Book,-25.72,CA
3056,3/22/2014,DVD - Star Trek,-25.03,CA
3056,3/23/2014,San Diego Museum,-16.24,CA
3056,3/24/2014,Public Transportation - Bus Pass,-4.57,CA
3056,3/25/2014,Library Membership,-14.24,CA
3056,3/26/2014,Food Delivery - GrubHub,-20.49,CA
3056,3/26/2014,Science Museum,-9.59,CA
3056,3/26/2014,Starbucks Coffee,-32.14,CA
3056,3/27/2014,Amazon Order - Star Wars Figurine,-17.01,CA
3056,3/27/2014,Video Game - PlayStation,-4.59,CA
3056,3/27/2014,Taxi,-22.24,CA
3056,3/27/2014,Von's Groceries,-27.82,CA
3056,3/27/2014,Coffee,-1.14,CA
3056,3/27/2014,Amazon Order - Star Wars Figurine,-21.07,CA
3056,3/27/2014,Coffee,-15.53,CA
3056,3/28/2014,Amazon Order - Biology Book,-18.49,CA
3056,3/28/2014,Amazon Order - Mathematics Book,-20.1,CA
3056,3/28/2014,Mary's Book Store,-16.84,CA
3056,3/28/2014,Online Education Courses,-25.12,CA
3056,3/28/2014,Ralph's Grocery Store,-25.87,CA
3056,3/28/2014,Restaurant - Pizza,-1.82,CA
3056,3/28/2014,Restaurant - Steakhouse,-22.08,CA
3056,3/28/2014,Amazon Order - Biology Book,-42.09,CA
3056,3/28/2014,Amazon Order - Science Book,-30.01,CA
3056,3/28/2014,Amazon Order - Biology Book,-91.33,CA
3056,3/28/2014,Uber,-53.14,CA
3056,3/28/2014,Goods2 - ThinkGeek,-63.62,CA
3056,3/28/2014,Amazon Order - Star Wars Figurine,-14.25,CA
3056,3/28/2014,DVD - Star Trek,-59.65,CA
3056,3/29/2014,Coffee,-15.08,CA
3056,3/29/2014,Library Membership,-117.65,CA
3056,3/29/2014,Taxi,-7.37,CA
3056,3/29/2014,Amazon Order - Star Wars Figurine,-15.61,CA
3056,3/30/2014,Lyft,-25.64,CA
3056,3/30/2014,Amazon Order - Star Wars Figurine,-29.93,CA
3056,4/2/2014,Paycheck,2007,CA
3056,4/2/2014,Housing Rent,-821,CA
3056,4/2/2014,Water & Sewer,-53,CA
3056,4/2/2014,Online Education Courses,-63.65,CA
3056,4/3/2014,San Diego Museum,-31.06,CA
3056,4/4/2014,Mary's Book Store,-35.3,CA
3056,4/4/2014,Video Game - PlayStation,-30.78,CA
3056,4/4/2014,San Diego Museum,-30.3,CA
3056,4/4/2014,Mary's Book Store,-27.9,CA
3056,4/4/2014,Restaurant - Steakhouse,-33.5,CA
3056,4/4/2014,Video Game - PlayStation,-9.28,CA
3056,4/4/2014,DVD - Star Trek,-13.83,CA
3056,4/4/2014,Lyft,-21.81,CA
3056,4/4/2014,Science Museum,-35.64,CA
3056,4/4/2014,Lyft,-18.6,CA
3056,4/4/2014,Public Transportation - Bus Pass,-46.5,CA
3056,4/4/2014,Amazon Order - Star Wars Figurine,-28.73,CA
3056,4/4/2014,Public Transportation - Train Pass,-39.09,CA
3056,4/4/2014,Amazon Order - Mathematics Book,-20.45,CA
3056,4/5/2014,Public Transportation - Train Pass,-0.67,CA
3056,4/5/2014,Lyft,-19.77,CA
3056,4/5/2014,Science Museum,-22.63,CA
3056,4/6/2014,Coffee,-30.2,CA
3056,4/6/2014,Lyft,-35.99,CA
3056,4/7/2014,Ralph's Grocery Store,-15.27,CA
3056,4/7/2014,San Diego Museum,-7.52,CA
3056,4/8/2014,Video Game - PlayStation,-29.99,CA
3056,4/9/2014,Taxi,-34.96,CA
3056,4/9/2014,San Diego Museum,-51.61,CA
3056,4/9/2014,Restaurant - Steakhouse,-11.57,CA
3056,4/10/2014,Mary's Book Store,-39.03,CA
3056,4/10/2014,Coffee,-37.98,CA
3056,4/10/2014,Amazon Order - Biology Book,-10.17,CA
3056,4/11/2014,Amazon Order - Star Wars Figurine,-27.76,CA
3056,4/11/2014,Online Education Courses,-34.78,CA
3056,4/12/2014,Science Museum,-23.37,CA
3056,4/12/2014,Restaurant - Burgers,-5.66,CA
3056,4/13/2014,Goods2 - ThinkGeek,-21.93,CA
3056,4/13/2014,Coffee,-35.39,CA
3056,4/13/2014,Uber,-23.4,CA
3056,4/13/2014,Mary's Book Store,-6.06,CA
3056,4/13/2014,Art Museum,-9.29,CA
3056,4/13/2014,DVD - Star Trek,-30.99,CA
3056,4/14/2014,San Diego Museum,-20.01,CA
3056,4/14/2014,Goods2 - ThinkGeek,-34.98,CA
3056,4/15/2014,Sprouts Market,-12.91,CA
3056,4/15/2014,Whole Foods,-27.75,CA
3056,4/16/2014,Online Education Courses,-12.54,CA
3056,4/16/2014,Amazon Order - Mathematics Book,-13.04,CA
3056,4/16/2014,DVD - Star Trek,-11.97,CA
3056,4/17/2014,Restaurant - Steakhouse,-26.55,CA
3056,4/17/2014,Goods2 - ThinkGeek,-0.87,CA
3056,4/17/2014,Video Game - PlayStation,-4.53,CA
3056,4/18/2014,Amazon Order - Science Book,-3.86,CA
3056,4/18/2014,Online Education Courses,-0.1,CA
3056,4/18/2014,Sprouts Market,-20.02,CA
3056,4/18/2014,Whole Foods,-46.34,CA
3056,4/18/2014,Public Transportation - Train Pass,-63.24,CA
3056,4/18/2014,Amazon Order - Biology Book,-34.09,CA
3056,4/19/2014,San Diego Museum,-21.9,CA
3056,4/20/2014,Science Museum,-66.55,CA
3056,4/21/2014,Starbucks Coffee,-15.18,CA
3056,4/21/2014,Food Delivery - GrubHub,-19.6,CA
3056,4/22/2014,Mary's Book Store,-13.81,CA
3056,4/22/2014,Amazon Order - Star Wars Figurine,-30.4,CA
3056,4/22/2014,Amazon Order - Mathematics Book,-17.92,CA
3056,4/23/2014,Whole Foods,-7.23,CA
3056,4/24/2014,Online Education Courses,-71.84,CA
3056,4/24/2014,Uber,-28.25,CA
3056,4/24/2014,Lyft,-32.69,CA
3056,4/24/2014,Mary's Book Store,-34.78,CA
3056,4/24/2014,Goods2 - ThinkGeek,-26.83,CA
3056,4/24/2014,Taxi,-50.36,CA
3056,4/25/2014,San Diego Museum,-9.02,CA
3056,4/25/2014,Public Transportation - Train Pass,-36.58,CA
3056,4/25/2014,DVD - Star Trek,-26.02,CA
3056,4/25/2014,Amazon Order - Science Book,-1.49,CA
3056,4/25/2014,Amazon Order - Science Book,-28.8,CA
3056,4/26/2014,Science Museum,-19.77,CA
3056,4/26/2014,Food Delivery - GrubHub,-18.62,CA
3056,4/26/2014,Mary's Book Store,-31.79,CA
3056,4/27/2014,Amazon Order - Science Book,-57.51,CA
3056,4/27/2014,Amazon Order - Mathematics Book,-41.09,CA
3056,4/27/2014,Restaurant - Chinese,-36.23,CA
3056,4/28/2014,Amazon Order - Mathematics Book,-3.56,CA
3056,4/28/2014,Science Museum,-6.85,CA
3056,4/29/2014,Restaurant - Pizza,-1.97,CA
3056,4/29/2014,Amazon Order - Mathematics Book,-17.17,CA
3056,4/29/2014,Amazon Order - Mathematics Book,-102.93,CA
3056,4/30/2014,Art Museum,-21.05,CA
3056,4/30/2014,Amazon Order - Star Wars Figurine,-31.62,CA
3056,4/30/2014,Video Game - PlayStation,-43.26,CA
3056,4/30/2014,Mary's Book Store,-72.04,CA
3056,5/2/2014,Paycheck,2007,CA
3056,5/2/2014,Housing Rent,-982,CA
3056,5/2/2014,Water & Sewer,-53,CA
3056,5/2/2014,Art Museum,-29.15,CA
3056,5/2/2014,Restaurant - Steakhouse,-20.94,CA
3056,5/2/2014,Art Museum,-118.19,CA
3056,5/2/2014,Uber,-14.35,CA
3056,5/2/2014,Mary's Book Store,-4.53,CA
3056,5/3/2014,Restaurant - Pizza,-42.87,CA
3056,5/3/2014,Video Game - PlayStation,-6.32,CA
3056,5/4/2014,Art Museum,-88.86,CA
3056,5/4/2014,Amazon Order - Science Book,-2.14,CA
3056,5/4/2014,Coffee,-24.53,CA
3056,5/4/2014,Von's Groceries,-4.18,CA
3056,5/4/2014,Restaurant - Steakhouse,-22.92,CA
3056,5/5/2014,Public Transportation - Bus Pass,-35.75,CA
3056,5/5/2014,Art Museum,-39.64,CA
3056,5/6/2014,Video Game - PlayStation,-22.16,CA
3056,5/7/2014,Amazon Order - Biology Book,-28.84,CA
3056,5/7/2014,Amazon Order - Mathematics Book,-34.93,CA
3056,5/7/2014,Amazon Order - Mathematics Book,-4.55,CA
3056,5/7/2014,Uber,-10.1,CA
3056,5/7/2014,San Diego Museum,-83.26,CA
3056,5/7/2014,Video Game - PlayStation,-0.18,CA
3056,5/7/2014,Ralph's Grocery Store,-13.65,CA
3056,5/7/2014,Public Transportation - Bus Pass,-39.07,CA
3056,5/8/2014,Restaurant - Burgers,-19.42,CA
3056,5/8/2014,Taxi,-30.66,CA
3056,5/9/2014,Amazon Order - Star Wars Figurine,-38.51,CA
3056,5/9/2014,Lyft,-15.98,CA
3056,5/9/2014,Amazon Order - Mathematics Book,-67.38,CA
3056,5/9/2014,Amazon Order - Science Book,-44.12,CA
3056,5/9/2014,Goods2 - ThinkGeek,-1.92,CA
3056,5/9/2014,Restaurant - Burgers,-94.21,CA
3056,5/9/2014,Online Education Courses,-24.54,CA
3056,5/9/2014,Lyft,-1.68,CA
3056,5/9/2014,Art Museum,-24.81,CA
3056,5/10/2014,Whole Foods,-18.09,CA
3056,5/11/2014,Amazon Order - Mathematics Book,-5.6,CA
3056,5/11/2014,Library Membership,-26.62,CA
3056,5/12/2014,Science Museum,-7.99,CA
3056,5/13/2014,Food Delivery - GrubHub,-64.64,CA
3056,5/13/2014,Restaurant - Pizza,-13.59,CA
3056,5/13/2014,Taxi,-35.11,CA
3056,5/13/2014,Whole Foods,-3.77,CA
3056,5/13/2014,Public Transportation - Train Pass,-1.48,CA
3056,5/13/2014,Von's Groceries,-15.53,CA
3056,5/13/2014,Coffee,-28.07,CA
3056,5/13/2014,Science Museum,-55.12,CA
3056,5/14/2014,Uber,-15.45,CA
3056,5/14/2014,Online Education Courses,-27.86,CA
3056,5/14/2014,Whole Foods,-55.32,CA
3056,5/14/2014,Amazon Order - Mathematics Book,-30.94,CA
3056,5/15/2014,Von's Groceries,-30.87,CA
3056,5/15/2014,San Diego Museum,-35.32,CA
3056,5/15/2014,Coffee,-34.53,CA
3056,5/15/2014,Public Transportation - Train Pass,-27.06,CA
3056,5/16/2014,Public Transportation - Train Pass,-24.64,CA
3056,5/16/2014,Public Transportation - Train Pass,-25.23,CA
3056,5/17/2014,Mary's Book Store,-34.41,CA
3056,5/17/2014,Mary's Book Store,-1.43,CA
3056,5/18/2014,Video Game - PlayStation,-23.32,CA
3056,5/19/2014,Amazon Order - Science Book,-38.98,CA
3056,5/19/2014,DVD - Star Trek,-37.39,CA
3056,5/20/2014,Online Education Courses,-31.16,CA
3056,5/21/2014,Video Game - PlayStation,-12.73,CA
3056,5/22/2014,Sprouts Market,-74.73,CA
3056,5/22/2014,Online Education Courses,-5.62,CA
3056,5/23/2014,Art Museum,-34.1,CA
3056,5/23/2014,Coffee,-93.59,CA
3056,5/24/2014,Restaurant - Steakhouse,-21.12,CA
3056,5/24/2014,Coffee,-11.9,CA
3056,5/25/2014,Uber,-26.91,CA
3056,5/26/2014,Amazon Order - Biology Book,-11.35,CA
3056,5/27/2014,Sprouts Market,-10.11,CA
3056,5/27/2014,Art Museum,-26.85,CA
3056,5/27/2014,Science Museum,-3.83,CA
3056,5/27/2014,Mary's Book Store,-37.2,CA
3056,5/27/2014,Video Game - PlayStation,-1.53,CA
3056,5/27/2014,Amazon Order - Science Book,-13.3,CA
3056,5/27/2014,Goods2 - ThinkGeek,-8.95,CA
3056,5/27/2014,San Diego Museum,-85.73,CA
3056,5/28/2014,Library Membership,-119.91,CA
3056,5/28/2014,Food Delivery - GrubHub,-11.79,CA
3056,5/28/2014,Uber,-61.02,CA
3056,5/28/2014,Public Transportation - Train Pass,-26.07,CA
3056,5/28/2014,San Diego Museum,-26.21,CA
3056,5/29/2014,Science Museum,-35.64,CA
3056,5/29/2014,Amazon Order - Biology Book,-11.59,CA
3056,5/29/2014,Public Transportation - Bus Pass,-6.41,CA
3056,5/30/2014,Public Transportation - Bus Pass,-15.08,CA
3056,5/30/2014,Coffee,-94.49,CA
3056,5/30/2014,Public Transportation - Bus Pass,-16.57,CA
3056,5/30/2014,Mary's Book Store,-54,CA
3056,6/2/2014,Paycheck,2007,CA
3056,6/2/2014,Housing Rent,-1380,CA
3056,6/2/2014,Water & Sewer,-53,CA
3056,6/2/2014,Von's Groceries,-35.26,CA
3056,6/2/2014,Video Game - PlayStation,-29.14,CA
3056,6/2/2014,Ralph's Grocery Store,-2.29,CA
3056,6/3/2014,Taxi,-7.76,CA
3056,6/3/2014,Public Transportation - Train Pass,-13.68,CA
3056,6/3/2014,DVD - Star Trek,-23.65,CA
3056,6/3/2014,Amazon Order - Mathematics Book,-11.42,CA
3056,6/3/2014,Amazon Order - Science Book,-54.25,CA
3056,6/3/2014,Von's Groceries,-58.27,CA
3056,6/3/2014,Mary's Book Store,-32.78,CA
3056,6/4/2014,Library Membership,-30.55,CA
3056,6/5/2014,Mary's Book Store,-33.63,CA
3056,6/5/2014,Art Museum,-15.17,CA
3056,6/5/2014,Uber,-31.2,CA
3056,6/5/2014,Science Museum,-18.57,CA
3056,6/5/2014,Restaurant - Burgers,-15.7,CA
3056,6/6/2014,Video Game - PlayStation,-27.81,CA
3056,6/6/2014,Von's Groceries,-6.95,CA
3056,6/6/2014,Science Museum,-6.29,CA
3056,6/6/2014,Amazon Order - Biology Book,-34.9,CA
3056,6/6/2014,Restaurant - Burgers,-21.21,CA
3056,6/6/2014,Public Transportation - Bus Pass,-11.72,CA
3056,6/6/2014,San Diego Museum,-89.92,CA
3056,6/6/2014,Online Education Courses,-20.45,CA
3056,6/7/2014,Uber,-66.02,CA
3056,6/8/2014,Taxi,-13,CA
3056,6/8/2014,Goods2 - ThinkGeek,-17.4,CA
3056,6/8/2014,Restaurant - Burgers,-27.45,CA
3056,6/8/2014,Goods2 - ThinkGeek,-9.87,CA
3056,6/8/2014,Coffee,-7.15,CA
3056,6/8/2014,Amazon Order - Science Book,-29.26,CA
3056,6/8/2014,Food Delivery - GrubHub,-25.75,CA
3056,6/8/2014,Amazon Order - Biology Book,-21.53,CA
3056,6/8/2014,Library Membership,-5.54,CA
3056,6/8/2014,Science Museum,-17.48,CA
3056,6/8/2014,San Diego Museum,-5.48,CA
3056,6/8/2014,Starbucks Coffee,-6.2,CA
3056,6/8/2014,Amazon Order - Mathematics Book,-36.5,CA
3056,6/9/2014,San Diego Museum,-58.45,CA
3056,6/9/2014,Science Museum,-36.91,CA
3056,6/10/2014,Science Museum,-37.73,CA
3056,6/10/2014,Restaurant - Steakhouse,-10.6,CA
3056,6/10/2014,Amazon Order - Star Wars Figurine,-26.33,CA
3056,6/10/2014,San Diego Museum,-14.85,CA
3056,6/10/2014,Restaurant - Burgers,-25.39,CA
3056,6/11/2014,Von's Groceries,-38.75,CA
3056,6/11/2014,DVD - Star Trek,-32.59,CA
3056,6/12/2014,Online Education Courses,-37.57,CA
3056,6/12/2014,Restaurant - Burgers,-23.11,CA
3056,6/13/2014,Restaurant - Steakhouse,-36.12,CA
3056,6/13/2014,Library Membership,-35.3,CA
3056,6/13/2014,Online Education Courses,-1.93,CA
3056,6/13/2014,Amazon Order - Mathematics Book,-31.69,CA
3056,6/14/2014,Whole Foods,-109.41,CA
3056,6/14/2014,Amazon Order - Mathematics Book,-18.27,CA
3056,6/14/2014,Goods2 - ThinkGeek,-7.65,CA
3056,6/15/2014,Lyft,-54.02,CA
3056,6/15/2014,Goods2 - ThinkGeek,-21.96,CA
3056,6/16/2014,Restaurant - Steakhouse,-11.16,CA
3056,6/16/2014,Online Education Courses,-7.3,CA
3056,6/16/2014,Library Membership,-31.56,CA
3056,6/16/2014,Public Transportation - Bus Pass,-107.34,CA
3056,6/17/2014,Restaurant - Burgers,-11.21,CA
3056,6/17/2014,Restaurant - Chinese,-31.24,CA
3056,6/17/2014,Restaurant - Chinese,-12.08,CA
3056,6/17/2014,Amazon Order - Science Book,-11.16,CA
3056,6/17/2014,Video Game - PlayStation,-21.4,CA
3056,6/17/2014,Restaurant - Steakhouse,-5.12,CA
3056,6/18/2014,Amazon Order - Star Wars Figurine,-0.73,CA
3056,6/18/2014,Coffee,-2.04,CA
3056,6/18/2014,Online Education Courses,-17.06,CA
3056,6/19/2014,Goods2 - ThinkGeek,-16.95,CA
3056,6/19/2014,San Diego Museum,-18.48,CA
3056,6/20/2014,Science Museum,-6.3,CA
3056,6/21/2014,Amazon Order - Science Book,-21.62,CA
3056,6/21/2014,Amazon Order - Biology Book,-18.64,CA
3056,6/21/2014,Restaurant - Chinese,-29.99,CA
3056,6/21/2014,Mary's Book Store,-106.45,CA
3056,6/21/2014,Restaurant - Burgers,-37.14,CA
3056,6/21/2014,Public Transportation - Bus Pass,-35.55,CA
3056,6/21/2014,Restaurant - Chinese,-27.21,CA
3056,6/22/2014,Mary's Book Store,-30.93,CA
3056,6/22/2014,Coffee,-1.71,CA
3056,6/22/2014,Coffee,-33.2,CA
3056,6/22/2014,Amazon Order - Biology Book,-105.99,CA
3056,6/22/2014,Lyft,-111.05,CA
3056,6/22/2014,Von's Groceries,-11.97,CA
3056,6/22/2014,San Diego Museum,-37.63,CA
3056,6/22/2014,Whole Foods,-1.64,CA
3056,6/22/2014,Whole Foods,-21.55,CA
3056,6/22/2014,Science Museum,-23.48,CA
3056,6/22/2014,Amazon Order - Biology Book,-86.83,CA
3056,6/22/2014,Restaurant - Burgers,-28.4,CA
3056,6/22/2014,Art Museum,-31.66,CA
3056,6/22/2014,Amazon Order - Star Wars Figurine,-20.45,CA
3056,6/22/2014,Goods2 - ThinkGeek,-39.52,CA
3056,6/22/2014,Amazon Order - Science Book,-31.49,CA
3056,6/22/2014,Taxi,-30.42,CA
3056,6/23/2014,DVD - Star Trek,-13.61,CA
3056,6/24/2014,Von's Groceries,-29.29,CA
3056,6/25/2014,Lyft,-76.65,CA
3056,6/25/2014,Art Museum,-19.49,CA
3056,6/25/2014,Taxi,-118.7,CA
3056,6/26/2014,Goods2 - ThinkGeek,-13.1,CA
3056,6/27/2014,Amazon Order - Star Wars Figurine,-1.69,CA
3056,6/28/2014,Amazon Order - Biology Book,-14.96,CA
3056,6/28/2014,San Diego Museum,-33.48,CA
3056,6/29/2014,Video Game - PlayStation,-18.9,CA
3056,6/29/2014,Library Membership,-35.54,CA
3056,6/29/2014,Whole Foods,-31.46,CA
3056,6/29/2014,Science Museum,-4.53,CA
3056,6/30/2014,Amazon Order - Biology Book,-28.07,CA
3056,6/30/2014,Video Game - PlayStation,-22.6,CA
3056,7/2/2014,Paycheck,2007,CA
3056,7/2/2014,Housing Rent,-1123,CA
3056,7/2/2014,Water & Sewer,-53,CA
3056,7/2/2014,Video Game - PlayStation,-35.57,CA
3056,7/2/2014,Science Museum,-14.1,CA
3056,7/3/2014,Library Membership,-26.83,CA
3056,7/3/2014,Sprouts Market,-14.45,CA
3056,7/4/2014,Amazon Order - Biology Book,-24.3,CA
3056,7/5/2014,Amazon Order - Science Book,-22.93,CA
3056,7/5/2014,Whole Foods,-72.49,CA
3056,7/6/2014,Online Education Courses,-17.65,CA
3056,7/6/2014,DVD - Star Trek,-107.6,CA
3056,7/6/2014,Mary's Book Store,-17.94,CA
3056,7/6/2014,Von's Groceries,-14.52,CA
3056,7/7/2014,Amazon Order - Biology Book,-4.83,CA
3056,7/7/2014,Public Transportation - Train Pass,-33.85,CA
3056,7/8/2014,Taxi,-2.9,CA
3056,7/9/2014,Ralph's Grocery Store,-27.7,CA
3056,7/9/2014,DVD - Star Trek,-15.99,CA
3056,7/9/2014,Video Game - PlayStation,-15.48,CA
3056,7/10/2014,Public Transportation - Train Pass,-108.57,CA
3056,7/10/2014,Amazon Order - Science Book,-107.1,CA
3056,7/10/2014,Taxi,-2.97,CA
3056,7/11/2014,Restaurant - Chinese,-38.99,CA
3056,7/11/2014,Mary's Book Store,-11.18,CA
3056,7/11/2014,Amazon Order - Star Wars Figurine,-5.32,CA
3056,7/11/2014,Amazon Order - Mathematics Book,-33.72,CA
3056,7/12/2014,Goods2 - ThinkGeek,-14.23,CA
3056,7/12/2014,Coffee,-0.81,CA
3056,7/13/2014,Restaurant - Chinese,-117.94,CA
3056,7/13/2014,Online Education Courses,-10.35,CA
3056,7/13/2014,Amazon Order - Star Wars Figurine,-38.99,CA
3056,7/13/2014,Amazon Order - Star Wars Figurine,-24.72,CA
3056,7/14/2014,Online Education Courses,-22.94,CA
3056,7/14/2014,Taxi,-39.64,CA
3056,7/14/2014,Amazon Order - Star Wars Figurine,-7.22,CA
3056,7/14/2014,Amazon Order - Mathematics Book,-6.27,CA
3056,7/14/2014,Restaurant - Steakhouse,-95.27,CA
3056,7/15/2014,Starbucks Coffee,-26.23,CA
3056,7/15/2014,Taxi,-21.37,CA
3056,7/15/2014,Science Museum,-32.95,CA
3056,7/15/2014,Coffee,-34.34,CA
3056,7/15/2014,Library Membership,-1.61,CA
3056,7/15/2014,Uber,-38.24,CA
3056,7/15/2014,Amazon Order - Star Wars Figurine,-37.27,CA
3056,7/16/2014,DVD - Star Trek,-25.96,CA
3056,7/17/2014,Ralph's Grocery Store,-22.46,CA
3056,7/17/2014,Taxi,-24.3,CA
3056,7/17/2014,Starbucks Coffee,-35.39,CA
3056,7/17/2014,Amazon Order - Biology Book,-4.83,CA
3056,7/17/2014,Library Membership,-117.12,CA
3056,7/18/2014,DVD - Star Trek,-13.98,CA
3056,7/19/2014,Starbucks Coffee,-25.38,CA
3056,7/20/2014,Video Game - PlayStation,-105.96,CA
3056,7/20/2014,San Diego Museum,-18.19,CA
3056,7/20/2014,Amazon Order - Mathematics Book,-30.99,CA
3056,7/20/2014,Amazon Order - Star Wars Figurine,-24.68,CA
3056,7/20/2014,Taxi,-13.71,CA
3056,7/21/2014,Goods2 - ThinkGeek,-39.83,CA
3056,7/21/2014,San Diego Museum,-69.82,CA
3056,7/22/2014,Amazon Order - Science Book,-109.89,CA
3056,7/22/2014,Restaurant - Burgers,-23.47,CA
3056,7/22/2014,Mary's Book Store,-25.31,CA
3056,7/22/2014,Restaurant - Pizza,-93.27,CA
3056,7/23/2014,Goods2 - ThinkGeek,-14.62,CA
3056,7/24/2014,Amazon Order - Mathematics Book,-72.42,CA
3056,7/24/2014,Uber,-5.17,CA
3056,7/24/2014,Coffee,-71.62,CA
3056,7/24/2014,Whole Foods,-7.88,CA
3056,7/24/2014,Von's Groceries,-39.11,CA
3056,7/24/2014,Ralph's Grocery Store,-54.06,CA
3056,7/24/2014,DVD - Star Trek,-36.7,CA
3056,7/24/2014,Online Education Courses,-1.03,CA
3056,7/25/2014,Restaurant - Steakhouse,-37.63,CA
3056,7/25/2014,Goods2 - ThinkGeek,-9.11,CA
3056,7/25/2014,Uber,-14.75,CA
3056,7/25/2014,Art Museum,-21.29,CA
3056,7/25/2014,Whole Foods,-38.48,CA
3056,7/25/2014,Art Museum,-11.49,CA
3056,7/25/2014,Amazon Order - Mathematics Book,-13,CA
3056,7/25/2014,Amazon Order - Biology Book,-36.82,CA
3056,7/26/2014,Amazon Order - Science Book,-32.84,CA
3056,7/26/2014,Uber,-79.92,CA
3056,7/26/2014,Taxi,-23.93,CA
3056,7/26/2014,Online Education Courses,-77.57,CA
3056,7/26/2014,Ralph's Grocery Store,-30.95,CA
3056,7/26/2014,Public Transportation - Bus Pass,-7.32,CA
3056,7/26/2014,Amazon Order - Biology Book,-27.95,CA
3056,7/26/2014,Restaurant - Chinese,-37.33,CA
3056,7/26/2014,Amazon Order - Star Wars Figurine,-36.9,CA
3056,7/26/2014,Video Game - PlayStation,-1.85,CA
3056,7/26/2014,Restaurant - Pizza,-85.34,CA
3056,7/26/2014,Public Transportation - Bus Pass,-5.07,CA
3056,7/26/2014,Mary's Book Store,-31.04,CA
3056,7/26/2014,DVD - Star Trek,-15.64,CA
3056,7/26/2014,Art Museum,-35.6,CA
3056,7/26/2014,Public Transportation - Bus Pass,-8.87,CA
3056,7/26/2014,Amazon Order - Science Book,-6.61,CA
3056,7/26/2014,Ralph's Grocery Store,-23.33,CA
3056,7/26/2014,Science Museum,-38.34,CA
3056,7/27/2014,Online Education Courses,-7.39,CA
3056,7/27/2014,Amazon Order - Star Wars Figurine,-4.28,CA
3056,7/27/2014,Amazon Order - Science Book,-12.47,CA
3056,7/27/2014,DVD - Star Trek,-38.32,CA
3056,7/28/2014,Uber,-22.27,CA
3056,7/28/2014,Lyft,-16.61,CA
3056,7/28/2014,Lyft,-17.12,CA
3056,7/28/2014,Amazon Order - Biology Book,-33.27,CA
3056,7/28/2014,Library Membership,-11.82,CA
3056,7/29/2014,Amazon Order - Star Wars Figurine,-34.82,CA
3056,7/29/2014,San Diego Museum,-20.62,CA
3056,7/29/2014,Goods2 - ThinkGeek,-35.73,CA
3056,7/29/2014,Taxi,-36.41,CA
3056,7/30/2014,DVD - Star Trek,-38.56,CA
3056,8/2/2014,Paycheck,2007,CA
3056,8/2/2014,Housing Rent,-1095,CA
3056,8/2/2014,Water & Sewer,-53,CA
3056,8/2/2014,Von's Groceries,-4.53,CA
3056,8/3/2014,Goods2 - ThinkGeek,-9.01,CA
3056,8/3/2014,Public Transportation - Bus Pass,-10.63,CA
3056,8/4/2014,Restaurant - Steakhouse,-58.29,CA
3056,8/5/2014,Amazon Order - Biology Book,-15.87,CA
3056,8/6/2014,Coffee,-18.87,CA
3056,8/6/2014,Amazon Order - Biology Book,-4.66,CA
3056,8/6/2014,Uber,-30.02,CA
3056,8/6/2014,Public Transportation - Train Pass,-34.51,CA
3056,8/6/2014,Library Membership,-25.35,CA
3056,8/6/2014,Amazon Order - Biology Book,-37.66,CA
3056,8/6/2014,Amazon Order - Mathematics Book,-20.92,CA
3056,8/6/2014,Restaurant - Chinese,-5.21,CA
3056,8/6/2014,Online Education Courses,-37.24,CA
3056,8/6/2014,Taxi,-21.78,CA
3056,8/6/2014,Restaurant - Burgers,-1.36,CA
3056,8/6/2014,San Diego Museum,-17.92,CA
3056,8/7/2014,Public Transportation - Train Pass,-76.11,CA
3056,8/7/2014,Amazon Order - Mathematics Book,-34.21,CA
3056,8/7/2014,Public Transportation - Bus Pass,-35.48,CA
3056,8/7/2014,Art Museum,-3.69,CA
3056,8/8/2014,Restaurant - Steakhouse,-38.61,CA
3056,8/8/2014,Amazon Order - Biology Book,-37.71,CA
3056,8/9/2014,DVD - Star Trek,-34.71,CA
3056,8/10/2014,Food Delivery - GrubHub,-35.77,CA
3056,8/11/2014,Amazon Order - Science Book,-0.23,CA
3056,8/11/2014,Amazon Order - Science Book,-9.87,CA
3056,8/12/2014,Amazon Order - Star Wars Figurine,-50.35,CA
3056,8/13/2014,Lyft,-8.39,CA
3056,8/14/2014,Goods2 - ThinkGeek,-28.35,CA
3056,8/14/2014,Restaurant - Steakhouse,-21.06,CA
3056,8/14/2014,Coffee,-1.44,CA
3056,8/14/2014,Public Transportation - Train Pass,-8.52,CA
3056,8/14/2014,Online Education Courses,-23.81,CA
3056,8/14/2014,Public Transportation - Train Pass,-5.57,CA
3056,8/14/2014,Library Membership,-6.96,CA
3056,8/14/2014,Art Museum,-99.31,CA
3056,8/14/2014,Lyft,-52.59,CA
3056,8/14/2014,Mary's Book Store,-2.02,CA
3056,8/14/2014,Restaurant - Steakhouse,-6.64,CA
3056,8/14/2014,Lyft,-4.92,CA
3056,8/15/2014,Amazon Order - Mathematics Book,-33.22,CA
3056,8/15/2014,Taxi,-15.48,CA
3056,8/16/2014,Food Delivery - GrubHub,-20.7,CA
3056,8/16/2014,Mary's Book Store,-23.61,CA
3056,8/17/2014,Goods2 - ThinkGeek,-26.76,CA
3056,8/18/2014,Amazon Order - Biology Book,-32.06,CA
3056,8/19/2014,Public Transportation - Train Pass,-65.37,CA
3056,8/20/2014,Library Membership,-23.16,CA
3056,8/20/2014,Online Education Courses,-36.65,CA
3056,8/20/2014,Public Transportation - Bus Pass,-36.65,CA
3056,8/20/2014,Whole Foods,-26.51,CA
3056,8/20/2014,Amazon Order - Biology Book,-15.36,CA
3056,8/20/2014,Amazon Order - Star Wars Figurine,-17.82,CA
3056,8/20/2014,Sprouts Market,-36.98,CA
3056,8/20/2014,Whole Foods,-68.6,CA
3056,8/20/2014,Public Transportation - Bus Pass,-32.11,CA
3056,8/20/2014,Lyft,-12.65,CA
3056,8/20/2014,Uber,-39.55,CA
3056,8/20/2014,DVD - Star Trek,-100.75,CA
3056,8/20/2014,Taxi,-11.06,CA
3056,8/21/2014,Amazon Order - Science Book,-1.03,CA
3056,8/21/2014,Art Museum,-14.63,CA
3056,8/21/2014,Amazon Order - Science Book,-6.9,CA
3056,8/21/2014,Amazon Order - Science Book,-28.05,CA
3056,8/21/2014,Science Museum,-100,CA
3056,8/21/2014,San Diego Museum,-4.82,CA
3056,8/21/2014,Ralph's Grocery Store,-28.21,CA
3056,8/21/2014,Sprouts Market,-33.42,CA
3056,8/21/2014,Restaurant - Steakhouse,-11.57,CA
3056,8/22/2014,Starbucks Coffee,-7.17,CA
3056,8/22/2014,Library Membership,-37.94,CA
3056,8/22/2014,Science Museum,-5.15,CA
3056,8/22/2014,Lyft,-33.83,CA
3056,8/22/2014,Restaurant - Burgers,-29.24,CA
3056,8/23/2014,Amazon Order - Mathematics Book,-24.39,CA
3056,8/23/2014,DVD - Star Trek,-4.36,CA
3056,8/24/2014,Goods2 - ThinkGeek,-33.33,CA
3056,8/25/2014,Online Education Courses,-34.54,CA
3056,8/25/2014,Public Transportation - Bus Pass,-38.59,CA
3056,8/25/2014,Food Delivery - GrubHub,-16.56,CA
3056,8/25/2014,Amazon Order - Biology Book,-7.39,CA
3056,8/26/2014,Whole Foods,-16.95,CA
3056,8/26/2014,Amazon Order - Star Wars Figurine,-109.02,CA
3056,8/26/2014,Mary's Book Store,-62.57,CA
3056,8/26/2014,Coffee,-13.14,CA
3056,8/26/2014,Taxi,-7.51,CA
3056,8/26/2014,Library Membership,-88.09,CA
3056,8/26/2014,Goods2 - ThinkGeek,-58.35,CA
3056,8/27/2014,Online Education Courses,-28.95,CA
3056,8/28/2014,Von's Groceries,-0.13,CA
3056,8/28/2014,Art Museum,-9.14,CA
3056,8/28/2014,Amazon Order - Science Book,-98.5,CA
3056,8/28/2014,Video Game - PlayStation,-35.24,CA
3056,8/28/2014,Uber,-11.11,CA
3056,8/29/2014,Lyft,-15.89,CA
3056,8/30/2014,Lyft,-34.12,CA
3056,8/30/2014,Public Transportation - Bus Pass,-39.93,CA
3056,8/30/2014,Public Transportation - Train Pass,-10.26,CA
3056,8/30/2014,Coffee,-101.88,CA
3056,8/30/2014,Amazon Order - Mathematics Book,-101.61,CA
3056,8/30/2014,Amazon Order - Star Wars Figurine,-30.8,CA
3056,8/30/2014,DVD - Star Trek,-29.36,CA
3056,8/30/2014,Art Museum,-34.76,CA
3056,8/30/2014,San Diego Museum,-22.96,CA
3056,8/30/2014,Coffee,-20.5,CA
3056,9/2/2014,Paycheck,2007,CA
3056,9/2/2014,Housing Rent,-1125,CA
3056,9/2/2014,Water & Sewer,-53,CA
3056,9/2/2014,Goods2 - ThinkGeek,-34.54,CA
3056,9/3/2014,Amazon Order - Biology Book,-21.29,CA
3056,9/3/2014,Amazon Order - Biology Book,-96.78,CA
3056,9/4/2014,Taxi,-32.47,CA
3056,9/5/2014,Public Transportation - Train Pass,-28.04,CA
3056,9/5/2014,Amazon Order - Star Wars Figurine,-61.46,CA
3056,9/6/2014,Taxi,-27.12,CA
3056,9/6/2014,Coffee,-8.18,CA
3056,9/6/2014,Restaurant - Steakhouse,-42.3,CA
3056,9/7/2014,Whole Foods,-8.2,CA
3056,9/7/2014,Amazon Order - Biology Book,-32.79,CA
3056,9/7/2014,Restaurant - Burgers,-95.72,CA
3056,9/7/2014,Library Membership,-16.84,CA
3056,9/7/2014,Mary's Book Store,-20.19,CA
3056,9/7/2014,Art Museum,-31.58,CA
3056,9/7/2014,Public Transportation - Train Pass,-76.55,CA
3056,9/7/2014,Lyft,-32.24,CA
3056,9/7/2014,Amazon Order - Star Wars Figurine,-30.58,CA
3056,9/7/2014,Coffee,-24.47,CA
3056,9/8/2014,Amazon Order - Science Book,-3.18,CA
3056,9/8/2014,San Diego Museum,-36.85,CA
3056,9/8/2014,Von's Groceries,-107.09,CA
3056,9/8/2014,Library Membership,-28.43,CA
3056,9/9/2014,Goods2 - ThinkGeek,-0.41,CA
3056,9/9/2014,Amazon Order - Star Wars Figurine,-17.97,CA
3056,9/9/2014,Amazon Order - Star Wars Figurine,-18.33,CA
3056,9/9/2014,Amazon Order - Mathematics Book,-56.74,CA
3056,9/9/2014,Amazon Order - Biology Book,-14.13,CA
3056,9/10/2014,Amazon Order - Biology Book,-2.94,CA
3056,9/10/2014,Goods2 - ThinkGeek,-11.66,CA
3056,9/10/2014,Goods2 - ThinkGeek,-4.4,CA
3056,9/10/2014,Video Game - PlayStation,-21.36,CA
3056,9/10/2014,San Diego Museum,-11.35,CA
3056,9/11/2014,Science Museum,-24.47,CA
3056,9/11/2014,Amazon Order - Biology Book,-10.5,CA
3056,9/11/2014,San Diego Museum,-100.83,CA
3056,9/12/2014,Mary's Book Store,-102.96,CA
3056,9/13/2014,Mary's Book Store,-19.52,CA
3056,9/13/2014,Video Game - PlayStation,-4.64,CA
3056,9/14/2014,Coffee,-5.54,CA
3056,9/15/2014,Video Game - PlayStation,-9.04,CA
3056,9/15/2014,Coffee,-25.08,CA
3056,9/15/2014,Video Game - PlayStation,-0.78,CA
3056,9/15/2014,Public Transportation - Train Pass,-25.25,CA
3056,9/15/2014,Video Game - PlayStation,-25.75,CA
3056,9/15/2014,Amazon Order - Mathematics Book,-83.46,CA
3056,9/16/2014,DVD - Star Trek,-5.08,CA
3056,9/16/2014,Starbucks Coffee,-37.19,CA
3056,9/17/2014,Mary's Book Store,-20.31,CA
3056,9/17/2014,Goods2 - ThinkGeek,-28.79,CA
3056,9/18/2014,Taxi,-19.73,CA
3056,9/18/2014,Science Museum,-37.73,CA
3056,9/18/2014,Amazon Order - Mathematics Book,-19.67,CA
3056,9/18/2014,Science Museum,-0.38,CA
3056,9/19/2014,Taxi,-42.7,CA
3056,9/19/2014,DVD - Star Trek,-16.23,CA
3056,9/19/2014,Public Transportation - Bus Pass,-35.26,CA
3056,9/19/2014,Lyft,-53.14,CA
3056,9/20/2014,Amazon Order - Science Book,-36.27,CA
3056,9/21/2014,Ralph's Grocery Store,-8.77,CA
3056,9/21/2014,Public Transportation - Train Pass,-14.07,CA
3056,9/22/2014,Ralph's Grocery Store,-36.02,CA
3056,9/22/2014,Taxi,-13.15,CA
3056,9/22/2014,Art Museum,-119.92,CA
3056,9/22/2014,Art Museum,-14.45,CA
3056,9/23/2014,Amazon Order - Biology Book,-31.48,CA
3056,9/24/2014,Public Transportation - Bus Pass,-78.92,CA
3056,9/24/2014,Online Education Courses,-118.11,CA
3056,9/25/2014,San Diego Museum,-34.46,CA
3056,9/26/2014,San Diego Museum,-12.97,CA
3056,9/27/2014,Amazon Order - Mathematics Book,-2.22,CA
3056,9/27/2014,Starbucks Coffee,-29.71,CA
3056,9/27/2014,Restaurant - Chinese,-27.61,CA
3056,9/27/2014,Ralph's Grocery Store,-21.73,CA
3056,9/27/2014,Restaurant - Steakhouse,-0.31,CA
3056,9/28/2014,Food Delivery - GrubHub,-16.45,CA
3056,9/29/2014,Goods2 - ThinkGeek,-25.93,CA
3056,9/30/2014,Coffee,-28.33,CA
3056,9/30/2014,Amazon Order - Science Book,-13.25,CA
3056,9/30/2014,Art Museum,-8.12,CA
3056,9/30/2014,Restaurant - Burgers,-85.06,CA
3056,9/30/2014,DVD - Star Trek,-27.82,CA
3056,9/30/2014,Public Transportation - Train Pass,-32.71,CA
3056,9/30/2014,Public Transportation - Train Pass,-37.67,CA
3056,10/2/2014,Paycheck,2007,CA
3056,10/2/2014,Housing Rent,-834,CA
3056,10/2/2014,Water & Sewer,-53,CA
3056,10/2/2014,Amazon Order - Mathematics Book,-29.15,CA
3056,10/2/2014,Amazon Order - Science Book,-27.31,CA
3056,10/2/2014,Art Museum,-3.26,CA
3056,10/2/2014,Lyft,-17.81,CA
3056,10/2/2014,Mary's Book Store,-19.22,CA
3056,10/2/2014,Video Game - PlayStation,-2.73,CA
3056,10/2/2014,Restaurant - Steakhouse,-37.56,CA
3056,10/2/2014,Restaurant - Burgers,-7.29,CA
3056,10/2/2014,Goods2 - ThinkGeek,-39.15,CA
3056,10/2/2014,Lyft,-1.64,CA
3056,10/2/2014,Mary's Book Store,-37.24,CA
3056,10/3/2014,Art Museum,-26.78,CA
3056,10/3/2014,Restaurant - Steakhouse,-6,CA
3056,10/3/2014,Taxi,-29.68,CA
3056,10/4/2014,Taxi,-86.31,CA
3056,10/4/2014,Uber,-14.62,CA
3056,10/4/2014,Amazon Order - Biology Book,-91.02,CA
3056,10/4/2014,Goods2 - ThinkGeek,-16.29,CA
3056,10/4/2014,Science Museum,-0.72,CA
3056,10/5/2014,Online Education Courses,-35.81,CA
3056,10/6/2014,DVD - Star Trek,-3.6,CA
3056,10/6/2014,Taxi,-30.91,CA
3056,10/6/2014,Library Membership,-24.02,CA
3056,10/6/2014,Science Museum,-67,CA
3056,10/6/2014,Amazon Order - Star Wars Figurine,-113.7,CA
3056,10/6/2014,Mary's Book Store,-16.59,CA
3056,10/6/2014,Public Transportation - Train Pass,-108.01,CA
3056,10/6/2014,Mary's Book Store,-27.04,CA
3056,10/6/2014,Restaurant - Pizza,-65.72,CA
3056,10/6/2014,Coffee,-32.22,CA
3056,10/6/2014,Amazon Order - Biology Book,-48.15,CA
3056,10/7/2014,Amazon Order - Mathematics Book,-4.74,CA
3056,10/7/2014,Uber,-68.73,CA
3056,10/7/2014,Restaurant - Chinese,-29.7,CA
3056,10/7/2014,Public Transportation - Bus Pass,-6.45,CA
3056,10/7/2014,Restaurant - Pizza,-25.03,CA
3056,10/8/2014,Mary's Book Store,-41.92,CA
3056,10/8/2014,Public Transportation - Train Pass,-18.21,CA
3056,10/9/2014,Video Game - PlayStation,-39.69,CA
3056,10/9/2014,Mary's Book Store,-28.09,CA
3056,10/9/2014,Whole Foods,-35.19,CA
3056,10/9/2014,Amazon Order - Star Wars Figurine,-27.22,CA
3056,10/9/2014,Amazon Order - Biology Book,-48.4,CA
3056,10/9/2014,Online Education Courses,-19.47,CA
3056,10/9/2014,Coffee,-24.7,CA
3056,10/9/2014,Von's Groceries,-71.85,CA
3056,10/9/2014,Video Game - PlayStation,-14.91,CA
3056,10/10/2014,Amazon Order - Science Book,-20.53,CA
3056,10/10/2014,Amazon Order - Science Book,-35.11,CA
3056,10/11/2014,San Diego Museum,-30.93,CA
3056,10/12/2014,Public Transportation - Bus Pass,-37.78,CA
3056,10/13/2014,Lyft,-37.82,CA
3056,10/14/2014,Library Membership,-11.15,CA
3056,10/14/2014,Online Education Courses,-11.2,CA
3056,10/14/2014,Mary's Book Store,-5.84,CA
3056,10/14/2014,Amazon Order - Star Wars Figurine,-39.46,CA
3056,10/14/2014,Art Museum,-30.21,CA
3056,10/14/2014,Public Transportation - Train Pass,-36.96,CA
3056,10/15/2014,Science Museum,-29.15,CA
3056,10/15/2014,Online Education Courses,-116.77,CA
3056,10/15/2014,Sprouts Market,-34.13,CA
3056,10/15/2014,Sprouts Market,-39.33,CA
3056,10/15/2014,Amazon Order - Mathematics Book,-95.17,CA
3056,10/15/2014,Coffee,-14.35,CA
3056,10/15/2014,Amazon Order - Mathematics Book,-10.23,CA
3056,10/16/2014,Library Membership,-23.03,CA
3056,10/16/2014,DVD - Star Trek,-24.94,CA
3056,10/16/2014,Goods2 - ThinkGeek,-37.95,CA
3056,10/16/2014,Restaurant - Chinese,-21.13,CA
3056,10/16/2014,Amazon Order - Science Book,-1.38,CA
3056,10/17/2014,Taxi,-29.67,CA
3056,10/17/2014,Whole Foods,-48.76,CA
3056,10/18/2014,Von's Groceries,-7.03,CA
3056,10/18/2014,Ralph's Grocery Store,-5.09,CA
3056,10/19/2014,Amazon Order - Science Book,-19.97,CA
3056,10/19/2014,Goods2 - ThinkGeek,-34.56,CA
3056,10/19/2014,Video Game - PlayStation,-114.28,CA
3056,10/20/2014,Amazon Order - Science Book,-23.09,CA
3056,10/20/2014,Lyft,-6.78,CA
3056,10/21/2014,Taxi,-3.83,CA
3056,10/21/2014,Amazon Order - Star Wars Figurine,-26.02,CA
3056,10/22/2014,Science Museum,-23.15,CA
3056,10/23/2014,Amazon Order - Science Book,-21.51,CA
3056,10/23/2014,Art Museum,-33.28,CA
3056,10/23/2014,Uber,-11.12,CA
3056,10/23/2014,San Diego Museum,-35.66,CA
3056,10/23/2014,Ralph's Grocery Store,-22.14,CA
3056,10/23/2014,Public Transportation - Train Pass,-30.54,CA
3056,10/23/2014,Amazon Order - Star Wars Figurine,-17.29,CA
3056,10/23/2014,Online Education Courses,-9.88,CA
3056,10/23/2014,Food Delivery - GrubHub,-0.98,CA
3056,10/23/2014,Online Education Courses,-30.05,CA
3056,10/23/2014,Von's Groceries,-19.32,CA
3056,10/23/2014,Amazon Order - Science Book,-3.44,CA
3056,10/23/2014,Lyft,-38.26,CA
3056,10/23/2014,DVD - Star Trek,-8.53,CA
3056,10/24/2014,Public Transportation - Bus Pass,-30.31,CA
3056,10/24/2014,Amazon Order - Star Wars Figurine,-22.09,CA
3056,10/24/2014,Science Museum,-4.38,CA
3056,10/25/2014,Restaurant - Chinese,-8.59,CA
3056,10/25/2014,Library Membership,-61.85,CA
3056,10/26/2014,Uber,-102.58,CA
3056,10/27/2014,Ralph's Grocery Store,-1.18,CA
3056,10/27/2014,Restaurant - Burgers,-112.21,CA
3056,10/27/2014,San Diego Museum,-17.43,CA
3056,10/27/2014,Goods2 - ThinkGeek,-29.12,CA
3056,10/27/2014,Lyft,-91.39,CA
3056,10/27/2014,Science Museum,-21.66,CA
3056,10/27/2014,Amazon Order - Science Book,-23.38,CA
3056,10/27/2014,Von's Groceries,-18.95,CA
3056,10/27/2014,Lyft,-33.82,CA
3056,10/28/2014,Uber,-7.17,CA
3056,10/28/2014,Restaurant - Chinese,-29.48,CA
3056,10/28/2014,Restaurant - Pizza,-27.29,CA
3056,10/28/2014,Video Game - PlayStation,-16.91,CA
3056,10/28/2014,Online Education Courses,-47.32,CA
3056,10/29/2014,Art Museum,-1.6,CA
3056,10/29/2014,Science Museum,-33.12,CA
3056,10/29/2014,Von's Groceries,-50.04,CA
3056,10/30/2014,Amazon Order - Biology Book,-35.27,CA
3056,10/30/2014,Library Membership,-31.17,CA
3056,10/30/2014,San Diego Museum,-28.61,CA
3056,11/2/2014,Paycheck,2007,CA
3056,11/2/2014,Housing Rent,-1181,CA
3056,11/2/2014,Water & Sewer,-53,CA
3056,11/2/2014,Mary's Book Store,-33.88,CA
3056,11/2/2014,Restaurant - Pizza,-15.65,CA
3056,11/3/2014,Lyft,-39.26,CA
3056,11/3/2014,Science Museum,-15.06,CA
3056,11/3/2014,Amazon Order - Mathematics Book,-22.08,CA
3056,11/3/2014,Sprouts Market,-34.42,CA
3056,11/4/2014,Taxi,-6.63,CA
3056,11/4/2014,Video Game - PlayStation,-97.01,CA
3056,11/4/2014,Taxi,-24.56,CA
3056,11/4/2014,Online Education Courses,-36.42,CA
3056,11/4/2014,Amazon Order - Biology Book,-29.85,CA
3056,11/4/2014,Uber,-0.18,CA
3056,11/5/2014,Goods2 - ThinkGeek,-2.81,CA
3056,11/6/2014,Sprouts Market,-44.3,CA
3056,11/6/2014,Taxi,-22.43,CA
3056,11/6/2014,Mary's Book Store,-29.79,CA
3056,11/6/2014,Amazon Order - Science Book,-37.47,CA
3056,11/6/2014,Science Museum,-95.65,CA
3056,11/6/2014,Taxi,-1.04,CA
3056,11/6/2014,Amazon Order - Star Wars Figurine,-15.17,CA
3056,11/6/2014,Uber,-110.49,CA
3056,11/6/2014,DVD - Star Trek,-36.06,CA
3056,11/6/2014,Taxi,-22.42,CA
3056,11/6/2014,Sprouts Market,-2.91,CA
3056,11/6/2014,Science Museum,-108.88,CA
3056,11/6/2014,Ralph's Grocery Store,-38.79,CA
3056,11/7/2014,Video Game - PlayStation,-97.54,CA
3056,11/8/2014,Von's Groceries,-33.95,CA
3056,11/9/2014,Public Transportation - Train Pass,-24.64,CA
3056,11/9/2014,Sprouts Market,-11.83,CA
3056,11/9/2014,Restaurant - Pizza,-14.1,CA
3056,11/9/2014,Amazon Order - Mathematics Book,-24.11,CA
3056,11/9/2014,Video Game - PlayStation,-4.17,CA
3056,11/9/2014,DVD - Star Trek,-21.17,CA
3056,11/9/2014,Restaurant - Steakhouse,-24.35,CA
3056,11/9/2014,Lyft,-18.56,CA
3056,11/9/2014,Taxi,-11.21,CA
3056,11/9/2014,Lyft,-33.65,CA
3056,11/9/2014,DVD - Star Trek,-102.95,CA
3056,11/10/2014,Goods2 - ThinkGeek,-117.5,CA
3056,11/11/2014,Lyft,-6.01,CA
3056,11/12/2014,Library Membership,-92.76,CA
3056,11/13/2014,Taxi,-21.15,CA
3056,11/13/2014,Library Membership,-2.2,CA
3056,11/13/2014,Lyft,-14.93,CA
3056,11/13/2014,Sprouts Market,-23.11,CA
3056,11/13/2014,Amazon Order - Star Wars Figurine,-11.46,CA
3056,11/13/2014,Amazon Order - Biology Book,-18.59,CA
3056,11/13/2014,Goods2 - ThinkGeek,-26.35,CA
3056,11/13/2014,Food Delivery - GrubHub,-6.76,CA
3056,11/13/2014,Restaurant - Pizza,-1.13,CA
3056,11/14/2014,Amazon Order - Star Wars Figurine,-16.95,CA
3056,11/14/2014,Public Transportation - Bus Pass,-28.56,CA
3056,11/15/2014,Mary's Book Store,-38.21,CA
3056,11/15/2014,Mary's Book Store,-1.37,CA
3056,11/16/2014,Goods2 - ThinkGeek,-9.04,CA
3056,11/17/2014,Online Education Courses,-33.14,CA
3056,11/17/2014,Science Museum,-19.63,CA
3056,11/18/2014,Mary's Book Store,-17,CA
3056,11/18/2014,DVD - Star Trek,-35.63,CA
3056,11/18/2014,DVD - Star Trek,-14.35,CA
3056,11/18/2014,Amazon Order - Science Book,-7.84,CA
3056,11/19/2014,Art Museum,-38.71,CA
3056,11/20/2014,Science Museum,-13.99,CA
3056,11/21/2014,Restaurant - Burgers,-48.81,CA
3056,11/22/2014,Restaurant - Steakhouse,-8.22,CA
3056,11/22/2014,Science Museum,-39.47,CA
3056,11/22/2014,DVD - Star Trek,-5.84,CA
3056,11/22/2014,Art Museum,-23.52,CA
3056,11/23/2014,Science Museum,-36.29,CA
3056,11/23/2014,Public Transportation - Train Pass,-11.14,CA
3056,11/24/2014,Lyft,-1.49,CA
3056,11/24/2014,Mary's Book Store,-53.93,CA
3056,11/24/2014,Video Game - PlayStation,-11.26,CA
3056,11/25/2014,Goods2 - ThinkGeek,-0.42,CA
3056,11/25/2014,Mary's Book Store,-37,CA
3056,11/25/2014,Restaurant - Pizza,-10.96,CA
3056,11/25/2014,Amazon Order - Biology Book,-5.92,CA
3056,11/25/2014,Whole Foods,-30.03,CA
3056,11/25/2014,Von's Groceries,-38.58,CA
3056,11/25/2014,Science Museum,-0.71,CA
3056,11/25/2014,Restaurant - Burgers,-3.14,CA
3056,11/25/2014,Video Game - PlayStation,-21.89,CA
3056,11/26/2014,Taxi,-26.4,CA
3056,11/26/2014,Uber,-8.36,CA
3056,11/27/2014,Uber,-34.23,CA
3056,11/27/2014,DVD - Star Trek,-5.35,CA
3056,11/27/2014,Sprouts Market,-7.34,CA
3056,11/27/2014,DVD - Star Trek,-99.8,CA
3056,11/28/2014,DVD - Star Trek,-29.02,CA
3056,11/28/2014,DVD - Star Trek,-53.73,CA
3056,11/28/2014,Restaurant - Pizza,-19.17,CA
3056,11/28/2014,Online Education Courses,-1.07,CA
3056,11/28/2014,Mary's Book Store,-15.71,CA
3056,11/29/2014,Amazon Order - Science Book,-8.66,CA
3056,11/29/2014,Amazon Order - Mathematics Book,-116.51,CA
3056,11/30/2014,Amazon Order - Biology Book,-31.39,CA
3056,12/2/2014,Paycheck,2007,CA
3056,12/2/2014,Housing Rent,-1128,CA
3056,12/2/2014,Water & Sewer,-53,CA
3056,12/2/2014,San Diego Museum,-23.83,CA
3056,12/3/2014,Public Transportation - Bus Pass,-7.05,CA
3056,12/3/2014,Lyft,-20.26,CA
3056,12/3/2014,Online Education Courses,-20.51,CA
3056,12/3/2014,Ralph's Grocery Store,-15.51,CA
3056,12/4/2014,Restaurant - Pizza,-21.95,CA
3056,12/4/2014,Amazon Order - Science Book,-5.14,CA
3056,12/5/2014,Public Transportation - Bus Pass,-86.16,CA
3056,12/5/2014,Lyft,-31.95,CA
3056,12/5/2014,Video Game - PlayStation,-14.33,CA
3056,12/5/2014,Amazon Order - Biology Book,-12.44,CA
3056,12/5/2014,Taxi,-38.86,CA
3056,12/5/2014,Uber,-77.02,CA
3056,12/6/2014,Library Membership,-82.38,CA
3056,12/7/2014,San Diego Museum,-8.22,CA
3056,12/8/2014,Mary's Book Store,-14.61,CA
3056,12/8/2014,Amazon Order - Star Wars Figurine,-36.3,CA
3056,12/9/2014,Whole Foods,-1.13,CA
3056,12/9/2014,Goods2 - ThinkGeek,-12.08,CA
3056,12/9/2014,Ralph's Grocery Store,-34.78,CA
3056,12/9/2014,Video Game - PlayStation,-53.59,CA
3056,12/10/2014,Taxi,-23.58,CA
3056,12/10/2014,Uber,-15.97,CA
3056,12/11/2014,Library Membership,-11.85,CA
3056,12/11/2014,Online Education Courses,-12.66,CA
3056,12/12/2014,Coffee,-48.72,CA
3056,12/12/2014,Amazon Order - Science Book,-1.93,CA
3056,12/12/2014,Restaurant - Burgers,-36.17,CA
3056,12/12/2014,Video Game - PlayStation,-29.13,CA
3056,12/12/2014,Amazon Order - Biology Book,-16.67,CA
3056,12/13/2014,Goods2 - ThinkGeek,-32.86,CA
3056,12/13/2014,Taxi,-14.5,CA
3056,12/14/2014,Library Membership,-3.41,CA
3056,12/15/2014,Video Game - PlayStation,-15.8,CA
3056,12/15/2014,Public Transportation - Train Pass,-5.73,CA
3056,12/15/2014,Online Education Courses,-79.96,CA
3056,12/15/2014,Taxi,-18.35,CA
3056,12/15/2014,DVD - Star Trek,-30.35,CA
3056,12/15/2014,Uber,-9.97,CA
3056,12/15/2014,Food Delivery - GrubHub,-13.6,CA
3056,12/16/2014,Public Transportation - Train Pass,-18.25,CA
3056,12/17/2014,DVD - Star Trek,-1.78,CA
3056,12/17/2014,Science Museum,-7.66,CA
3056,12/18/2014,DVD - Star Trek,-21.86,CA
3056,12/18/2014,Amazon Order - Mathematics Book,-37.29,CA
3056,12/19/2014,Food Delivery - GrubHub,-2.27,CA
3056,12/19/2014,Von's Groceries,-12.59,CA
3056,12/19/2014,Starbucks Coffee,-34.04,CA
3056,12/20/2014,Food Delivery - GrubHub,-26.74,CA
3056,12/20/2014,Coffee,-92.52,CA
3056,12/20/2014,San Diego Museum,-27.8,CA
3056,12/20/2014,Lyft,-37.03,CA
3056,12/20/2014,Restaurant - Burgers,-14.13,CA
3056,12/20/2014,DVD - Star Trek,-30.19,CA
3056,12/20/2014,San Diego Museum,-110.33,CA
3056,12/20/2014,Mary's Book Store,-16.5,CA
3056,12/20/2014,Amazon Order - Biology Book,-22.71,CA
3056,12/20/2014,San Diego Museum,-13.87,CA
3056,12/20/2014,Sprouts Market,-39.17,CA
3056,12/21/2014,Art Museum,-114.75,CA
3056,12/21/2014,Sprouts Market,-51.8,CA
3056,12/21/2014,Video Game - PlayStation,-6.94,CA
3056,12/22/2014,Public Transportation - Bus Pass,-37.23,CA
3056,12/22/2014,Starbucks Coffee,-19.93,CA
3056,12/22/2014,DVD - Star Trek,-12.01,CA
3056,12/22/2014,Science Museum,-13.52,CA
3056,12/23/2014,Amazon Order - Mathematics Book,-5.09,CA
3056,12/23/2014,Taxi,-33.8,CA
3056,12/23/2014,DVD - Star Trek,-76.16,CA
3056,12/23/2014,Amazon Order - Science Book,-35.69,CA
3056,12/23/2014,Uber,-110.07,CA
3056,12/24/2014,Amazon Order - Mathematics Book,-98.05,CA
3056,12/24/2014,Goods2 - ThinkGeek,-34.88,CA
3056,12/25/2014,Online Education Courses,-0.38,CA
3056,12/25/2014,DVD - Star Trek,-9.46,CA
3056,12/25/2014,Mary's Book Store,-110.27,CA
3056,12/25/2014,Video Game - PlayStation,-21.81,CA
3056,12/26/2014,Amazon Order - Biology Book,-14.53,CA
3056,12/26/2014,Public Transportation - Bus Pass,-1.55,CA
3056,12/27/2014,DVD - Star Trek,-16.42,CA
3056,12/27/2014,Von's Groceries,-8.78,CA
3056,12/28/2014,Amazon Order - Biology Book,-37.52,CA
3056,12/28/2014,Amazon Order - Science Book,-2.87,CA
3056,12/28/2014,Amazon Order - Mathematics Book,-6.37,CA
3056,12/28/2014,Taxi,-22.56,CA
3056,12/29/2014,DVD - Star Trek,-22.91,CA
3056,12/29/2014,Amazon Order - Star Wars Figurine,-20.45,CA
3056,12/29/2014,DVD - Star Trek,-22.03,CA
3056,12/29/2014,Video Game - PlayStation,-24.06,CA
3056,12/29/2014,Online Education Courses,-8.04,CA
3056,12/30/2014,Public Transportation - Train Pass,-13.11,CA
3056,12/30/2014,Public Transportation - Train Pass,-6.74,CA
3056,12/30/2014,Mary's Book Store,-19.61,CA
3056,12/30/2014,Whole Foods,-41.53,CA
3056,12/32/2014,Online Education Courses,-23.11,CA
