auth_id, Date, Vendor, Amount, Location 
34686,1/2/2013,Green Flash Brewery,-34.14,CA
34686,1/3/2013,Rodriguez's Bar and Grill,-13.4,CA
34686,1/4/2013,Rodriguez's Bar and Grill,-20.55,CA
34686,1/4/2013,Lyft,-12.63,CA
34686,1/5/2013,Von's Groceries,-2.92,CA
34686,1/5/2013,Taxi,-39.46,CA
34686,1/6/2013,Wine Bar,-39.01,CA
34686,1/7/2013,Von's Groceries,-3.15,CA
34686,1/8/2013,Movie Ticket,-30.53,CA
34686,1/8/2013,Bowling,-18.93,CA
34686,1/8/2013,Lyft,-29.57,CA
34686,1/9/2013,John's Bar & Restaurant,-118.62,CA
34686,1/9/2013,Seaside Bar,-53.93,CA
34686,1/10/2013,Rodriguez's Bar and Grill,-74.34,CA
34686,1/11/2013,Food Delivery - GrubHub,-24.45,CA
34686,1/11/2013,Public Transportation - Bus Pass,-14.52,CA
34686,1/11/2013,Rodriguez's Bar and Grill,-39.08,CA
34686,1/11/2013,Movie Ticket,-25.44,CA
34686,1/12/2013,Green Flash Brewery,-9.34,CA
34686,1/13/2013,Green Flash Brewery,-29.02,CA
34686,1/13/2013,Taxi,-9.77,CA
34686,1/13/2013,Restaurant - Chinese,-4.61,CA
34686,1/13/2013,Wine Bar,-26.48,CA
34686,1/13/2013,Green Flash Brewery,-15.84,CA
34686,1/13/2013,Fisker Night Club,-65.93,CA
34686,1/14/2013,Fisker Night Club,-34.9,CA
34686,1/14/2013,Restaurant - Chinese,-5.2,CA
34686,1/14/2013,Public Transportation - Bus Pass,-14.01,CA
34686,1/14/2013,Uber,-2.42,CA
34686,1/14/2013,Public Transportation - Bus Pass,-37.67,CA
34686,1/14/2013,Wine Bar,-10.42,CA
34686,1/14/2013,Green Flash Brewery,-104.45,CA
34686,1/14/2013,Movie Ticket,-79.47,CA
34686,1/14/2013,Ice Skating Rink,-89.19,CA
34686,1/14/2013,Owl Night Club,-30.67,CA
34686,1/14/2013,Sprouts Market,-17.58,CA
34686,1/15/2013,Seaside Bar,-97.76,CA
34686,1/15/2013,Restaurant - Pizza,-27.84,CA
34686,1/15/2013,Seaside Bar,-68.65,CA
34686,1/15/2013,Sprouts Market,-99.22,CA
34686,1/16/2013,Fisker Night Club,-3.77,CA
34686,1/16/2013,Concert Ticket,-36.95,CA
34686,1/17/2013,Lyft,-31.04,CA
34686,1/18/2013,Starbucks Coffee,-32.87,CA
34686,1/19/2013,Green Flash Brewery,-1.25,CA
34686,1/19/2013,Uber,-36.71,CA
34686,1/20/2013,Public Transportation - Train Pass,-19.63,CA
34686,1/20/2013,Public Transportation - Train Pass,-13.89,CA
34686,1/20/2013,Owl Night Club,-23.61,CA
34686,1/20/2013,Seaside Bar,-38.85,CA
34686,1/20/2013,Seaside Bar,-34.52,CA
34686,1/20/2013,Food Delivery - GrubHub,-1.88,CA
34686,1/20/2013,Fisker Night Club,-11.32,CA
34686,1/20/2013,Uber,-25.8,CA
34686,1/20/2013,Rodriguez's Bar and Grill,-3.51,CA
34686,1/20/2013,Movie Ticket,-3.67,CA
34686,1/20/2013,Ralph's Grocery Store,-76.94,CA
34686,1/20/2013,Ice Skating Rink,-1.69,CA
34686,1/20/2013,Restaurant - Pizza,-20.42,CA
34686,1/20/2013,Seaside Bar,-6.85,CA
34686,1/20/2013,Green Flash Brewery,-6.7,CA
34686,1/20/2013,Seaside Bar,-29.18,CA
34686,1/20/2013,Seaside Bar,-9.82,CA
34686,1/21/2013,Restaurant - Burgers,-6.7,CA
34686,1/22/2013,Starbucks Coffee,-25.06,CA
34686,1/23/2013,Ice Skating Rink,-19.8,CA
34686,1/24/2013,Uber,-6.68,CA
34686,1/25/2013,Ice Skating Rink,-9.82,CA
34686,1/25/2013,Karaoke Bar,-20,CA
34686,1/25/2013,Wine Bar,-27.11,CA
34686,1/25/2013,Lyft,-27.58,CA
34686,1/25/2013,Uber,-29.74,CA
34686,1/25/2013,Movie Ticket,-34.97,CA
34686,1/25/2013,Green Flash Brewery,-34.66,CA
34686,1/25/2013,Green Flash Brewery,-21.83,CA
34686,1/26/2013,Restaurant - Burgers,-6.92,CA
34686,1/26/2013,Wine Bar,-29.34,CA
34686,1/26/2013,Owl Night Club,-16.05,CA
34686,1/26/2013,Ice Skating Rink,-11.01,CA
34686,1/27/2013,Karaoke Bar,-10.28,CA
34686,1/27/2013,Fisker Night Club,-9.06,CA
34686,1/27/2013,Movie Ticket,-6.28,CA
34686,1/27/2013,Rodriguez's Bar and Grill,-24.89,CA
34686,1/27/2013,Owl Night Club,-18.61,CA
34686,1/27/2013,Public Transportation - Train Pass,-22.67,CA
34686,1/28/2013,Owl Night Club,-29.78,CA
34686,1/28/2013,Movie Ticket,-32.75,CA
34686,1/29/2013,Lyft,-19.6,CA
34686,1/30/2013,Lyft,-98.89,CA
34686,3/2/2013,Paycheck,3988,CA
34686,3/2/2013,Housing Rent,-947,CA
34686,3/2/2013,Credit Card Payment,-154,CA
34686,3/2/2013,Green Flash Brewery,-24.44,CA
34686,3/2/2013,Concert Ticket,-22.79,CA
34686,3/3/2013,Seaside Bar,-24.99,CA
34686,3/3/2013,Starbucks Coffee,-106.74,CA
34686,3/3/2013,Restaurant - Chinese,-15.02,CA
34686,3/3/2013,Wine Bar,-21.69,CA
34686,3/3/2013,Green Flash Brewery,-31.82,CA
34686,3/3/2013,Public Transportation - Bus Pass,-28.91,CA
34686,3/4/2013,Green Flash Brewery,-22.87,CA
34686,3/4/2013,Movie Ticket,-9.26,CA
34686,3/5/2013,Fisker Night Club,-30.02,CA
34686,3/5/2013,Karaoke Bar,-16.16,CA
34686,3/5/2013,Von's Groceries,-34.1,CA
34686,3/5/2013,Public Transportation - Train Pass,-31.46,CA
34686,3/6/2013,Concert Ticket,-15.86,CA
34686,3/7/2013,Ice Skating Rink,-35.05,CA
34686,3/8/2013,Concert Ticket,-33.7,CA
34686,3/8/2013,Public Transportation - Bus Pass,-17.97,CA
34686,3/8/2013,Taxi,-35.71,CA
34686,3/9/2013,Wine Bar,-27.52,CA
34686,3/9/2013,Owl Night Club,-31.58,CA
34686,3/9/2013,Lyft,-32.58,CA
34686,3/9/2013,Bowling,-11.21,CA
34686,3/10/2013,Ice Skating Rink,-32.37,CA
34686,3/11/2013,Rodriguez's Bar and Grill,-91.91,CA
34686,3/11/2013,Seaside Bar,-37.59,CA
34686,3/11/2013,Bowling,-33.26,CA
34686,3/11/2013,Ice Skating Rink,-7.72,CA
34686,3/11/2013,John's Bar & Restaurant,-26.49,CA
34686,3/11/2013,Green Flash Brewery,-27.91,CA
34686,3/11/2013,Wine Bar,-2.01,CA
34686,3/11/2013,Public Transportation - Bus Pass,-6.99,CA
34686,3/12/2013,Lyft,-35.11,CA
34686,3/12/2013,Uber,-17.58,CA
34686,3/12/2013,Lyft,-3.14,CA
34686,3/12/2013,Fisker Night Club,-3.98,CA
34686,3/12/2013,Uber,-117.58,CA
34686,3/13/2013,Karaoke Bar,-101.78,CA
34686,3/13/2013,Restaurant - Burgers,-117.8,CA
34686,3/13/2013,Uber,-84.18,CA
34686,3/13/2013,Taxi,-20.32,CA
34686,3/14/2013,Von's Groceries,-12.47,CA
34686,3/15/2013,Owl Night Club,-39.11,CA
34686,3/15/2013,Concert Ticket,-29.05,CA
34686,3/15/2013,Fisker Night Club,-16.4,CA
34686,3/15/2013,Restaurant - Pizza,-24.85,CA
34686,3/15/2013,Bowling,-113.96,CA
34686,3/15/2013,Movie Ticket,-62.93,CA
34686,3/15/2013,Whole Foods,-87.28,CA
34686,3/16/2013,Restaurant - Burgers,-39.09,CA
34686,3/16/2013,Public Transportation - Train Pass,-22.92,CA
34686,3/16/2013,Food Delivery - GrubHub,-32.72,CA
34686,3/16/2013,Restaurant - Pizza,-37.47,CA
34686,3/16/2013,Restaurant - Steakhouse,-15.13,CA
34686,3/16/2013,Bowling,-37.96,CA
34686,3/16/2013,Fisker Night Club,-31.66,CA
34686,3/16/2013,Taxi,-36.7,CA
34686,3/16/2013,Fisker Night Club,-16.58,CA
34686,3/17/2013,Bowling,-31.85,CA
34686,3/18/2013,Wine Bar,-14.5,CA
34686,3/18/2013,Owl Night Club,-33.27,CA
34686,3/18/2013,Lyft,-1.99,CA
34686,3/18/2013,Concert Ticket,-24.88,CA
34686,3/18/2013,Concert Ticket,-18.7,CA
34686,3/18/2013,Fisker Night Club,-30.32,CA
34686,3/18/2013,Ice Skating Rink,-35.93,CA
34686,3/18/2013,Sprouts Market,-0.11,CA
34686,3/19/2013,Karaoke Bar,-25.53,CA
34686,3/19/2013,Movie Ticket,-16.44,CA
34686,3/20/2013,Concert Ticket,-20.92,CA
34686,3/20/2013,Owl Night Club,-38.79,CA
34686,3/21/2013,Starbucks Coffee,-12.43,CA
34686,3/21/2013,Seaside Bar,-28.61,CA
34686,3/21/2013,John's Bar & Restaurant,-30.04,CA
34686,3/22/2013,Karaoke Bar,-29.74,CA
34686,3/23/2013,Restaurant - Steakhouse,-18.97,CA
34686,3/23/2013,Movie Ticket,-15.56,CA
34686,3/23/2013,Karaoke Bar,-4.19,CA
34686,3/23/2013,Concert Ticket,-20.59,CA
34686,3/24/2013,Uber,-13.74,CA
34686,3/24/2013,Taxi,-6.07,CA
34686,3/25/2013,Seaside Bar,-18.98,CA
34686,3/25/2013,Public Transportation - Bus Pass,-39.48,CA
34686,3/25/2013,Lyft,-29.09,CA
34686,3/25/2013,Karaoke Bar,-83.35,CA
34686,3/25/2013,Owl Night Club,-9.33,CA
34686,3/25/2013,Uber,-39.97,CA
34686,3/25/2013,Public Transportation - Bus Pass,-21.27,CA
34686,3/25/2013,Public Transportation - Train Pass,-47.51,CA
34686,3/25/2013,Ice Skating Rink,-64.02,CA
34686,3/25/2013,Bowling,-6.09,CA
34686,3/25/2013,Bowling,-12.29,CA
34686,3/26/2013,Fisker Night Club,-34.72,CA
34686,3/26/2013,Public Transportation - Bus Pass,-93.15,CA
34686,3/26/2013,Lyft,-15.59,CA
34686,3/26/2013,Rodriguez's Bar and Grill,-19.47,CA
34686,3/27/2013,Restaurant - Steakhouse,-14.56,CA
34686,3/28/2013,Ice Skating Rink,-35.14,CA
34686,3/28/2013,Owl Night Club,-27.48,CA
34686,3/29/2013,Fisker Night Club,-10.68,CA
34686,3/29/2013,Green Flash Brewery,-30.3,CA
34686,3/29/2013,Wine Bar,-112.94,CA
34686,3/29/2013,Ice Skating Rink,-30.04,CA
34686,3/30/2013,Wine Bar,-15.66,CA
34686,3/30/2013,Public Transportation - Train Pass,-7.74,CA
34686,4/2/2013,Paycheck,3988,CA
34686,4/2/2013,Housing Rent,-1102,CA
34686,4/2/2013,Credit Card Payment,-154,CA
34686,4/2/2013,Fisker Night Club,-16.13,CA
34686,4/3/2013,Restaurant - Pizza,-39.66,CA
34686,4/3/2013,Ralph's Grocery Store,-22.34,CA
34686,4/3/2013,Rodriguez's Bar and Grill,-32.72,CA
34686,4/3/2013,Wine Bar,-17.66,CA
34686,4/3/2013,Uber,-77.27,CA
34686,4/3/2013,Rodriguez's Bar and Grill,-22.2,CA
34686,4/3/2013,Bowling,-11.4,CA
34686,4/4/2013,Owl Night Club,-15.4,CA
34686,4/4/2013,Whole Foods,-1.92,CA
34686,4/5/2013,John's Bar & Restaurant,-21.46,CA
34686,4/5/2013,Taxi,-42.93,CA
34686,4/5/2013,John's Bar & Restaurant,-36.51,CA
34686,4/6/2013,Owl Night Club,-105.35,CA
34686,4/6/2013,Taxi,-37.82,CA
34686,4/6/2013,Wine Bar,-119.81,CA
34686,4/6/2013,Uber,-6.28,CA
34686,4/6/2013,Seaside Bar,-23.33,CA
34686,4/7/2013,Restaurant - Burgers,-35.71,CA
34686,4/7/2013,Owl Night Club,-38.5,CA
34686,4/8/2013,Taxi,-14.66,CA
34686,4/8/2013,Bowling,-9.76,CA
34686,4/8/2013,Movie Ticket,-15.02,CA
34686,4/8/2013,Uber,-31.98,CA
34686,4/8/2013,Concert Ticket,-46.58,CA
34686,4/8/2013,Fisker Night Club,-12.74,CA
34686,4/8/2013,Whole Foods,-66.7,CA
34686,4/8/2013,Rodriguez's Bar and Grill,-26.37,CA
34686,4/8/2013,Restaurant - Steakhouse,-3.11,CA
34686,4/8/2013,Bowling,-13.37,CA
34686,4/8/2013,Ice Skating Rink,-101.33,CA
34686,4/8/2013,Rodriguez's Bar and Grill,-20.45,CA
34686,4/8/2013,Ice Skating Rink,-13.62,CA
34686,4/9/2013,Green Flash Brewery,-111.35,CA
34686,4/10/2013,Ralph's Grocery Store,-12.49,CA
34686,4/10/2013,Owl Night Club,-85.61,CA
34686,4/10/2013,Restaurant - Chinese,-37.86,CA
34686,4/10/2013,Taxi,-27.53,CA
34686,4/11/2013,Bowling,-16.25,CA
34686,4/11/2013,Karaoke Bar,-22.69,CA
34686,4/11/2013,Von's Groceries,-18.79,CA
34686,4/11/2013,Rodriguez's Bar and Grill,-13.02,CA
34686,4/12/2013,Bowling,-6.53,CA
34686,4/12/2013,Green Flash Brewery,-37.05,CA
34686,4/12/2013,Green Flash Brewery,-1.89,CA
34686,4/12/2013,John's Bar & Restaurant,-8.74,CA
34686,4/13/2013,Rodriguez's Bar and Grill,-32.55,CA
34686,4/13/2013,Bowling,-23.23,CA
34686,4/13/2013,Green Flash Brewery,-26.23,CA
34686,4/13/2013,Wine Bar,-13.46,CA
34686,4/13/2013,Wine Bar,-0.78,CA
34686,4/13/2013,Concert Ticket,-53.83,CA
34686,4/14/2013,Ice Skating Rink,-0.43,CA
34686,4/14/2013,Taxi,-11.79,CA
34686,4/15/2013,Taxi,-2.39,CA
34686,4/16/2013,Owl Night Club,-17.02,CA
34686,4/16/2013,Taxi,-18.34,CA
34686,4/16/2013,Owl Night Club,-100.19,CA
34686,4/16/2013,Starbucks Coffee,-34.6,CA
34686,4/16/2013,Movie Ticket,-16.92,CA
34686,4/17/2013,Starbucks Coffee,-10.28,CA
34686,4/17/2013,Lyft,-30.18,CA
34686,4/18/2013,Restaurant - Pizza,-27.48,CA
34686,4/18/2013,Movie Ticket,-0.43,CA
34686,4/18/2013,Public Transportation - Train Pass,-21.31,CA
34686,4/18/2013,Restaurant - Steakhouse,-25.68,CA
34686,4/18/2013,Public Transportation - Bus Pass,-3.57,CA
34686,4/18/2013,Karaoke Bar,-27.17,CA
34686,4/18/2013,Wine Bar,-5.02,CA
34686,4/18/2013,Food Delivery - GrubHub,-33.99,CA
34686,4/18/2013,Karaoke Bar,-30.73,CA
34686,4/18/2013,Rodriguez's Bar and Grill,-14.86,CA
34686,4/18/2013,Von's Groceries,-37.01,CA
34686,4/18/2013,Green Flash Brewery,-16.64,CA
34686,4/18/2013,Ice Skating Rink,-18.72,CA
34686,4/19/2013,Wine Bar,-26.91,CA
34686,4/19/2013,Movie Ticket,-6,CA
34686,4/20/2013,Karaoke Bar,-16.94,CA
34686,4/20/2013,Fisker Night Club,-11.45,CA
34686,4/20/2013,Ice Skating Rink,-28.51,CA
34686,4/20/2013,Owl Night Club,-8.21,CA
34686,4/21/2013,Bowling,-16.94,CA
34686,4/21/2013,Restaurant - Pizza,-20.19,CA
34686,4/22/2013,Concert Ticket,-26.17,CA
34686,4/23/2013,Restaurant - Burgers,-2.21,CA
34686,4/23/2013,Movie Ticket,-39.16,CA
34686,4/23/2013,Rodriguez's Bar and Grill,-22.47,CA
34686,4/23/2013,Uber,-1.31,CA
34686,4/24/2013,Whole Foods,-25.77,CA
34686,4/25/2013,Owl Night Club,-6.51,CA
34686,4/25/2013,Owl Night Club,-3.3,CA
34686,4/26/2013,Rodriguez's Bar and Grill,-7.76,CA
34686,4/27/2013,Restaurant - Pizza,-68.6,CA
34686,4/27/2013,Restaurant - Steakhouse,-8,CA
34686,4/27/2013,John's Bar & Restaurant,-11.59,CA
34686,4/28/2013,Public Transportation - Train Pass,-13.88,CA
34686,4/28/2013,John's Bar & Restaurant,-52.37,CA
34686,4/28/2013,Whole Foods,-18.54,CA
34686,4/28/2013,Concert Ticket,-31.27,CA
34686,4/28/2013,Movie Ticket,-29.91,CA
34686,4/29/2013,Taxi,-7.18,CA
34686,4/29/2013,John's Bar & Restaurant,-4.13,CA
34686,4/29/2013,Starbucks Coffee,-39.79,CA
34686,4/29/2013,Bowling,-31.04,CA
34686,4/29/2013,Ralph's Grocery Store,-24.17,CA
34686,4/29/2013,Green Flash Brewery,-118.38,CA
34686,4/29/2013,Restaurant - Burgers,-14.84,CA
34686,4/29/2013,Movie Ticket,-31.61,CA
34686,4/29/2013,Movie Ticket,-36.37,CA
34686,4/30/2013,Concert Ticket,-6.56,CA
34686,4/30/2013,Uber,-6.76,CA
34686,5/2/2013,Paycheck,3988,CA
34686,5/2/2013,Housing Rent,-969,CA
34686,5/2/2013,Credit Card Payment,-154,CA
34686,5/2/2013,Concert Ticket,-17.96,CA
34686,5/3/2013,Wine Bar,-2.25,CA
34686,5/4/2013,Taxi,-106.91,CA
34686,5/4/2013,Starbucks Coffee,-118.34,CA
34686,5/4/2013,Starbucks Coffee,-3.88,CA
34686,5/4/2013,Taxi,-11.49,CA
34686,5/4/2013,Seaside Bar,-88.26,CA
34686,5/4/2013,Restaurant - Chinese,-34.95,CA
34686,5/4/2013,Ice Skating Rink,-37.26,CA
34686,5/5/2013,Seaside Bar,-12.19,CA
34686,5/5/2013,Rodriguez's Bar and Grill,-14.27,CA
34686,5/6/2013,Rodriguez's Bar and Grill,-15.05,CA
34686,5/6/2013,Public Transportation - Bus Pass,-39.89,CA
34686,5/6/2013,Green Flash Brewery,-29.38,CA
34686,5/6/2013,Von's Groceries,-17.38,CA
34686,5/6/2013,Owl Night Club,-23.37,CA
34686,5/6/2013,Taxi,-21.24,CA
34686,5/7/2013,Uber,-3.95,CA
34686,5/8/2013,Divorce Lawyer Fees,-8.87,CA
34686,5/8/2013,Comfort Inn,-38.23,CA
34686,5/8/2013,Best Western Hotel,-6.42,CA
34686,5/8/2013,Restaurant - Burgers,-32.13,CA
34686,5/8/2013,Ralph's Grocery Store,-37.34,CA
34686,5/8/2013,Green Flash Brewery,-20.19,CA
34686,5/8/2013,Lyft,-39.88,CA
34686,5/8/2013,Seaside Bar,-21.18,CA
34686,5/8/2013,Movie Ticket,-4.55,CA
34686,5/8/2013,Uber,-14.33,CA
34686,5/8/2013,Owl Night Club,-38.32,CA
34686,5/8/2013,Rodriguez's Bar and Grill,-109.57,CA
34686,5/9/2013,Wine Bar,-10.51,CA
34686,5/9/2013,Movie Ticket,-10.96,CA
34686,5/9/2013,Owl Night Club,-28.86,CA
34686,5/9/2013,Taxi,-35.75,CA
34686,5/9/2013,Restaurant - Chinese,-30.18,CA
34686,5/10/2013,Concert Ticket,-9.26,CA
34686,5/10/2013,Wine Bar,-89.9,CA
34686,5/10/2013,Restaurant - Chinese,-114.19,CA
34686,5/10/2013,Rodriguez's Bar and Grill,-5.81,CA
34686,5/10/2013,Concert Ticket,-13.91,CA
34686,5/11/2013,Rodriguez's Bar and Grill,-49.43,CA
34686,5/12/2013,Fisker Night Club,-15.63,CA
34686,5/13/2013,Owl Night Club,-61.37,CA
34686,5/13/2013,Uber,-118.56,CA
34686,5/14/2013,Whole Foods,-9.02,CA
34686,5/14/2013,Concert Ticket,-26.51,CA
34686,5/15/2013,Restaurant - Pizza,-62.15,CA
34686,5/15/2013,Public Transportation - Train Pass,-64.69,CA
34686,5/16/2013,Bowling,-20.8,CA
34686,5/16/2013,Restaurant - Pizza,-33.79,CA
34686,5/16/2013,Taxi,-1.36,CA
34686,5/16/2013,Karaoke Bar,-26,CA
34686,5/16/2013,Public Transportation - Train Pass,-8.94,CA
34686,5/16/2013,Ice Skating Rink,-29.44,CA
34686,5/16/2013,Lyft,-32.96,CA
34686,5/17/2013,Taxi,-27.32,CA
34686,5/17/2013,Ice Skating Rink,-7,CA
34686,5/17/2013,Wine Bar,-4.96,CA
34686,5/18/2013,Owl Night Club,-14.32,CA
34686,5/18/2013,Concert Ticket,-20.64,CA
34686,5/19/2013,Restaurant - Pizza,-21.78,CA
34686,5/20/2013,Fisker Night Club,-39.91,CA
34686,5/20/2013,Bowling,-91.5,CA
34686,5/20/2013,Green Flash Brewery,-14.24,CA
34686,5/20/2013,Green Flash Brewery,-2.41,CA
34686,5/21/2013,Restaurant - Chinese,-19.38,CA
34686,5/21/2013,John's Bar & Restaurant,-19.6,CA
34686,5/22/2013,Fisker Night Club,-17.41,CA
34686,5/22/2013,Uber,-23.85,CA
34686,5/22/2013,Uber,-57.54,CA
34686,5/22/2013,Starbucks Coffee,-34.69,CA
34686,5/22/2013,Taxi,-7.71,CA
34686,5/22/2013,Public Transportation - Bus Pass,-20.15,CA
34686,5/23/2013,Concert Ticket,-39.85,CA
34686,5/23/2013,Green Flash Brewery,-39.75,CA
34686,5/23/2013,Ice Skating Rink,-18.42,CA
34686,5/23/2013,Bowling,-28.68,CA
34686,5/23/2013,Rodriguez's Bar and Grill,-23.42,CA
34686,5/23/2013,Bowling,-17.26,CA
34686,5/24/2013,John's Bar & Restaurant,-25.05,CA
34686,5/24/2013,Wine Bar,-31.02,CA
34686,5/24/2013,Wine Bar,-33.71,CA
34686,5/24/2013,Seaside Bar,-59.49,CA
34686,5/25/2013,Uber,-32.12,CA
34686,5/25/2013,Concert Ticket,-49.96,CA
34686,5/25/2013,Seaside Bar,-18.96,CA
34686,5/26/2013,Concert Ticket,-43.84,CA
34686,5/26/2013,Ice Skating Rink,-24.59,CA
34686,5/26/2013,Taxi,-11.78,CA
34686,5/27/2013,Concert Ticket,-12.2,CA
34686,5/28/2013,Karaoke Bar,-11.95,CA
34686,5/28/2013,Fisker Night Club,-16.53,CA
34686,5/28/2013,Rodriguez's Bar and Grill,-82.5,CA
34686,5/29/2013,Seaside Bar,-6.22,CA
34686,5/29/2013,Bowling,-25.57,CA
34686,5/29/2013,Karaoke Bar,-7.2,CA
34686,5/29/2013,Public Transportation - Train Pass,-51.45,CA
34686,5/29/2013,Restaurant - Burgers,-30.09,CA
34686,5/29/2013,Rodriguez's Bar and Grill,-118.91,CA
34686,5/30/2013,Lyft,-24.48,CA
34686,5/30/2013,Green Flash Brewery,-19.6,CA
34686,6/2/2013,Paycheck,3988,CA
34686,6/2/2013,Housing Rent,-891,CA
34686,6/2/2013,Credit Card Payment,-154,CA
34686,6/2/2013,Lyft,-11.74,CA
34686,6/2/2013,Lyft,-52.49,CA
34686,6/2/2013,Concert Ticket,-50.51,CA
34686,6/2/2013,Green Flash Brewery,-26.88,CA
34686,6/2/2013,Wine Bar,-25.49,CA
34686,6/2/2013,Movie Ticket,-33.96,CA
34686,6/3/2013,Public Transportation - Train Pass,-112.86,CA
34686,6/3/2013,Fisker Night Club,-22.31,CA
34686,6/3/2013,Wine Bar,-54.21,CA
34686,6/4/2013,Fisker Night Club,-21.83,CA
34686,6/4/2013,Ralph's Grocery Store,-28.98,CA
34686,6/5/2013,Karaoke Bar,-8.18,CA
34686,6/5/2013,Rodriguez's Bar and Grill,-21.33,CA
34686,6/6/2013,Uber,-33.92,CA
34686,6/7/2013,Ice Skating Rink,-1.13,CA
34686,6/7/2013,Public Transportation - Train Pass,-1.07,CA
34686,6/8/2013,Restaurant - Pizza,-82.53,CA
34686,6/8/2013,Movie Ticket,-22.47,CA
34686,6/8/2013,John's Bar & Restaurant,-9.49,CA
34686,6/8/2013,Movie Ticket,-20.19,CA
34686,6/8/2013,Concert Ticket,-29.94,CA
34686,6/8/2013,Green Flash Brewery,-31.44,CA
34686,6/9/2013,John's Bar & Restaurant,-26.1,CA
34686,6/9/2013,Ice Skating Rink,-1.56,CA
34686,6/9/2013,John's Bar & Restaurant,-1.86,CA
34686,6/9/2013,Movie Ticket,-77.08,CA
34686,6/9/2013,Whole Foods,-19.82,CA
34686,6/9/2013,Green Flash Brewery,-20.75,CA
34686,6/10/2013,Restaurant - Steakhouse,-10.53,CA
34686,6/10/2013,Restaurant - Pizza,-22.19,CA
34686,6/11/2013,Karaoke Bar,-6.98,CA
34686,6/11/2013,John's Bar & Restaurant,-55.17,CA
34686,6/11/2013,Taxi,-10.1,CA
34686,6/11/2013,Sprouts Market,-34.47,CA
34686,6/11/2013,Fisker Night Club,-33.25,CA
34686,6/11/2013,Public Transportation - Bus Pass,-81.98,CA
34686,6/12/2013,Green Flash Brewery,-26.84,CA
34686,6/12/2013,Uber,-28.39,CA
34686,6/13/2013,Fisker Night Club,-60.56,CA
34686,6/13/2013,Rodriguez's Bar and Grill,-59.24,CA
34686,6/13/2013,Lyft,-98.61,CA
34686,6/14/2013,Green Flash Brewery,-9.31,CA
34686,6/14/2013,Movie Ticket,-20.58,CA
34686,6/14/2013,Lyft,-19.18,CA
34686,6/15/2013,Ice Skating Rink,-14.87,CA
34686,6/16/2013,Fisker Night Club,-66.22,CA
34686,6/16/2013,Public Transportation - Bus Pass,-16.92,CA
34686,6/16/2013,Movie Ticket,-13.69,CA
34686,6/16/2013,Rodriguez's Bar and Grill,-34.04,CA
34686,6/16/2013,Wine Bar,-26.77,CA
34686,6/16/2013,Ice Skating Rink,-14.08,CA
34686,6/17/2013,Bowling,-60.5,CA
34686,6/17/2013,Bowling,-28.96,CA
34686,6/17/2013,Green Flash Brewery,-15.98,CA
34686,6/18/2013,Von's Groceries,-32.89,CA
34686,6/18/2013,Fisker Night Club,-24.86,CA
34686,6/19/2013,John's Bar & Restaurant,-10.14,CA
34686,6/19/2013,Bowling,-29.55,CA
34686,6/20/2013,Public Transportation - Train Pass,-27.09,CA
34686,6/20/2013,Owl Night Club,-2.34,CA
34686,6/20/2013,Wine Bar,-10.62,CA
34686,6/20/2013,Karaoke Bar,-28.99,CA
34686,6/20/2013,Movie Ticket,-70.73,CA
34686,6/20/2013,Owl Night Club,-7.15,CA
34686,6/20/2013,Bowling,-0.5,CA
34686,6/20/2013,Rodriguez's Bar and Grill,-32.83,CA
34686,6/20/2013,Fisker Night Club,-23.74,CA
34686,6/20/2013,Wine Bar,-19.95,CA
34686,6/20/2013,Karaoke Bar,-37.54,CA
34686,6/20/2013,Taxi,-20.74,CA
34686,6/20/2013,Public Transportation - Bus Pass,-15.98,CA
34686,6/21/2013,Lyft,-25.55,CA
34686,6/21/2013,John's Bar & Restaurant,-35.03,CA
34686,6/21/2013,Wine Bar,-19.99,CA
34686,6/21/2013,Seaside Bar,-104.92,CA
34686,6/21/2013,Karaoke Bar,-9.67,CA
34686,6/21/2013,John's Bar & Restaurant,-34.04,CA
34686,6/21/2013,Public Transportation - Bus Pass,-12.71,CA
34686,6/21/2013,Restaurant - Chinese,-19.05,CA
34686,6/21/2013,Bowling,-8.47,CA
34686,6/22/2013,Movie Ticket,-18.5,CA
34686,6/22/2013,Ice Skating Rink,-4.64,CA
34686,6/22/2013,Taxi,-7.93,CA
34686,6/23/2013,Von's Groceries,-10.06,CA
34686,6/23/2013,Lyft,-0.8,CA
34686,6/23/2013,Movie Ticket,-24.14,CA
34686,6/23/2013,Rodriguez's Bar and Grill,-1.53,CA
34686,6/23/2013,Lyft,-28.77,CA
34686,6/23/2013,Lyft,-57.86,CA
34686,6/24/2013,Fisker Night Club,-34.29,CA
34686,6/24/2013,Concert Ticket,-9.68,CA
34686,6/24/2013,Ice Skating Rink,-14.4,CA
34686,6/24/2013,Wine Bar,-33.89,CA
34686,6/24/2013,Restaurant - Burgers,-117.9,CA
34686,6/24/2013,Bowling,-64.63,CA
34686,6/24/2013,John's Bar & Restaurant,-0.63,CA
34686,6/25/2013,Concert Ticket,-78.78,CA
34686,6/26/2013,Karaoke Bar,-106.46,CA
34686,6/26/2013,Concert Ticket,-1.06,CA
34686,6/27/2013,Rodriguez's Bar and Grill,-91.8,CA
34686,6/27/2013,John's Bar & Restaurant,-34.22,CA
34686,6/27/2013,Restaurant - Chinese,-31.33,CA
34686,6/27/2013,Wine Bar,-16.77,CA
34686,6/27/2013,Public Transportation - Train Pass,-23.06,CA
34686,6/28/2013,Restaurant - Burgers,-33.9,CA
34686,6/28/2013,Wine Bar,-9.22,CA
34686,6/28/2013,Fisker Night Club,-36.49,CA
34686,6/28/2013,Fisker Night Club,-34.29,CA
34686,6/28/2013,Seaside Bar,-39.35,CA
34686,6/29/2013,Wine Bar,-6.98,CA
34686,6/29/2013,Owl Night Club,-30.39,CA
34686,6/29/2013,Bowling,-3.4,CA
34686,6/29/2013,Taxi,-6.08,CA
34686,6/29/2013,Owl Night Club,-23.74,CA
34686,6/30/2013,Movie Ticket,-30.69,CA
34686,6/30/2013,Ice Skating Rink,-11.48,CA
34686,6/30/2013,Public Transportation - Bus Pass,-29.43,CA
34686,6/30/2013,Von's Groceries,-13.91,CA
34686,6/30/2013,Owl Night Club,-67.22,CA
34686,6/30/2013,Seaside Bar,-32.07,CA
34686,6/30/2013,Restaurant - Chinese,-37.73,CA
34686,6/30/2013,Food Delivery - GrubHub,-32.54,CA
34686,6/30/2013,Fisker Night Club,-47.02,CA
34686,7/2/2013,Paycheck,3988,CA
34686,7/2/2013,Housing Rent,-1246,CA
34686,7/2/2013,Credit Card Payment,-154,CA
34686,7/2/2013,Starbucks Coffee,-2.86,CA
34686,7/2/2013,Fisker Night Club,-17.87,CA
34686,7/3/2013,Karaoke Bar,-27.82,CA
34686,7/3/2013,Rodriguez's Bar and Grill,-38.39,CA
34686,7/3/2013,Restaurant - Pizza,-30.67,CA
34686,7/3/2013,Starbucks Coffee,-24.68,CA
34686,7/3/2013,Fisker Night Club,-24.94,CA
34686,7/4/2013,Lyft,-27.33,CA
34686,7/4/2013,Movie Ticket,-15.31,CA
34686,7/4/2013,Seaside Bar,-36.3,CA
34686,7/5/2013,Restaurant - Burgers,-0.42,CA
34686,7/5/2013,John's Bar & Restaurant,-38.59,CA
34686,7/6/2013,Public Transportation - Bus Pass,-32.85,CA
34686,7/6/2013,Public Transportation - Train Pass,-119.26,CA
34686,7/6/2013,Taxi,-19.41,CA
34686,7/6/2013,Karaoke Bar,-14.42,CA
34686,7/7/2013,Ice Skating Rink,-21.87,CA
34686,7/7/2013,Owl Night Club,-29.39,CA
34686,7/7/2013,Bowling,-30.68,CA
34686,7/7/2013,Seaside Bar,-20.89,CA
34686,7/7/2013,Wine Bar,-10.06,CA
34686,7/7/2013,Rodriguez's Bar and Grill,-33.45,CA
34686,7/7/2013,Public Transportation - Bus Pass,-30.32,CA
34686,7/7/2013,Green Flash Brewery,-29.78,CA
34686,7/7/2013,Karaoke Bar,-1.8,CA
34686,7/7/2013,Rodriguez's Bar and Grill,-35.78,CA
34686,7/7/2013,Wine Bar,-1.81,CA
34686,7/8/2013,Von's Groceries,-35.69,CA
34686,7/9/2013,Green Flash Brewery,-14.27,CA
34686,7/10/2013,Uber,-7.3,CA
34686,7/10/2013,Bowling,-32.74,CA
34686,7/10/2013,Restaurant - Burgers,-16.71,CA
34686,7/10/2013,Movie Ticket,-8.3,CA
34686,7/10/2013,Concert Ticket,-0.48,CA
34686,7/10/2013,Green Flash Brewery,-22.61,CA
34686,7/10/2013,Wine Bar,-30.24,CA
34686,7/10/2013,Restaurant - Chinese,-2.57,CA
34686,7/11/2013,Ice Skating Rink,-26.08,CA
34686,7/11/2013,Ice Skating Rink,-99.52,CA
34686,7/11/2013,Fisker Night Club,-16.38,CA
34686,7/11/2013,Concert Ticket,-5.24,CA
34686,7/11/2013,Green Flash Brewery,-4.24,CA
34686,7/11/2013,Public Transportation - Train Pass,-17.63,CA
34686,7/11/2013,Von's Groceries,-37.95,CA
34686,7/11/2013,Wine Bar,-13.27,CA
34686,7/11/2013,Restaurant - Burgers,-114.93,CA
34686,7/11/2013,Ice Skating Rink,-23.75,CA
34686,7/11/2013,Concert Ticket,-27.12,CA
34686,7/12/2013,Owl Night Club,-21.66,CA
34686,7/13/2013,Taxi,-21.53,CA
34686,7/13/2013,Ice Skating Rink,-22.96,CA
34686,7/13/2013,Bowling,-30.17,CA
34686,7/13/2013,Green Flash Brewery,-20.82,CA
34686,7/13/2013,Public Transportation - Bus Pass,-4.61,CA
34686,7/13/2013,Starbucks Coffee,-33.3,CA
34686,7/13/2013,Karaoke Bar,-28.72,CA
34686,7/13/2013,Green Flash Brewery,-4.35,CA
34686,7/13/2013,Seaside Bar,-34.24,CA
34686,7/14/2013,Lyft,-18.2,CA
34686,7/14/2013,Von's Groceries,-12.62,CA
34686,7/15/2013,Starbucks Coffee,-6.65,CA
34686,7/16/2013,Movie Ticket,-17.74,CA
34686,7/16/2013,Whole Foods,-8.77,CA
34686,7/17/2013,Restaurant - Burgers,-7.09,CA
34686,7/18/2013,Public Transportation - Train Pass,-84.8,CA
34686,7/18/2013,Lyft,-35.4,CA
34686,7/19/2013,Concert Ticket,-82.97,CA
34686,7/19/2013,Von's Groceries,-23.24,CA
34686,7/19/2013,Karaoke Bar,-8.95,CA
34686,7/19/2013,John's Bar & Restaurant,-34.06,CA
34686,7/19/2013,Wine Bar,-37.17,CA
34686,7/20/2013,Lyft,-4.65,CA
34686,7/20/2013,Seaside Bar,-21.66,CA
34686,7/20/2013,Karaoke Bar,-19.9,CA
34686,7/20/2013,Concert Ticket,-16.61,CA
34686,7/21/2013,Lyft,-28.7,CA
34686,7/21/2013,Public Transportation - Bus Pass,-27.74,CA
34686,7/21/2013,Ice Skating Rink,-18.1,CA
34686,7/21/2013,Sprouts Market,-38.81,CA
34686,7/21/2013,Ice Skating Rink,-17.11,CA
34686,7/21/2013,Movie Ticket,-25.75,CA
34686,7/22/2013,Fisker Night Club,-50.36,CA
34686,7/22/2013,Ice Skating Rink,-34.18,CA
34686,7/23/2013,Lyft,-49.81,CA
34686,7/23/2013,Rodriguez's Bar and Grill,-74.77,CA
34686,7/23/2013,Taxi,-39.69,CA
34686,7/24/2013,Taxi,-9.89,CA
34686,7/25/2013,Wine Bar,-11.54,CA
34686,7/25/2013,Owl Night Club,-10.02,CA
34686,7/25/2013,Fisker Night Club,-79.84,CA
34686,7/25/2013,Starbucks Coffee,-1.68,CA
34686,7/25/2013,Rodriguez's Bar and Grill,-7.22,CA
34686,7/26/2013,Lyft,-24.45,CA
34686,7/26/2013,Fisker Night Club,-8.14,CA
34686,7/26/2013,Bowling,-11.21,CA
34686,7/26/2013,Taxi,-3.3,CA
34686,7/26/2013,Bowling,-34.64,CA
34686,7/27/2013,Wine Bar,-31.14,CA
34686,7/27/2013,Movie Ticket,-88.97,CA
34686,7/27/2013,Ralph's Grocery Store,-39.9,CA
34686,7/27/2013,Karaoke Bar,-11.52,CA
34686,7/28/2013,Wine Bar,-15.91,CA
34686,7/29/2013,Restaurant - Chinese,-23.55,CA
34686,7/29/2013,Wine Bar,-100.69,CA
34686,7/30/2013,Movie Ticket,-20.48,CA
34686,7/30/2013,Restaurant - Steakhouse,-32.36,CA
34686,7/30/2013,Movie Ticket,-1.61,CA
34686,7/30/2013,Uber,-106.37,CA
34686,8/2/2013,Paycheck,3988,CA
34686,8/2/2013,Housing Rent,-1181,CA
34686,8/2/2013,Credit Card Payment,-154,CA
34686,8/2/2013,Concert Ticket,-33.36,CA
34686,8/2/2013,Ice Skating Rink,-31.3,CA
34686,8/2/2013,Public Transportation - Train Pass,-1.91,CA
34686,8/3/2013,Public Transportation - Bus Pass,-110.71,CA
34686,8/4/2013,Wine Bar,-24.22,CA
34686,8/5/2013,Ralph's Grocery Store,-23.98,CA
34686,8/6/2013,Bowling,-18.56,CA
34686,8/6/2013,Ice Skating Rink,-85.19,CA
34686,8/6/2013,Concert Ticket,-23.57,CA
34686,8/6/2013,Fisker Night Club,-17.47,CA
34686,8/7/2013,Bowling,-32.68,CA
34686,8/7/2013,Restaurant - Steakhouse,-18.74,CA
34686,8/7/2013,Movie Ticket,-79.77,CA
34686,8/8/2013,Karaoke Bar,-27.65,CA
34686,8/9/2013,Wine Bar,-19.3,CA
34686,8/10/2013,Food Delivery - GrubHub,-23.83,CA
34686,8/10/2013,Karaoke Bar,-29.88,CA
34686,8/11/2013,Ralph's Grocery Store,-65.76,CA
34686,8/11/2013,Starbucks Coffee,-19.89,CA
34686,8/12/2013,Restaurant - Burgers,-31.47,CA
34686,8/12/2013,Fisker Night Club,-19.82,CA
34686,8/12/2013,Wine Bar,-10.51,CA
34686,8/12/2013,Wine Bar,-38.74,CA
34686,8/12/2013,Movie Ticket,-17.2,CA
34686,8/12/2013,Restaurant - Burgers,-0.54,CA
34686,8/12/2013,Bowling,-12.76,CA
34686,8/13/2013,Rodriguez's Bar and Grill,-9.83,CA
34686,8/13/2013,Owl Night Club,-0.44,CA
34686,8/13/2013,Karaoke Bar,-12.44,CA
34686,8/13/2013,Bowling,-71.43,CA
34686,8/14/2013,Public Transportation - Bus Pass,-38.47,CA
34686,8/15/2013,Fisker Night Club,-11.23,CA
34686,8/15/2013,Ice Skating Rink,-27,CA
34686,8/15/2013,Public Transportation - Train Pass,-100.14,CA
34686,8/15/2013,Von's Groceries,-37.25,CA
34686,8/15/2013,Uber,-13.72,CA
34686,8/15/2013,Lyft,-36.26,CA
34686,8/15/2013,Restaurant - Pizza,-19.74,CA
34686,8/15/2013,Movie Ticket,-19.09,CA
34686,8/15/2013,Taxi,-109.99,CA
34686,8/16/2013,Fisker Night Club,-31.65,CA
34686,8/16/2013,Fisker Night Club,-33.93,CA
34686,8/16/2013,John's Bar & Restaurant,-22,CA
34686,8/16/2013,Restaurant - Steakhouse,-12.08,CA
34686,8/16/2013,Concert Ticket,-22.1,CA
34686,8/17/2013,Taxi,-23.19,CA
34686,8/17/2013,Movie Ticket,-26.8,CA
34686,8/17/2013,Ice Skating Rink,-115.8,CA
34686,8/17/2013,Uber,-14.84,CA
34686,8/18/2013,Green Flash Brewery,-26.85,CA
34686,8/18/2013,Seaside Bar,-27.32,CA
34686,8/18/2013,Karaoke Bar,-21.01,CA
34686,8/19/2013,Rodriguez's Bar and Grill,-37.3,CA
34686,8/19/2013,Fisker Night Club,-14.78,CA
34686,8/20/2013,Public Transportation - Bus Pass,-9.19,CA
34686,8/20/2013,Owl Night Club,-2.77,CA
34686,8/20/2013,Taxi,-1.65,CA
34686,8/20/2013,Ice Skating Rink,-102.6,CA
34686,8/20/2013,Restaurant - Chinese,-35.34,CA
34686,8/20/2013,Wine Bar,-37.84,CA
34686,8/20/2013,Food Delivery - GrubHub,-6.46,CA
34686,8/20/2013,Sprouts Market,-1.48,CA
34686,8/20/2013,Green Flash Brewery,-8.11,CA
34686,8/20/2013,Owl Night Club,-34.89,CA
34686,8/20/2013,Green Flash Brewery,-35.08,CA
34686,8/20/2013,Restaurant - Chinese,-30.53,CA
34686,8/20/2013,Concert Ticket,-4.67,CA
34686,8/21/2013,Concert Ticket,-44.66,CA
34686,8/21/2013,Von's Groceries,-78.33,CA
34686,8/22/2013,Seaside Bar,-17.32,CA
34686,8/23/2013,Karaoke Bar,-13.93,CA
34686,8/23/2013,Wine Bar,-16.07,CA
34686,8/23/2013,John's Bar & Restaurant,-23.57,CA
34686,8/24/2013,Movie Ticket,-23.95,CA
34686,8/24/2013,Karaoke Bar,-32.03,CA
34686,8/24/2013,Taxi,-21.54,CA
34686,8/25/2013,Movie Ticket,-29.01,CA
34686,8/26/2013,Taxi,-68.15,CA
34686,8/26/2013,Wine Bar,-89.37,CA
34686,8/26/2013,Uber,-33.55,CA
34686,8/26/2013,Uber,-26.94,CA
34686,8/26/2013,Public Transportation - Train Pass,-22.2,CA
34686,8/26/2013,Concert Ticket,-19.78,CA
34686,8/27/2013,John's Bar & Restaurant,-26.57,CA
34686,8/27/2013,Concert Ticket,-14.55,CA
34686,8/27/2013,Green Flash Brewery,-28.71,CA
34686,8/27/2013,Green Flash Brewery,-27.59,CA
34686,8/27/2013,Bowling,-35.44,CA
34686,8/28/2013,Owl Night Club,-67.41,CA
34686,8/28/2013,Starbucks Coffee,-56.24,CA
34686,8/28/2013,Uber,-41.75,CA
34686,8/28/2013,Seaside Bar,-34.02,CA
34686,8/28/2013,Karaoke Bar,-17.21,CA
34686,8/28/2013,Restaurant - Steakhouse,-29.29,CA
34686,8/29/2013,Rodriguez's Bar and Grill,-15.58,CA
34686,8/29/2013,Uber,-9.71,CA
34686,8/29/2013,Public Transportation - Bus Pass,-7.35,CA
34686,8/29/2013,Whole Foods,-21.24,CA
34686,8/29/2013,Food Delivery - GrubHub,-19.11,CA
34686,8/30/2013,Public Transportation - Bus Pass,-107.96,CA
34686,9/2/2013,Paycheck,3988,CA
34686,9/2/2013,Housing Rent,-897,CA
34686,9/2/2013,Credit Card Payment,-154,CA
34686,9/2/2013,John's Bar & Restaurant,-37.88,CA
34686,9/2/2013,Movie Ticket,-33.16,CA
34686,9/2/2013,Public Transportation - Bus Pass,-99.68,CA
34686,9/3/2013,Owl Night Club,-86.44,CA
34686,9/3/2013,Lyft,-113.17,CA
34686,9/4/2013,Seaside Bar,-33.33,CA
34686,9/4/2013,Rodriguez's Bar and Grill,-39.52,CA
34686,9/4/2013,Restaurant - Steakhouse,-24.23,CA
34686,9/5/2013,Fisker Night Club,-6.59,CA
34686,9/5/2013,Public Transportation - Train Pass,-10.4,CA
34686,9/5/2013,Lyft,-36.17,CA
34686,9/6/2013,Bowling,-79.33,CA
34686,9/6/2013,Green Flash Brewery,-7.15,CA
34686,9/6/2013,Bowling,-14.79,CA
34686,9/6/2013,Karaoke Bar,-8.26,CA
34686,9/7/2013,Public Transportation - Bus Pass,-18.55,CA
34686,9/8/2013,Taxi,-25.7,CA
34686,9/8/2013,Ice Skating Rink,-27.43,CA
34686,9/8/2013,Concert Ticket,-76.1,CA
34686,9/8/2013,Rodriguez's Bar and Grill,-35.25,CA
34686,9/9/2013,Uber,-96.41,CA
34686,9/9/2013,Public Transportation - Train Pass,-3.54,CA
34686,9/9/2013,John's Bar & Restaurant,-8,CA
34686,9/9/2013,John's Bar & Restaurant,-27.22,CA
34686,9/9/2013,Taxi,-25.24,CA
34686,9/9/2013,Restaurant - Steakhouse,-33.86,CA
34686,9/9/2013,Von's Groceries,-15.97,CA
34686,9/9/2013,Uber,-2.35,CA
34686,9/9/2013,Public Transportation - Bus Pass,-37.09,CA
34686,9/9/2013,Owl Night Club,-17.09,CA
34686,9/10/2013,Seaside Bar,-38.54,CA
34686,9/10/2013,Owl Night Club,-26.77,CA
34686,9/11/2013,Wine Bar,-1.21,CA
34686,9/12/2013,Rodriguez's Bar and Grill,-42.31,CA
34686,9/12/2013,Karaoke Bar,-108.52,CA
34686,9/13/2013,Rodriguez's Bar and Grill,-32.27,CA
34686,9/13/2013,Uber,-39.02,CA
34686,9/14/2013,Food Delivery - GrubHub,-82.39,CA
34686,9/14/2013,Movie Ticket,-35.85,CA
34686,9/14/2013,Food Delivery - GrubHub,-62.93,CA
34686,9/15/2013,Lyft,-8.61,CA
34686,9/15/2013,John's Bar & Restaurant,-9.74,CA
34686,9/15/2013,Concert Ticket,-93.13,CA
34686,9/15/2013,Movie Ticket,-28.03,CA
34686,9/15/2013,Karaoke Bar,-25.38,CA
34686,9/15/2013,Owl Night Club,-37.29,CA
34686,9/15/2013,Wine Bar,-10.14,CA
34686,9/15/2013,Fisker Night Club,-6.06,CA
34686,9/15/2013,Green Flash Brewery,-80.27,CA
34686,9/15/2013,Food Delivery - GrubHub,-6.74,CA
34686,9/15/2013,Ice Skating Rink,-17.65,CA
34686,9/16/2013,Karaoke Bar,-21.89,CA
34686,9/16/2013,Public Transportation - Train Pass,-14.03,CA
34686,9/16/2013,Uber,-14.33,CA
34686,9/17/2013,Food Delivery - GrubHub,-57.03,CA
34686,9/17/2013,Ralph's Grocery Store,-8.52,CA
34686,9/18/2013,Sprouts Market,-27.35,CA
34686,9/18/2013,Ralph's Grocery Store,-32.51,CA
34686,9/18/2013,Movie Ticket,-37.57,CA
34686,9/18/2013,Public Transportation - Bus Pass,-33.45,CA
34686,9/19/2013,Karaoke Bar,-0.22,CA
34686,9/20/2013,Whole Foods,-1.32,CA
34686,9/20/2013,Movie Ticket,-21,CA
34686,9/21/2013,Restaurant - Steakhouse,-18.8,CA
34686,9/21/2013,Lyft,-14.83,CA
34686,9/21/2013,Wine Bar,-23.36,CA
34686,9/22/2013,Green Flash Brewery,-32.06,CA
34686,9/22/2013,Fisker Night Club,-32.32,CA
34686,9/23/2013,Rodriguez's Bar and Grill,-82.53,CA
34686,9/23/2013,Lyft,-26.16,CA
34686,9/23/2013,Karaoke Bar,-35.33,CA
34686,9/23/2013,Uber,-12.86,CA
34686,9/23/2013,Public Transportation - Bus Pass,-36.91,CA
34686,9/23/2013,Restaurant - Steakhouse,-14.29,CA
34686,9/23/2013,Uber,-39.56,CA
34686,9/23/2013,Movie Ticket,-2.4,CA
34686,9/23/2013,Von's Groceries,-29.08,CA
34686,9/23/2013,Restaurant - Pizza,-39.43,CA
34686,9/23/2013,Bowling,-14.29,CA
34686,9/23/2013,Movie Ticket,-98.64,CA
34686,9/23/2013,Concert Ticket,-32.05,CA
34686,9/23/2013,Taxi,-14.65,CA
34686,9/23/2013,Lyft,-36.23,CA
34686,9/23/2013,Ralph's Grocery Store,-10.39,CA
34686,9/23/2013,Movie Ticket,-49.05,CA
34686,9/23/2013,Lyft,-10.67,CA
34686,9/23/2013,Wine Bar,-29.86,CA
34686,9/23/2013,Von's Groceries,-16.74,CA
34686,9/23/2013,Green Flash Brewery,-32.4,CA
34686,9/24/2013,Sprouts Market,-6.53,CA
34686,9/24/2013,Bowling,-6.17,CA
34686,9/24/2013,Lyft,-5.87,CA
34686,9/25/2013,Public Transportation - Train Pass,-8.61,CA
34686,9/25/2013,Wine Bar,-16.62,CA
34686,9/25/2013,Ralph's Grocery Store,-33.47,CA
34686,9/25/2013,Owl Night Club,-36.49,CA
34686,9/26/2013,Wine Bar,-79.1,CA
34686,9/26/2013,Karaoke Bar,-24.78,CA
34686,9/27/2013,Seaside Bar,-27.83,CA
34686,9/27/2013,Restaurant - Steakhouse,-86.49,CA
34686,9/28/2013,Public Transportation - Bus Pass,-49.17,CA
34686,9/28/2013,Green Flash Brewery,-4.65,CA
34686,9/28/2013,Concert Ticket,-22.28,CA
34686,9/28/2013,Fisker Night Club,-4.31,CA
34686,9/28/2013,Wine Bar,-91.09,CA
34686,9/28/2013,Taxi,-15.16,CA
34686,9/28/2013,Bowling,-21.6,CA
34686,9/28/2013,Wine Bar,-31.33,CA
34686,9/28/2013,Ralph's Grocery Store,-35.31,CA
34686,9/28/2013,Taxi,-39.76,CA
34686,9/28/2013,Uber,-19.73,CA
34686,9/28/2013,Rodriguez's Bar and Grill,-7.3,CA
34686,9/28/2013,Concert Ticket,-21.64,CA
34686,9/29/2013,Fisker Night Club,-27.58,CA
34686,9/29/2013,Starbucks Coffee,-36.38,CA
34686,9/30/2013,Bowling,-4.71,CA
34686,10/2/2013,Paycheck,3988,CA
34686,10/2/2013,Housing Rent,-954,CA
34686,10/2/2013,Credit Card Payment,-154,CA
34686,10/2/2013,John's Bar & Restaurant,-11.59,CA
34686,10/2/2013,Rodriguez's Bar and Grill,-26.92,CA
34686,10/2/2013,Ice Skating Rink,-32.01,CA
34686,10/2/2013,Karaoke Bar,-22.52,CA
34686,10/2/2013,Food Delivery - GrubHub,-34.2,CA
34686,10/2/2013,Sprouts Market,-6.28,CA
34686,10/3/2013,Wine Bar,-28.75,CA
34686,10/3/2013,Ice Skating Rink,-44.36,CA
34686,10/3/2013,Green Flash Brewery,-11.88,CA
34686,10/3/2013,Wine Bar,-19.68,CA
34686,10/3/2013,Green Flash Brewery,-21.15,CA
34686,10/4/2013,Karaoke Bar,-1.92,CA
34686,10/4/2013,Fisker Night Club,-0.37,CA
34686,10/4/2013,Ice Skating Rink,-34.21,CA
34686,10/4/2013,Public Transportation - Train Pass,-16.15,CA
34686,10/5/2013,Ice Skating Rink,-11.02,CA
34686,10/6/2013,Ice Skating Rink,-8.94,CA
34686,10/7/2013,Public Transportation - Train Pass,-25.38,CA
34686,10/7/2013,Ice Skating Rink,-59.93,CA
34686,10/7/2013,Taxi,-38.35,CA
34686,10/8/2013,Bowling,-54.76,CA
34686,10/8/2013,Fisker Night Club,-28.54,CA
34686,10/9/2013,Movie Ticket,-37.64,CA
34686,10/9/2013,Owl Night Club,-97.25,CA
34686,10/10/2013,Rodriguez's Bar and Grill,-35.95,CA
34686,10/10/2013,John's Bar & Restaurant,-22.57,CA
34686,10/10/2013,Concert Ticket,-36.72,CA
34686,10/11/2013,Public Transportation - Bus Pass,-27.63,CA
34686,10/11/2013,Uber,-19.38,CA
34686,10/12/2013,John's Bar & Restaurant,-37.27,CA
34686,10/12/2013,John's Bar & Restaurant,-35.84,CA
34686,10/12/2013,Taxi,-15.96,CA
34686,10/13/2013,Restaurant - Steakhouse,-43.56,CA
34686,10/13/2013,Taxi,-25.84,CA
34686,10/13/2013,Ice Skating Rink,-22.67,CA
34686,10/13/2013,Lyft,-24.1,CA
34686,10/14/2013,Taxi,-116.08,CA
34686,10/14/2013,Rodriguez's Bar and Grill,-36.93,CA
34686,10/14/2013,Concert Ticket,-6.98,CA
34686,10/14/2013,Owl Night Club,-19.69,CA
34686,10/14/2013,Ice Skating Rink,-6.21,CA
34686,10/14/2013,Uber,-97.19,CA
34686,10/14/2013,Seaside Bar,-2.13,CA
34686,10/14/2013,Green Flash Brewery,-73.95,CA
34686,10/15/2013,Owl Night Club,-16.49,CA
34686,10/15/2013,Restaurant - Pizza,-17.83,CA
34686,10/15/2013,Movie Ticket,-61.96,CA
34686,10/15/2013,Lyft,-30.55,CA
34686,10/15/2013,Food Delivery - GrubHub,-62.88,CA
34686,10/15/2013,Green Flash Brewery,-17.81,CA
34686,10/15/2013,Ice Skating Rink,-3.43,CA
34686,10/15/2013,Rodriguez's Bar and Grill,-80.25,CA
34686,10/15/2013,Concert Ticket,-9.49,CA
34686,10/15/2013,Food Delivery - GrubHub,-23.9,CA
34686,10/16/2013,Lyft,-28.32,CA
34686,10/16/2013,Owl Night Club,-9.15,CA
34686,10/16/2013,Starbucks Coffee,-19.58,CA
34686,10/16/2013,Public Transportation - Train Pass,-107.14,CA
34686,10/17/2013,Fisker Night Club,-26.15,CA
34686,10/17/2013,John's Bar & Restaurant,-80.87,CA
34686,10/17/2013,Green Flash Brewery,-23.18,CA
34686,10/17/2013,Starbucks Coffee,-52.75,CA
34686,10/17/2013,Restaurant - Burgers,-1.39,CA
34686,10/18/2013,Karaoke Bar,-34.04,CA
34686,10/18/2013,Seaside Bar,-9.41,CA
34686,10/19/2013,Restaurant - Chinese,-2.8,CA
34686,10/19/2013,Restaurant - Burgers,-51.86,CA
34686,10/19/2013,John's Bar & Restaurant,-25.91,CA
34686,10/20/2013,Von's Groceries,-48.58,CA
34686,10/20/2013,Karaoke Bar,-18.39,CA
34686,10/20/2013,Bowling,-21.24,CA
34686,10/21/2013,Ice Skating Rink,-6.69,CA
34686,10/21/2013,Owl Night Club,-30.65,CA
34686,10/21/2013,Green Flash Brewery,-24.42,CA
34686,10/21/2013,Movie Ticket,-20.67,CA
34686,10/21/2013,Karaoke Bar,-6.82,CA
34686,10/21/2013,Bowling,-22.32,CA
34686,10/21/2013,Public Transportation - Train Pass,-29.82,CA
34686,10/22/2013,Public Transportation - Train Pass,-5.53,CA
34686,10/23/2013,Concert Ticket,-6.48,CA
34686,10/23/2013,Bowling,-23.47,CA
34686,10/23/2013,Rodriguez's Bar and Grill,-33.84,CA
34686,10/23/2013,Starbucks Coffee,-38.32,CA
34686,10/23/2013,Movie Ticket,-7.75,CA
34686,10/23/2013,Public Transportation - Bus Pass,-9.95,CA
34686,10/23/2013,Rodriguez's Bar and Grill,-18.52,CA
34686,10/24/2013,Fisker Night Club,-22.2,CA
34686,10/25/2013,Owl Night Club,-12.94,CA
34686,10/25/2013,Ice Skating Rink,-13.45,CA
34686,10/25/2013,Karaoke Bar,-2.39,CA
34686,10/26/2013,Lyft,-11.34,CA
34686,10/27/2013,Owl Night Club,-62,CA
34686,10/28/2013,Seaside Bar,-4.3,CA
34686,10/29/2013,Fisker Night Club,-36.56,CA
34686,10/30/2013,Sprouts Market,-27.02,CA
34686,11/2/2013,Paycheck,3988,CA
34686,11/2/2013,Housing Rent,-926,CA
34686,11/2/2013,Credit Card Payment,-154,CA
34686,11/2/2013,Movie Ticket,-8.46,CA
34686,11/2/2013,Ralph's Grocery Store,-25.13,CA
34686,11/2/2013,Rodriguez's Bar and Grill,-36.39,CA
34686,11/3/2013,Fisker Night Club,-34.31,CA
34686,11/3/2013,Bowling,-14.54,CA
34686,11/3/2013,Wine Bar,-3.24,CA
34686,11/3/2013,Taxi,-37.92,CA
34686,11/3/2013,Rodriguez's Bar and Grill,-71.25,CA
34686,11/3/2013,Public Transportation - Train Pass,-14.26,CA
34686,11/3/2013,Ice Skating Rink,-28.23,CA
34686,11/3/2013,Restaurant - Steakhouse,-61.63,CA
34686,11/4/2013,Restaurant - Chinese,-12.38,CA
34686,11/5/2013,Seaside Bar,-95.75,CA
34686,11/5/2013,Restaurant - Burgers,-16.47,CA
34686,11/6/2013,Lyft,-17.09,CA
34686,11/6/2013,Owl Night Club,-111.94,CA
34686,11/6/2013,Lyft,-5.08,CA
34686,11/7/2013,Ralph's Grocery Store,-13.55,CA
34686,11/7/2013,Bowling,-93.6,CA
34686,11/7/2013,Uber,-1.67,CA
34686,11/7/2013,Public Transportation - Train Pass,-16.36,CA
34686,11/7/2013,Sprouts Market,-6.92,CA
34686,11/7/2013,John's Bar & Restaurant,-22.12,CA
34686,11/8/2013,Food Delivery - GrubHub,-29.44,CA
34686,11/8/2013,Uber,-15.32,CA
34686,11/9/2013,Uber,-30.33,CA
34686,11/9/2013,Seaside Bar,-25.68,CA
34686,11/9/2013,Whole Foods,-9.03,CA
34686,11/9/2013,Taxi,-38.47,CA
34686,11/9/2013,Whole Foods,-8.18,CA
34686,11/9/2013,Public Transportation - Train Pass,-18.99,CA
34686,11/9/2013,Public Transportation - Bus Pass,-24.66,CA
34686,11/9/2013,Rodriguez's Bar and Grill,-34.12,CA
34686,11/10/2013,Public Transportation - Bus Pass,-10.86,CA
34686,11/11/2013,Seaside Bar,-8.19,CA
34686,11/11/2013,Sprouts Market,-14.12,CA
34686,11/11/2013,Bowling,-4.02,CA
34686,11/11/2013,John's Bar & Restaurant,-4.12,CA
34686,11/11/2013,Fisker Night Club,-62.48,CA
34686,11/11/2013,Owl Night Club,-72.69,CA
34686,11/11/2013,Owl Night Club,-8.34,CA
34686,11/12/2013,Taxi,-106.06,CA
34686,11/12/2013,John's Bar & Restaurant,-96.49,CA
34686,11/13/2013,Ice Skating Rink,-8.49,CA
34686,11/13/2013,Public Transportation - Bus Pass,-37.44,CA
34686,11/13/2013,Green Flash Brewery,-17.21,CA
34686,11/14/2013,Bowling,-22.93,CA
34686,11/15/2013,Lyft,-8.42,CA
34686,11/15/2013,Restaurant - Burgers,-26.32,CA
34686,11/15/2013,Fisker Night Club,-27.23,CA
34686,11/15/2013,Food Delivery - GrubHub,-39.53,CA
34686,11/15/2013,Concert Ticket,-9.34,CA
34686,11/16/2013,John's Bar & Restaurant,-18.96,CA
34686,11/16/2013,Fisker Night Club,-15.96,CA
34686,11/16/2013,Uber,-31.61,CA
34686,11/16/2013,Seaside Bar,-33.08,CA
34686,11/16/2013,Karaoke Bar,-5.56,CA
34686,11/16/2013,Bowling,-5.23,CA
34686,11/16/2013,Seaside Bar,-47.57,CA
34686,11/16/2013,Green Flash Brewery,-23.2,CA
34686,11/16/2013,Fisker Night Club,-39.58,CA
34686,11/16/2013,John's Bar & Restaurant,-15.47,CA
34686,11/16/2013,Karaoke Bar,-36.91,CA
34686,11/17/2013,Green Flash Brewery,-33.77,CA
34686,11/17/2013,Seaside Bar,-35.14,CA
34686,11/17/2013,Uber,-9.43,CA
34686,11/17/2013,Rodriguez's Bar and Grill,-3.34,CA
34686,11/18/2013,Public Transportation - Train Pass,-44.31,CA
34686,11/19/2013,Food Delivery - GrubHub,-33.45,CA
34686,11/19/2013,Concert Ticket,-39.09,CA
34686,11/19/2013,Ice Skating Rink,-38.06,CA
34686,11/19/2013,Uber,-6.41,CA
34686,11/19/2013,Lyft,-32.51,CA
34686,11/19/2013,Rodriguez's Bar and Grill,-33.91,CA
34686,11/20/2013,Public Transportation - Train Pass,-32.39,CA
34686,11/20/2013,Karaoke Bar,-31.13,CA
34686,11/20/2013,Rodriguez's Bar and Grill,-16.63,CA
34686,11/21/2013,Restaurant - Burgers,-3.17,CA
34686,11/21/2013,Concert Ticket,-30.35,CA
34686,11/21/2013,Restaurant - Pizza,-4.5,CA
34686,11/22/2013,Wine Bar,-29.72,CA
34686,11/22/2013,Taxi,-22.81,CA
34686,11/22/2013,Public Transportation - Bus Pass,-13.32,CA
34686,11/22/2013,Public Transportation - Train Pass,-15.83,CA
34686,11/22/2013,Concert Ticket,-34.38,CA
34686,11/22/2013,Restaurant - Burgers,-21.47,CA
34686,11/23/2013,Seaside Bar,-28.04,CA
34686,11/23/2013,Public Transportation - Train Pass,-39.3,CA
34686,11/23/2013,Whole Foods,-7.7,CA
34686,11/23/2013,Restaurant - Burgers,-11.47,CA
34686,11/24/2013,Rodriguez's Bar and Grill,-17.08,CA
34686,11/24/2013,Taxi,-28.9,CA
34686,11/24/2013,Public Transportation - Bus Pass,-10.39,CA
34686,11/24/2013,Fisker Night Club,-24.84,CA
34686,11/24/2013,Taxi,-11.84,CA
34686,11/25/2013,Green Flash Brewery,-38.04,CA
34686,11/26/2013,Green Flash Brewery,-42.28,CA
34686,11/26/2013,Starbucks Coffee,-25.56,CA
34686,11/26/2013,Movie Ticket,-3.88,CA
34686,11/26/2013,Public Transportation - Train Pass,-18.12,CA
34686,11/26/2013,Public Transportation - Train Pass,-1.08,CA
34686,11/26/2013,Wine Bar,-9.19,CA
34686,11/26/2013,Food Delivery - GrubHub,-8.16,CA
34686,11/26/2013,Fisker Night Club,-32.87,CA
34686,11/27/2013,Movie Ticket,-47.01,CA
34686,11/27/2013,Owl Night Club,-7.2,CA
34686,11/27/2013,Bowling,-34.98,CA
34686,11/27/2013,Fisker Night Club,-48.38,CA
34686,11/27/2013,Uber,-8.84,CA
34686,11/28/2013,Bowling,-17.83,CA
34686,11/29/2013,Taxi,-17.69,CA
34686,11/29/2013,Rodriguez's Bar and Grill,-4.86,CA
34686,11/30/2013,Rodriguez's Bar and Grill,-63.17,CA
34686,11/30/2013,Wine Bar,-34.74,CA
34686,12/2/2013,Paycheck,3988,CA
34686,12/2/2013,Housing Rent,-1051,CA
34686,12/2/2013,Credit Card Payment,-154,CA
34686,12/2/2013,Sprouts Market,-16.33,CA
34686,12/3/2013,John's Bar & Restaurant,-39.16,CA
34686,12/3/2013,Concert Ticket,-89.49,CA
34686,12/3/2013,Owl Night Club,-70.15,CA
34686,12/3/2013,Seaside Bar,-108.6,CA
34686,12/4/2013,Food Delivery - GrubHub,-12.2,CA
34686,12/4/2013,Ice Skating Rink,-28.92,CA
34686,12/4/2013,Green Flash Brewery,-17.55,CA
34686,12/4/2013,Restaurant - Pizza,-4.65,CA
34686,12/5/2013,Taxi,-14.13,CA
34686,12/5/2013,Green Flash Brewery,-0.43,CA
34686,12/5/2013,Karaoke Bar,-9.32,CA
34686,12/6/2013,Movie Ticket,-36.83,CA
34686,12/7/2013,John's Bar & Restaurant,-16.83,CA
34686,12/7/2013,Taxi,-37.22,CA
34686,12/8/2013,Wine Bar,-88.65,CA
34686,12/9/2013,John's Bar & Restaurant,-37.22,CA
34686,12/9/2013,Karaoke Bar,-71.59,CA
34686,12/10/2013,Von's Groceries,-27.41,CA
34686,12/11/2013,Public Transportation - Bus Pass,-16.86,CA
34686,12/11/2013,Uber,-26.69,CA
34686,12/11/2013,Starbucks Coffee,-39.88,CA
34686,12/11/2013,Ralph's Grocery Store,-23.75,CA
34686,12/11/2013,Restaurant - Burgers,-11.04,CA
34686,12/11/2013,Wine Bar,-33.56,CA
34686,12/12/2013,Lyft,-28.97,CA
34686,12/12/2013,Von's Groceries,-13.15,CA
34686,12/12/2013,Restaurant - Chinese,-15.94,CA
34686,12/12/2013,Seaside Bar,-7.59,CA
34686,12/12/2013,Sprouts Market,-21.92,CA
34686,12/13/2013,Restaurant - Steakhouse,-18.93,CA
34686,12/14/2013,Bowling,-53.31,CA
34686,12/14/2013,Concert Ticket,-21.2,CA
34686,12/15/2013,John's Bar & Restaurant,-10.7,CA
34686,12/15/2013,Fisker Night Club,-23.09,CA
34686,12/15/2013,Restaurant - Burgers,-18.31,CA
34686,12/15/2013,Movie Ticket,-5.3,CA
34686,12/15/2013,Seaside Bar,-6.31,CA
34686,12/15/2013,Starbucks Coffee,-48.8,CA
34686,12/15/2013,Food Delivery - GrubHub,-107.52,CA
34686,12/15/2013,Whole Foods,-22.37,CA
34686,12/15/2013,Seaside Bar,-8.23,CA
34686,12/15/2013,Von's Groceries,-25.4,CA
34686,12/16/2013,Seaside Bar,-2.17,CA
34686,12/16/2013,Sprouts Market,-7.64,CA
34686,12/16/2013,Public Transportation - Bus Pass,-96.73,CA
34686,12/16/2013,Restaurant - Chinese,-14.9,CA
34686,12/16/2013,Wine Bar,-2.86,CA
34686,12/16/2013,Taxi,-24.83,CA
34686,12/16/2013,Uber,-20.53,CA
34686,12/16/2013,Public Transportation - Bus Pass,-4.33,CA
34686,12/16/2013,Green Flash Brewery,-96.88,CA
34686,12/16/2013,Restaurant - Steakhouse,-17.42,CA
34686,12/17/2013,Fisker Night Club,-27.49,CA
34686,12/17/2013,Owl Night Club,-24.79,CA
34686,12/17/2013,Karaoke Bar,-12.07,CA
34686,12/17/2013,Owl Night Club,-63.24,CA
34686,12/17/2013,Fisker Night Club,-24.89,CA
34686,12/18/2013,Karaoke Bar,-5.01,CA
34686,12/18/2013,Ralph's Grocery Store,-38.66,CA
34686,12/18/2013,Ice Skating Rink,-26.05,CA
34686,12/18/2013,Seaside Bar,-13.87,CA
34686,12/18/2013,John's Bar & Restaurant,-9.77,CA
34686,12/19/2013,Movie Ticket,-2.78,CA
34686,12/20/2013,Bowling,-117.44,CA
34686,12/20/2013,Green Flash Brewery,-80.24,CA
34686,12/20/2013,Rodriguez's Bar and Grill,-34.78,CA
34686,12/20/2013,Lyft,-1.32,CA
34686,12/21/2013,John's Bar & Restaurant,-9.91,CA
34686,12/21/2013,Karaoke Bar,-119.44,CA
34686,12/22/2013,Karaoke Bar,-16.52,CA
34686,12/22/2013,Movie Ticket,-8.15,CA
34686,12/22/2013,Public Transportation - Train Pass,-7.57,CA
34686,12/23/2013,Rodriguez's Bar and Grill,-55.51,CA
34686,12/23/2013,Movie Ticket,-26.34,CA
34686,12/23/2013,Public Transportation - Train Pass,-35.08,CA
34686,12/23/2013,Seaside Bar,-26.4,CA
34686,12/24/2013,Sprouts Market,-16.91,CA
34686,12/25/2013,Taxi,-35.74,CA
34686,12/25/2013,Rodriguez's Bar and Grill,-1.47,CA
34686,12/25/2013,Green Flash Brewery,-38.7,CA
34686,12/25/2013,Green Flash Brewery,-28.72,CA
34686,12/25/2013,John's Bar & Restaurant,-36.03,CA
34686,12/25/2013,Rodriguez's Bar and Grill,-1.84,CA
34686,12/25/2013,Owl Night Club,-37.82,CA
34686,12/26/2013,Lyft,-7,CA
34686,12/26/2013,Public Transportation - Train Pass,-37.59,CA
34686,12/26/2013,Ice Skating Rink,-10.64,CA
34686,12/26/2013,John's Bar & Restaurant,-33.18,CA
34686,12/27/2013,Public Transportation - Train Pass,-15.62,CA
34686,12/27/2013,Movie Ticket,-30.18,CA
34686,12/27/2013,Public Transportation - Bus Pass,-23.16,CA
34686,12/27/2013,Taxi,-111.45,CA
34686,12/28/2013,Bowling,-23.72,CA
34686,12/28/2013,Ralph's Grocery Store,-21.3,CA
34686,12/29/2013,Karaoke Bar,-37.71,CA
34686,12/29/2013,Starbucks Coffee,-34.78,CA
34686,12/29/2013,Public Transportation - Bus Pass,-18.71,CA
34686,12/30/2013,Whole Foods,-18.31,CA
34686,12/30/2013,Green Flash Brewery,-60.26,CA
34686,12/30/2013,Whole Foods,-2.91,CA
34686,12/30/2013,Seaside Bar,-114.21,CA
34686,12/32/2013,Seaside Bar,-29.63,CA
34686,1/2/2014,Fisker Night Club,-21.18,CA
34686,1/3/2014,Public Transportation - Bus Pass,-20.4,CA
34686,1/3/2014,Public Transportation - Bus Pass,-15.21,CA
34686,1/3/2014,Fisker Night Club,-8.32,CA
34686,1/3/2014,Wine Bar,-32.94,CA
34686,1/4/2014,Ice Skating Rink,-112.57,CA
34686,1/4/2014,Rodriguez's Bar and Grill,-26.43,CA
34686,1/5/2014,Von's Groceries,-56.94,CA
34686,1/6/2014,Bowling,-36.1,CA
34686,1/6/2014,Ice Skating Rink,-54.37,CA
34686,1/6/2014,Ralph's Grocery Store,-19.81,CA
34686,1/6/2014,Owl Night Club,-29.86,CA
34686,1/6/2014,John's Bar & Restaurant,-28.95,CA
34686,1/6/2014,Von's Groceries,-39.03,CA
34686,1/6/2014,Green Flash Brewery,-34.52,CA
34686,1/6/2014,Lyft,-8.24,CA
34686,1/6/2014,Public Transportation - Bus Pass,-62.17,CA
34686,1/6/2014,Green Flash Brewery,-107.25,CA
34686,1/7/2014,Movie Ticket,-27.86,CA
34686,1/8/2014,Restaurant - Burgers,-1.77,CA
34686,1/8/2014,Concert Ticket,-24.61,CA
34686,1/8/2014,Owl Night Club,-28.54,CA
34686,1/8/2014,Public Transportation - Train Pass,-2.16,CA
34686,1/8/2014,Restaurant - Chinese,-42.27,CA
34686,1/8/2014,Owl Night Club,-17.97,CA
34686,1/8/2014,Fisker Night Club,-26.6,CA
34686,1/9/2014,Green Flash Brewery,-16.1,CA
34686,1/9/2014,Bowling,-12.77,CA
34686,1/10/2014,Whole Foods,-66.73,CA
34686,1/10/2014,Owl Night Club,-41.33,CA
34686,1/11/2014,Lyft,-22.17,CA
34686,1/12/2014,Rodriguez's Bar and Grill,-10.54,CA
34686,1/13/2014,Restaurant - Steakhouse,-12.04,CA
34686,1/13/2014,Public Transportation - Train Pass,-115.18,CA
34686,1/14/2014,Food Delivery - GrubHub,-111.39,CA
34686,1/15/2014,Public Transportation - Bus Pass,-25.4,CA
34686,1/15/2014,Ice Skating Rink,-4.42,CA
34686,1/15/2014,Rodriguez's Bar and Grill,-37.13,CA
34686,1/15/2014,Owl Night Club,-14.69,CA
34686,1/15/2014,Seaside Bar,-3.67,CA
34686,1/15/2014,Karaoke Bar,-10.08,CA
34686,1/16/2014,Starbucks Coffee,-2.07,CA
34686,1/16/2014,Rodriguez's Bar and Grill,-38.55,CA
34686,1/16/2014,Lyft,-26.96,CA
34686,1/17/2014,Fisker Night Club,-22.91,CA
34686,1/17/2014,Von's Groceries,-25.63,CA
34686,1/18/2014,Green Flash Brewery,-17.47,CA
34686,1/19/2014,Public Transportation - Train Pass,-39.15,CA
34686,1/19/2014,Starbucks Coffee,-48.08,CA
34686,1/20/2014,Seaside Bar,-6.34,CA
34686,1/20/2014,Green Flash Brewery,-33.01,CA
34686,1/20/2014,John's Bar & Restaurant,-12.18,CA
34686,1/20/2014,Sprouts Market,-30.28,CA
34686,1/20/2014,Public Transportation - Bus Pass,-0.91,CA
34686,1/20/2014,Public Transportation - Train Pass,-91.36,CA
34686,1/21/2014,Lyft,-31.79,CA
34686,1/22/2014,Green Flash Brewery,-26.35,CA
34686,1/22/2014,Restaurant - Steakhouse,-26.61,CA
34686,1/22/2014,Taxi,-8.92,CA
34686,1/22/2014,Uber,-33.45,CA
34686,1/22/2014,Ralph's Grocery Store,-6.24,CA
34686,1/22/2014,Karaoke Bar,-14.66,CA
34686,1/22/2014,Movie Ticket,-31.3,CA
34686,1/23/2014,Ice Skating Rink,-31.27,CA
34686,1/23/2014,Karaoke Bar,-15.49,CA
34686,1/23/2014,Public Transportation - Bus Pass,-6.63,CA
34686,1/23/2014,Wine Bar,-17.01,CA
34686,1/24/2014,Green Flash Brewery,-16.79,CA
34686,1/24/2014,Starbucks Coffee,-102.08,CA
34686,1/25/2014,Public Transportation - Bus Pass,-18.13,CA
34686,1/25/2014,John's Bar & Restaurant,-11.33,CA
34686,1/25/2014,Seaside Bar,-17.77,CA
34686,1/25/2014,Lyft,-37.26,CA
34686,1/25/2014,Movie Ticket,-37.2,CA
34686,1/25/2014,Concert Ticket,-36.86,CA
34686,1/26/2014,Green Flash Brewery,-18.1,CA
34686,1/26/2014,Fisker Night Club,-11.76,CA
34686,1/26/2014,Owl Night Club,-14.54,CA
34686,1/26/2014,Taxi,-21.22,CA
34686,1/26/2014,Public Transportation - Bus Pass,-24.84,CA
34686,1/27/2014,Rodriguez's Bar and Grill,-57.82,CA
34686,1/28/2014,Seaside Bar,-23.62,CA
34686,1/28/2014,Owl Night Club,-19.4,CA
34686,1/28/2014,Seaside Bar,-118.54,CA
34686,1/28/2014,Bowling,-39.34,CA
34686,1/28/2014,Movie Ticket,-24.95,CA
34686,1/28/2014,Restaurant - Pizza,-1.82,CA
34686,1/28/2014,Restaurant - Burgers,-19.79,CA
34686,1/29/2014,Ralph's Grocery Store,-89.44,CA
34686,1/30/2014,Fisker Night Club,-13.79,CA
34686,3/2/2014,Paycheck,3988,CA
34686,3/2/2014,Housing Rent,-1216,CA
34686,3/2/2014,Credit Card Payment,-154,CA
34686,3/2/2014,Seaside Bar,-9.12,CA
34686,3/2/2014,Restaurant - Chinese,-20.76,CA
34686,3/2/2014,Taxi,-22.16,CA
34686,3/2/2014,Restaurant - Steakhouse,-9.84,CA
34686,3/2/2014,Karaoke Bar,-26.23,CA
34686,3/2/2014,Fisker Night Club,-13.46,CA
34686,3/2/2014,Food Delivery - GrubHub,-11.31,CA
34686,3/3/2014,Ralph's Grocery Store,-32.43,CA
34686,3/3/2014,Whole Foods,-5.59,CA
34686,3/4/2014,Seaside Bar,-15.7,CA
34686,3/5/2014,Uber,-33.69,CA
34686,3/5/2014,John's Bar & Restaurant,-11.48,CA
34686,3/5/2014,Food Delivery - GrubHub,-28.5,CA
34686,3/5/2014,Sprouts Market,-15.83,CA
34686,3/6/2014,Uber,-25.66,CA
34686,3/6/2014,John's Bar & Restaurant,-19.99,CA
34686,3/6/2014,Ralph's Grocery Store,-24.61,CA
34686,3/7/2014,Public Transportation - Bus Pass,-8.09,CA
34686,3/7/2014,Restaurant - Chinese,-13.71,CA
34686,3/7/2014,Bowling,-35.33,CA
34686,3/7/2014,Restaurant - Burgers,-7.95,CA
34686,3/7/2014,Taxi,-30.1,CA
34686,3/7/2014,Restaurant - Burgers,-14.67,CA
34686,3/8/2014,Taxi,-24.38,CA
34686,3/8/2014,Whole Foods,-8.64,CA
34686,3/8/2014,Movie Ticket,-10.89,CA
34686,3/8/2014,John's Bar & Restaurant,-2.17,CA
34686,3/9/2014,Fisker Night Club,-13.08,CA
34686,3/9/2014,Bowling,-10.27,CA
34686,3/9/2014,Ice Skating Rink,-21.82,CA
34686,3/9/2014,Ralph's Grocery Store,-12.95,CA
34686,3/9/2014,Concert Ticket,-8.06,CA
34686,3/9/2014,Ice Skating Rink,-16.22,CA
34686,3/9/2014,Concert Ticket,-28.21,CA
34686,3/9/2014,Whole Foods,-22.22,CA
34686,3/10/2014,Karaoke Bar,-60.18,CA
34686,3/10/2014,Von's Groceries,-28.39,CA
34686,3/11/2014,Uber,-29.94,CA
34686,3/11/2014,Lyft,-72.79,CA
34686,3/11/2014,Fisker Night Club,-22.96,CA
34686,3/11/2014,Bowling,-30.31,CA
34686,3/11/2014,Concert Ticket,-24.43,CA
34686,3/12/2014,John's Bar & Restaurant,-22.43,CA
34686,3/12/2014,Seaside Bar,-17.31,CA
34686,3/13/2014,Restaurant - Pizza,-48.24,CA
34686,3/14/2014,Ralph's Grocery Store,-4.52,CA
34686,3/14/2014,Ralph's Grocery Store,-31.37,CA
34686,3/14/2014,Green Flash Brewery,-48.04,CA
34686,3/15/2014,Ice Skating Rink,-56.48,CA
34686,3/15/2014,Restaurant - Chinese,-27.25,CA
34686,3/16/2014,Uber,-34.15,CA
34686,3/16/2014,Public Transportation - Bus Pass,-23.52,CA
34686,3/16/2014,Owl Night Club,-115.77,CA
34686,3/17/2014,Public Transportation - Bus Pass,-9.45,CA
34686,3/18/2014,Bowling,-11.58,CA
34686,3/18/2014,Uber,-78.78,CA
34686,3/18/2014,Food Delivery - GrubHub,-27.53,CA
34686,3/18/2014,Rodriguez's Bar and Grill,-17.74,CA
34686,3/19/2014,Ice Skating Rink,-35.03,CA
34686,3/19/2014,Fisker Night Club,-7.01,CA
34686,3/19/2014,Concert Ticket,-29.35,CA
34686,3/19/2014,Ralph's Grocery Store,-32.49,CA
34686,3/20/2014,Restaurant - Pizza,-88.31,CA
34686,3/20/2014,Fisker Night Club,-37.3,CA
34686,3/20/2014,Concert Ticket,-19.64,CA
34686,3/20/2014,Restaurant - Burgers,-112.07,CA
34686,3/20/2014,Wine Bar,-75.46,CA
34686,3/21/2014,Bowling,-11.81,CA
34686,3/21/2014,Food Delivery - GrubHub,-5.24,CA
34686,3/21/2014,Concert Ticket,-14.57,CA
34686,3/21/2014,Green Flash Brewery,-14.06,CA
34686,3/21/2014,Green Flash Brewery,-58.06,CA
34686,3/22/2014,Green Flash Brewery,-10.12,CA
34686,3/22/2014,Green Flash Brewery,-1.39,CA
34686,3/22/2014,Concert Ticket,-35.03,CA
34686,3/22/2014,Von's Groceries,-35.51,CA
34686,3/23/2014,John's Bar & Restaurant,-39.49,CA
34686,3/23/2014,Food Delivery - GrubHub,-7.42,CA
34686,3/23/2014,Lyft,-19.87,CA
34686,3/23/2014,Fisker Night Club,-5.5,CA
34686,3/23/2014,Karaoke Bar,-5.32,CA
34686,3/24/2014,Sprouts Market,-9.54,CA
34686,3/24/2014,Concert Ticket,-10.38,CA
34686,3/24/2014,Restaurant - Steakhouse,-11.32,CA
34686,3/25/2014,Fisker Night Club,-78.83,CA
34686,3/25/2014,Lyft,-39.68,CA
34686,3/26/2014,Fisker Night Club,-22.08,CA
34686,3/27/2014,Uber,-32.49,CA
34686,3/27/2014,Lyft,-80.92,CA
34686,3/27/2014,Public Transportation - Bus Pass,-7.9,CA
34686,3/27/2014,Fisker Night Club,-29.93,CA
34686,3/28/2014,Fisker Night Club,-77.37,CA
34686,3/28/2014,Movie Ticket,-23.26,CA
34686,3/28/2014,Karaoke Bar,-6.79,CA
34686,3/29/2014,Public Transportation - Train Pass,-23.5,CA
34686,3/29/2014,Green Flash Brewery,-20.01,CA
34686,3/30/2014,Green Flash Brewery,-9.95,CA
34686,4/2/2014,Paycheck,3988,CA
34686,4/2/2014,Housing Rent,-1232,CA
34686,4/2/2014,Credit Card Payment,-154,CA
34686,4/2/2014,Karaoke Bar,-15.29,CA
34686,4/2/2014,Movie Ticket,-6.21,CA
34686,4/3/2014,Karaoke Bar,-6.26,CA
34686,4/4/2014,Restaurant - Chinese,-24.19,CA
34686,4/4/2014,Owl Night Club,-27.16,CA
34686,4/4/2014,Public Transportation - Train Pass,-19.34,CA
34686,4/4/2014,Fisker Night Club,-17.53,CA
34686,4/5/2014,Owl Night Club,-16.38,CA
34686,4/5/2014,Restaurant - Steakhouse,-17.6,CA
34686,4/6/2014,Green Flash Brewery,-36.32,CA
34686,4/6/2014,Concert Ticket,-69.6,CA
34686,4/6/2014,Food Delivery - GrubHub,-29.8,CA
34686,4/7/2014,Seaside Bar,-3.65,CA
34686,4/7/2014,Rodriguez's Bar and Grill,-17.36,CA
34686,4/8/2014,Concert Ticket,-34.32,CA
34686,4/8/2014,Restaurant - Chinese,-100.15,CA
34686,4/8/2014,Owl Night Club,-36.64,CA
34686,4/9/2014,Sprouts Market,-38.79,CA
34686,4/10/2014,Seaside Bar,-27.29,CA
34686,4/10/2014,John's Bar & Restaurant,-28.15,CA
34686,4/10/2014,Lyft,-4.87,CA
34686,4/11/2014,Concert Ticket,-28.36,CA
34686,4/11/2014,Taxi,-30.02,CA
34686,4/11/2014,Public Transportation - Train Pass,-69.36,CA
34686,4/11/2014,Taxi,-14.86,CA
34686,4/12/2014,Lyft,-24.8,CA
34686,4/13/2014,Uber,-30.19,CA
34686,4/13/2014,Fisker Night Club,-21.67,CA
34686,4/13/2014,Seaside Bar,-9.73,CA
34686,4/13/2014,Movie Ticket,-31.34,CA
34686,4/13/2014,Ice Skating Rink,-37.13,CA
34686,4/13/2014,Seaside Bar,-39.63,CA
34686,4/14/2014,Public Transportation - Train Pass,-0.86,CA
34686,4/14/2014,Movie Ticket,-21.49,CA
34686,4/14/2014,Uber,-48.87,CA
34686,4/14/2014,Fisker Night Club,-38.12,CA
34686,4/15/2014,Bowling,-11.12,CA
34686,4/15/2014,Lyft,-32.08,CA
34686,4/15/2014,Rodriguez's Bar and Grill,-16.94,CA
34686,4/15/2014,Seaside Bar,-7.53,CA
34686,4/15/2014,Von's Groceries,-3.06,CA
34686,4/15/2014,Taxi,-31.04,CA
34686,4/15/2014,Food Delivery - GrubHub,-24.98,CA
34686,4/16/2014,Public Transportation - Bus Pass,-10.76,CA
34686,4/16/2014,Movie Ticket,-103.67,CA
34686,4/17/2014,Restaurant - Burgers,-35.9,CA
34686,4/17/2014,Restaurant - Chinese,-105.5,CA
34686,4/18/2014,Restaurant - Burgers,-16.97,CA
34686,4/18/2014,Seaside Bar,-27.13,CA
34686,4/18/2014,Seaside Bar,-39.11,CA
34686,4/18/2014,Ice Skating Rink,-14.65,CA
34686,4/18/2014,Restaurant - Burgers,-21.2,CA
34686,4/19/2014,Rodriguez's Bar and Grill,-21.14,CA
34686,4/19/2014,Concert Ticket,-31.58,CA
34686,4/19/2014,Rodriguez's Bar and Grill,-19.02,CA
34686,4/19/2014,Restaurant - Chinese,-34.32,CA
34686,4/20/2014,Taxi,-23.92,CA
34686,4/20/2014,John's Bar & Restaurant,-0.01,CA
34686,4/21/2014,Owl Night Club,-37.77,CA
34686,4/21/2014,Food Delivery - GrubHub,-89.48,CA
34686,4/21/2014,Movie Ticket,-69.45,CA
34686,4/21/2014,Owl Night Club,-20.52,CA
34686,4/21/2014,Concert Ticket,-3.43,CA
34686,4/21/2014,Green Flash Brewery,-78.48,CA
34686,4/21/2014,Wine Bar,-15.56,CA
34686,4/22/2014,Whole Foods,-6.91,CA
34686,4/22/2014,Uber,-19.28,CA
34686,4/22/2014,Taxi,-36.57,CA
34686,4/22/2014,Rodriguez's Bar and Grill,-103.16,CA
34686,4/22/2014,Fisker Night Club,-13.91,CA
34686,4/22/2014,Public Transportation - Bus Pass,-36.4,CA
34686,4/22/2014,Ice Skating Rink,-11.05,CA
34686,4/23/2014,Lyft,-7.37,CA
34686,4/23/2014,John's Bar & Restaurant,-12.02,CA
34686,4/23/2014,Taxi,-7.33,CA
34686,4/24/2014,Green Flash Brewery,-36.39,CA
34686,4/24/2014,Lyft,-32.99,CA
34686,4/25/2014,Restaurant - Pizza,-20.8,CA
34686,4/25/2014,Lyft,-11.1,CA
34686,4/25/2014,Bowling,-92.3,CA
34686,4/26/2014,Wine Bar,-77.98,CA
34686,4/26/2014,Rodriguez's Bar and Grill,-15.95,CA
34686,4/26/2014,Restaurant - Steakhouse,-0.48,CA
34686,4/27/2014,Karaoke Bar,-0.35,CA
34686,4/27/2014,Seaside Bar,-27.72,CA
34686,4/28/2014,Public Transportation - Train Pass,-37.44,CA
34686,4/28/2014,Seaside Bar,-4.93,CA
34686,4/28/2014,Fisker Night Club,-31.81,CA
34686,4/28/2014,John's Bar & Restaurant,-93.04,CA
34686,4/28/2014,Concert Ticket,-37.94,CA
34686,4/28/2014,Ice Skating Rink,-37.62,CA
34686,4/28/2014,Taxi,-73.39,CA
34686,4/29/2014,Rodriguez's Bar and Grill,-9.99,CA
34686,4/30/2014,Whole Foods,-22.13,CA
34686,4/30/2014,Ice Skating Rink,-61.02,CA
34686,4/30/2014,Wine Bar,-23.81,CA
34686,4/30/2014,Restaurant - Chinese,-20.47,CA
34686,5/2/2014,Paycheck,3988,CA
34686,5/2/2014,Housing Rent,-947,CA
34686,5/2/2014,Credit Card Payment,-154,CA
34686,5/2/2014,Rodriguez's Bar and Grill,-30.51,CA
34686,5/2/2014,Restaurant - Burgers,-19.51,CA
34686,5/2/2014,Seaside Bar,-101.89,CA
34686,5/3/2014,Wine Bar,-36.61,CA
34686,5/3/2014,Owl Night Club,-11.58,CA
34686,5/3/2014,Owl Night Club,-9.17,CA
34686,5/3/2014,Bowling,-63.39,CA
34686,5/4/2014,John's Bar & Restaurant,-7.73,CA
34686,5/4/2014,Karaoke Bar,-7.22,CA
34686,5/4/2014,John's Bar & Restaurant,-0.61,CA
34686,5/4/2014,Movie Ticket,-27.1,CA
34686,5/4/2014,Restaurant - Burgers,-6.54,CA
34686,5/4/2014,Taxi,-22.51,CA
34686,5/4/2014,Owl Night Club,-37.81,CA
34686,5/4/2014,Fisker Night Club,-23.71,CA
34686,5/4/2014,Rodriguez's Bar and Grill,-26.09,CA
34686,5/5/2014,Rodriguez's Bar and Grill,-55.24,CA
34686,5/5/2014,Owl Night Club,-10.27,CA
34686,5/6/2014,Restaurant - Chinese,-14.44,CA
34686,5/6/2014,Restaurant - Pizza,-13.19,CA
34686,5/6/2014,Whole Foods,-25.67,CA
34686,5/6/2014,Rodriguez's Bar and Grill,-17.87,CA
34686,5/6/2014,Public Transportation - Bus Pass,-49.33,CA
34686,5/6/2014,Public Transportation - Bus Pass,-28.68,CA
34686,5/6/2014,Ralph's Grocery Store,-1.79,CA
34686,5/6/2014,Seaside Bar,-49.19,CA
34686,5/7/2014,Lyft,-27.2,CA
34686,5/7/2014,Movie Ticket,-88.13,CA
34686,5/7/2014,Owl Night Club,-28.91,CA
34686,5/7/2014,Fisker Night Club,-8.66,CA
34686,5/8/2014,Bowling,-30.2,CA
34686,5/9/2014,John's Bar & Restaurant,-22.08,CA
34686,5/9/2014,Public Transportation - Bus Pass,-13.69,CA
34686,5/9/2014,Rodriguez's Bar and Grill,-8.65,CA
34686,5/9/2014,Karaoke Bar,-35.81,CA
34686,5/10/2014,Lyft,-32.89,CA
34686,5/11/2014,John's Bar & Restaurant,-26.52,CA
34686,5/11/2014,Taxi,-26.11,CA
34686,5/12/2014,Fisker Night Club,-10.81,CA
34686,5/13/2014,Ice Skating Rink,-52.84,CA
34686,5/13/2014,Rodriguez's Bar and Grill,-35.49,CA
34686,5/14/2014,Rodriguez's Bar and Grill,-37.68,CA
34686,5/15/2014,Whole Foods,-14.96,CA
34686,5/15/2014,Lyft,-4.67,CA
34686,5/15/2014,Concert Ticket,-86.84,CA
34686,5/15/2014,Lyft,-16.99,CA
34686,5/16/2014,John's Bar & Restaurant,-16.44,CA
34686,5/16/2014,Food Delivery - GrubHub,-11.06,CA
34686,5/16/2014,Rodriguez's Bar and Grill,-5.63,CA
34686,5/16/2014,Karaoke Bar,-25.99,CA
34686,5/17/2014,Green Flash Brewery,-53.49,CA
34686,5/18/2014,Ice Skating Rink,-39.69,CA
34686,5/18/2014,Seaside Bar,-69.73,CA
34686,5/18/2014,Seaside Bar,-5.82,CA
34686,5/18/2014,Wine Bar,-37.27,CA
34686,5/19/2014,Ice Skating Rink,-14.29,CA
34686,5/19/2014,Bowling,-12.07,CA
34686,5/19/2014,Uber,-38.97,CA
34686,5/20/2014,Seaside Bar,-34.36,CA
34686,5/20/2014,Wine Bar,-14.78,CA
34686,5/20/2014,Food Delivery - GrubHub,-8.43,CA
34686,5/20/2014,Rodriguez's Bar and Grill,-0.01,CA
34686,5/21/2014,Uber,-4.24,CA
34686,5/21/2014,Uber,-5.64,CA
34686,5/22/2014,Wine Bar,-110.24,CA
34686,5/22/2014,Ice Skating Rink,-8.04,CA
34686,5/22/2014,Owl Night Club,-1.41,CA
34686,5/22/2014,Uber,-19.9,CA
34686,5/22/2014,Food Delivery - GrubHub,-37.78,CA
34686,5/23/2014,Starbucks Coffee,-106.55,CA
34686,5/23/2014,Concert Ticket,-31.09,CA
34686,5/23/2014,Restaurant - Burgers,-15.68,CA
34686,5/23/2014,Public Transportation - Train Pass,-17.66,CA
34686,5/24/2014,Restaurant - Pizza,-39.07,CA
34686,5/25/2014,Karaoke Bar,-36.32,CA
34686,5/25/2014,Rodriguez's Bar and Grill,-14.57,CA
34686,5/25/2014,Concert Ticket,-2.3,CA
34686,5/25/2014,Ice Skating Rink,-13.24,CA
34686,5/25/2014,Von's Groceries,-39.53,CA
34686,5/26/2014,Ice Skating Rink,-15.24,CA
34686,5/26/2014,Von's Groceries,-16.93,CA
34686,5/27/2014,Concert Ticket,-0.52,CA
34686,5/28/2014,Public Transportation - Train Pass,-3.35,CA
34686,5/28/2014,John's Bar & Restaurant,-0.4,CA
34686,5/28/2014,Rodriguez's Bar and Grill,-10.21,CA
34686,5/28/2014,Ice Skating Rink,-39.24,CA
34686,5/28/2014,Ice Skating Rink,-70.88,CA
34686,5/29/2014,Karaoke Bar,-20.98,CA
34686,5/29/2014,Taxi,-28.81,CA
34686,5/29/2014,Seaside Bar,-4.26,CA
34686,5/29/2014,Public Transportation - Train Pass,-96.86,CA
34686,5/30/2014,Taxi,-36.15,CA
34686,5/30/2014,Lyft,-51.19,CA
34686,5/30/2014,Karaoke Bar,-31.59,CA
34686,5/30/2014,Restaurant - Burgers,-94.91,CA
34686,5/30/2014,Karaoke Bar,-25.6,CA
34686,6/2/2014,Paycheck,3988,CA
34686,6/2/2014,Housing Rent,-1291,CA
34686,6/2/2014,Credit Card Payment,-154,CA
34686,6/2/2014,Restaurant - Steakhouse,-20.42,CA
34686,6/3/2014,Fisker Night Club,-9.81,CA
34686,6/3/2014,Lyft,-22.56,CA
34686,6/4/2014,Karaoke Bar,-15.39,CA
34686,6/5/2014,Owl Night Club,-4.42,CA
34686,6/6/2014,John's Bar & Restaurant,-115.23,CA
34686,6/6/2014,Seaside Bar,-26.28,CA
34686,6/6/2014,Rodriguez's Bar and Grill,-95.18,CA
34686,6/6/2014,Public Transportation - Bus Pass,-50.31,CA
34686,6/6/2014,Public Transportation - Train Pass,-3.04,CA
34686,6/6/2014,Movie Ticket,-34.05,CA
34686,6/6/2014,Ralph's Grocery Store,-19.26,CA
34686,6/6/2014,Public Transportation - Bus Pass,-54.35,CA
34686,6/6/2014,Bowling,-33.84,CA
34686,6/6/2014,Owl Night Club,-39.26,CA
34686,6/6/2014,Bowling,-13.49,CA
34686,6/6/2014,Starbucks Coffee,-31.53,CA
34686,6/7/2014,Seaside Bar,-1.51,CA
34686,6/7/2014,Movie Ticket,-2.32,CA
34686,6/7/2014,Lyft,-103.6,CA
34686,6/7/2014,Von's Groceries,-13.12,CA
34686,6/7/2014,Whole Foods,-24.23,CA
34686,6/7/2014,Rodriguez's Bar and Grill,-87.5,CA
34686,6/8/2014,Movie Ticket,-23.2,CA
34686,6/8/2014,Rodriguez's Bar and Grill,-50.24,CA
34686,6/8/2014,Concert Ticket,-26.59,CA
34686,6/8/2014,Uber,-24.63,CA
34686,6/8/2014,Lyft,-109.23,CA
34686,6/9/2014,Movie Ticket,-36.44,CA
34686,6/10/2014,Wine Bar,-88.61,CA
34686,6/10/2014,Seaside Bar,-11.74,CA
34686,6/10/2014,Seaside Bar,-1.69,CA
34686,6/10/2014,Green Flash Brewery,-103.41,CA
34686,6/10/2014,Ice Skating Rink,-17.85,CA
34686,6/10/2014,Concert Ticket,-14.75,CA
34686,6/10/2014,Public Transportation - Bus Pass,-19.59,CA
34686,6/10/2014,John's Bar & Restaurant,-29.92,CA
34686,6/11/2014,Fisker Night Club,-82.3,CA
34686,6/11/2014,Public Transportation - Train Pass,-23.31,CA
34686,6/12/2014,Whole Foods,-22.15,CA
34686,6/12/2014,Green Flash Brewery,-4.98,CA
34686,6/12/2014,Rodriguez's Bar and Grill,-7.45,CA
34686,6/12/2014,Public Transportation - Bus Pass,-14.18,CA
34686,6/12/2014,Karaoke Bar,-3.52,CA
34686,6/13/2014,Uber,-18.48,CA
34686,6/14/2014,Karaoke Bar,-39.97,CA
34686,6/14/2014,Concert Ticket,-42.23,CA
34686,6/14/2014,Concert Ticket,-24.04,CA
34686,6/14/2014,Seaside Bar,-24.62,CA
34686,6/14/2014,Taxi,-25.97,CA
34686,6/14/2014,Taxi,-17,CA
34686,6/14/2014,John's Bar & Restaurant,-30.92,CA
34686,6/15/2014,Food Delivery - GrubHub,-29.09,CA
34686,6/15/2014,Seaside Bar,-25.04,CA
34686,6/16/2014,Movie Ticket,-67.44,CA
34686,6/16/2014,Public Transportation - Bus Pass,-1.75,CA
34686,6/16/2014,Green Flash Brewery,-11.31,CA
34686,6/16/2014,Public Transportation - Train Pass,-9.42,CA
34686,6/16/2014,Fisker Night Club,-19.97,CA
34686,6/16/2014,Restaurant - Pizza,-19.87,CA
34686,6/16/2014,Wine Bar,-3.51,CA
34686,6/16/2014,Lyft,-7.93,CA
34686,6/17/2014,Starbucks Coffee,-13.03,CA
34686,6/17/2014,Concert Ticket,-52.58,CA
34686,6/18/2014,Seaside Bar,-89.04,CA
34686,6/18/2014,Wine Bar,-22.38,CA
34686,6/19/2014,Seaside Bar,-11.95,CA
34686,6/19/2014,Karaoke Bar,-30.3,CA
34686,6/20/2014,Ice Skating Rink,-27.39,CA
34686,6/21/2014,Lyft,-2.3,CA
34686,6/22/2014,Owl Night Club,-54.17,CA
34686,6/23/2014,Von's Groceries,-34.28,CA
34686,6/23/2014,Whole Foods,-37.1,CA
34686,6/24/2014,Restaurant - Burgers,-3.27,CA
34686,6/25/2014,Movie Ticket,-97.57,CA
34686,6/25/2014,Owl Night Club,-30.53,CA
34686,6/25/2014,Owl Night Club,-26.63,CA
34686,6/25/2014,Seaside Bar,-11.36,CA
34686,6/26/2014,Wine Bar,-20.19,CA
34686,6/27/2014,John's Bar & Restaurant,-4.88,CA
34686,6/27/2014,Movie Ticket,-27.21,CA
34686,6/28/2014,Sprouts Market,-25.61,CA
34686,6/28/2014,Restaurant - Chinese,-35.69,CA
34686,6/28/2014,Seaside Bar,-29.93,CA
34686,6/28/2014,John's Bar & Restaurant,-2.82,CA
34686,6/28/2014,Rodriguez's Bar and Grill,-38.96,CA
34686,6/28/2014,Public Transportation - Train Pass,-24.92,CA
34686,6/29/2014,Rodriguez's Bar and Grill,-56.58,CA
34686,6/30/2014,Fisker Night Club,-31.66,CA
34686,6/30/2014,Public Transportation - Train Pass,-39.11,CA
34686,6/30/2014,Concert Ticket,-35.43,CA
34686,6/30/2014,Public Transportation - Train Pass,-32.91,CA
34686,6/30/2014,Public Transportation - Train Pass,-8.87,CA
34686,7/2/2014,Paycheck,3988,CA
34686,7/2/2014,Housing Rent,-980,CA
34686,7/2/2014,Credit Card Payment,-154,CA
34686,7/2/2014,Karaoke Bar,-11.49,CA
34686,7/2/2014,Whole Foods,-34.68,CA
34686,7/2/2014,Fisker Night Club,-10.75,CA
34686,7/3/2014,John's Bar & Restaurant,-13.77,CA
34686,7/3/2014,Wine Bar,-26.06,CA
34686,7/3/2014,John's Bar & Restaurant,-34.5,CA
34686,7/3/2014,Public Transportation - Train Pass,-98.2,CA
34686,7/3/2014,Public Transportation - Train Pass,-34.54,CA
34686,7/4/2014,Fisker Night Club,-21.45,CA
34686,7/4/2014,Rodriguez's Bar and Grill,-6.6,CA
34686,7/5/2014,Green Flash Brewery,-42.32,CA
34686,7/5/2014,Green Flash Brewery,-10.74,CA
34686,7/5/2014,John's Bar & Restaurant,-6.37,CA
34686,7/5/2014,Concert Ticket,-21.04,CA
34686,7/5/2014,Seaside Bar,-32.09,CA
34686,7/5/2014,Green Flash Brewery,-68.1,CA
34686,7/6/2014,Karaoke Bar,-7.61,CA
34686,7/7/2014,Rodriguez's Bar and Grill,-3.19,CA
34686,7/7/2014,Ice Skating Rink,-17.1,CA
34686,7/8/2014,Public Transportation - Train Pass,-31.63,CA
34686,7/8/2014,Lyft,-37,CA
34686,7/8/2014,Public Transportation - Bus Pass,-11.1,CA
34686,7/9/2014,Uber,-29.96,CA
34686,7/10/2014,Karaoke Bar,-4.19,CA
34686,7/11/2014,John's Bar & Restaurant,-82.69,CA
34686,7/11/2014,Uber,-20.35,CA
34686,7/11/2014,John's Bar & Restaurant,-37.46,CA
34686,7/12/2014,Movie Ticket,-96.32,CA
34686,7/12/2014,Ice Skating Rink,-26.98,CA
34686,7/12/2014,John's Bar & Restaurant,-32.79,CA
34686,7/12/2014,Owl Night Club,-73.66,CA
34686,7/12/2014,Fisker Night Club,-65.46,CA
34686,7/13/2014,Fisker Night Club,-52.15,CA
34686,7/14/2014,Food Delivery - GrubHub,-70.32,CA
34686,7/14/2014,Green Flash Brewery,-24.63,CA
34686,7/14/2014,Green Flash Brewery,-28.23,CA
34686,7/15/2014,Concert Ticket,-33.13,CA
34686,7/16/2014,Whole Foods,-28.43,CA
34686,7/16/2014,Von's Groceries,-6.63,CA
34686,7/16/2014,Owl Night Club,-5.32,CA
34686,7/16/2014,Wine Bar,-35.09,CA
34686,7/16/2014,Karaoke Bar,-28.12,CA
34686,7/17/2014,Public Transportation - Bus Pass,-23.04,CA
34686,7/18/2014,Concert Ticket,-1.65,CA
34686,7/18/2014,Restaurant - Steakhouse,-1.26,CA
34686,7/18/2014,Wine Bar,-16.74,CA
34686,7/19/2014,Public Transportation - Train Pass,-26.45,CA
34686,7/19/2014,Owl Night Club,-22.32,CA
34686,7/20/2014,Fisker Night Club,-10.38,CA
34686,7/20/2014,Restaurant - Chinese,-0.32,CA
34686,7/21/2014,Restaurant - Burgers,-29.31,CA
34686,7/22/2014,Food Delivery - GrubHub,-24.82,CA
34686,7/22/2014,Seaside Bar,-27.47,CA
34686,7/23/2014,Public Transportation - Bus Pass,-5.14,CA
34686,7/23/2014,Seaside Bar,-78.38,CA
34686,7/23/2014,Ice Skating Rink,-19.55,CA
34686,7/23/2014,Karaoke Bar,-8.34,CA
34686,7/24/2014,Movie Ticket,-3.97,CA
34686,7/24/2014,Public Transportation - Bus Pass,-24.86,CA
34686,7/24/2014,Food Delivery - GrubHub,-7.24,CA
34686,7/25/2014,Public Transportation - Bus Pass,-6.62,CA
34686,7/25/2014,Restaurant - Steakhouse,-108.81,CA
34686,7/25/2014,Bowling,-8.08,CA
34686,7/26/2014,Fisker Night Club,-38.68,CA
34686,7/27/2014,Restaurant - Pizza,-39.49,CA
34686,7/27/2014,Concert Ticket,-16.56,CA
34686,7/28/2014,Bowling,-20.46,CA
34686,7/28/2014,Restaurant - Burgers,-33.83,CA
34686,7/28/2014,Ice Skating Rink,-99.62,CA
34686,7/28/2014,Restaurant - Pizza,-15.41,CA
34686,7/29/2014,Seaside Bar,-22.43,CA
34686,7/29/2014,Movie Ticket,-39.9,CA
34686,7/30/2014,Movie Ticket,-27.51,CA
34686,8/2/2014,Paycheck,3988,CA
34686,8/2/2014,Housing Rent,-1127,CA
34686,8/2/2014,Credit Card Payment,-154,CA
34686,8/2/2014,Fisker Night Club,-6.4,CA
34686,8/2/2014,Food Delivery - GrubHub,-0.4,CA
34686,8/2/2014,Bowling,-17.6,CA
34686,8/2/2014,John's Bar & Restaurant,-21.25,CA
34686,8/2/2014,Fisker Night Club,-19.57,CA
34686,8/3/2014,Rodriguez's Bar and Grill,-2.92,CA
34686,8/4/2014,Green Flash Brewery,-9.19,CA
34686,8/4/2014,Karaoke Bar,-13.8,CA
34686,8/4/2014,John's Bar & Restaurant,-3.71,CA
34686,8/5/2014,Rodriguez's Bar and Grill,-106.31,CA
34686,8/5/2014,Taxi,-30.47,CA
34686,8/5/2014,Green Flash Brewery,-34.1,CA
34686,8/6/2014,Uber,-36.65,CA
34686,8/7/2014,Bowling,-0.78,CA
34686,8/7/2014,Karaoke Bar,-32.55,CA
34686,8/7/2014,Rodriguez's Bar and Grill,-2.29,CA
34686,8/7/2014,Fisker Night Club,-11.83,CA
34686,8/8/2014,Rodriguez's Bar and Grill,-30.77,CA
34686,8/8/2014,John's Bar & Restaurant,-6.72,CA
34686,8/9/2014,Owl Night Club,-35.89,CA
34686,8/9/2014,Bowling,-72.47,CA
34686,8/10/2014,Bowling,-9.79,CA
34686,8/10/2014,Seaside Bar,-116.34,CA
34686,8/11/2014,Bowling,-15.77,CA
34686,8/11/2014,Restaurant - Chinese,-24.18,CA
34686,8/11/2014,Seaside Bar,-14.6,CA
34686,8/11/2014,Movie Ticket,-31.64,CA
34686,8/12/2014,Restaurant - Pizza,-22.55,CA
34686,8/12/2014,Lyft,-28.18,CA
34686,8/12/2014,Movie Ticket,-29.27,CA
34686,8/12/2014,Concert Ticket,-32.67,CA
34686,8/12/2014,Fisker Night Club,-5.79,CA
34686,8/13/2014,Concert Ticket,-28.46,CA
34686,8/13/2014,Movie Ticket,-35.81,CA
34686,8/13/2014,Ice Skating Rink,-36.49,CA
34686,8/14/2014,Taxi,-11.38,CA
34686,8/14/2014,Restaurant - Burgers,-25.67,CA
34686,8/14/2014,Ice Skating Rink,-86.26,CA
34686,8/14/2014,Fisker Night Club,-15.9,CA
34686,8/14/2014,Uber,-25,CA
34686,8/14/2014,Taxi,-7.68,CA
34686,8/14/2014,Ice Skating Rink,-2.58,CA
34686,8/14/2014,Fisker Night Club,-88.24,CA
34686,8/15/2014,Ice Skating Rink,-36.38,CA
34686,8/15/2014,Wine Bar,-12.44,CA
34686,8/16/2014,Concert Ticket,-35.48,CA
34686,8/16/2014,Concert Ticket,-88.17,CA
34686,8/16/2014,Ice Skating Rink,-4.14,CA
34686,8/16/2014,John's Bar & Restaurant,-107.89,CA
34686,8/16/2014,Public Transportation - Bus Pass,-70.65,CA
34686,8/16/2014,Taxi,-9.09,CA
34686,8/17/2014,Green Flash Brewery,-32.34,CA
34686,8/18/2014,Green Flash Brewery,-32.36,CA
34686,8/18/2014,Public Transportation - Bus Pass,-39.64,CA
34686,8/18/2014,Rodriguez's Bar and Grill,-6.1,CA
34686,8/18/2014,Bowling,-75.56,CA
34686,8/18/2014,Lyft,-87.66,CA
34686,8/18/2014,Ralph's Grocery Store,-6.61,CA
34686,8/19/2014,Wine Bar,-15.28,CA
34686,8/19/2014,Concert Ticket,-36.03,CA
34686,8/19/2014,Owl Night Club,-96.21,CA
34686,8/19/2014,Ralph's Grocery Store,-8.36,CA
34686,8/19/2014,Fisker Night Club,-22.89,CA
34686,8/20/2014,Public Transportation - Train Pass,-30.41,CA
34686,8/20/2014,Ice Skating Rink,-50.09,CA
34686,8/20/2014,Fisker Night Club,-9.93,CA
34686,8/20/2014,Restaurant - Steakhouse,-36.72,CA
34686,8/20/2014,Public Transportation - Train Pass,-9.07,CA
34686,8/20/2014,Green Flash Brewery,-29.46,CA
34686,8/20/2014,Owl Night Club,-37.13,CA
34686,8/20/2014,John's Bar & Restaurant,-21.51,CA
34686,8/20/2014,John's Bar & Restaurant,-33.69,CA
34686,8/20/2014,Taxi,-35.18,CA
34686,8/20/2014,Karaoke Bar,-9.09,CA
34686,8/20/2014,Seaside Bar,-8.5,CA
34686,8/20/2014,Starbucks Coffee,-17.09,CA
34686,8/20/2014,Green Flash Brewery,-114.81,CA
34686,8/20/2014,Whole Foods,-32.29,CA
34686,8/20/2014,Wine Bar,-0.86,CA
34686,8/20/2014,Bowling,-46.3,CA
34686,8/20/2014,Ice Skating Rink,-38.22,CA
34686,8/20/2014,Starbucks Coffee,-12.62,CA
34686,8/20/2014,Green Flash Brewery,-39.83,CA
34686,8/20/2014,Ralph's Grocery Store,-26.59,CA
34686,8/21/2014,Bowling,-15.52,CA
34686,8/21/2014,Movie Ticket,-38.09,CA
34686,8/21/2014,Uber,-5.22,CA
34686,8/21/2014,Seaside Bar,-6.72,CA
34686,8/21/2014,Bowling,-77.47,CA
34686,8/22/2014,Lyft,-4.03,CA
34686,8/22/2014,Public Transportation - Bus Pass,-10.65,CA
34686,8/22/2014,Ice Skating Rink,-3.48,CA
34686,8/22/2014,Restaurant - Burgers,-0.03,CA
34686,8/22/2014,Taxi,-27.45,CA
34686,8/22/2014,John's Bar & Restaurant,-30.77,CA
34686,8/23/2014,Public Transportation - Bus Pass,-28.55,CA
34686,8/23/2014,Food Delivery - GrubHub,-102.94,CA
34686,8/23/2014,Restaurant - Steakhouse,-6.57,CA
34686,8/23/2014,Taxi,-8.4,CA
34686,8/23/2014,Movie Ticket,-47.79,CA
34686,8/23/2014,Seaside Bar,-98.56,CA
34686,8/23/2014,Movie Ticket,-4.71,CA
34686,8/23/2014,Public Transportation - Bus Pass,-28.09,CA
34686,8/23/2014,Fisker Night Club,-11.08,CA
34686,8/23/2014,Restaurant - Burgers,-14.03,CA
34686,8/23/2014,Sprouts Market,-3.92,CA
34686,8/23/2014,Wine Bar,-13.72,CA
34686,8/24/2014,Restaurant - Chinese,-13.51,CA
34686,8/24/2014,Green Flash Brewery,-12.59,CA
34686,8/25/2014,Wine Bar,-20.62,CA
34686,8/26/2014,Restaurant - Chinese,-32.91,CA
34686,8/27/2014,Public Transportation - Train Pass,-27.86,CA
34686,8/28/2014,Ice Skating Rink,-115.58,CA
34686,8/28/2014,Public Transportation - Train Pass,-11.88,CA
34686,8/28/2014,Fisker Night Club,-5.6,CA
34686,8/29/2014,Concert Ticket,-16.71,CA
34686,8/29/2014,Wine Bar,-19.27,CA
34686,8/29/2014,John's Bar & Restaurant,-23.29,CA
34686,8/30/2014,Karaoke Bar,-64.8,CA
34686,9/2/2014,Paycheck,3988,CA
34686,9/2/2014,Housing Rent,-1171,CA
34686,9/2/2014,Credit Card Payment,-154,CA
34686,9/2/2014,Wine Bar,-66.25,CA
34686,9/2/2014,Von's Groceries,-38.82,CA
34686,9/2/2014,Fisker Night Club,-23.85,CA
34686,9/2/2014,Ice Skating Rink,-31.44,CA
34686,9/2/2014,Seaside Bar,-71.34,CA
34686,9/3/2014,Uber,-3.44,CA
34686,9/3/2014,Bowling,-32.35,CA
34686,9/4/2014,Owl Night Club,-7.22,CA
34686,9/4/2014,Concert Ticket,-9.01,CA
34686,9/5/2014,Rodriguez's Bar and Grill,-20.32,CA
34686,9/5/2014,Rodriguez's Bar and Grill,-9.63,CA
34686,9/5/2014,Public Transportation - Train Pass,-39.77,CA
34686,9/5/2014,Restaurant - Steakhouse,-105.08,CA
34686,9/5/2014,Sprouts Market,-34.97,CA
34686,9/5/2014,Restaurant - Burgers,-19.74,CA
34686,9/6/2014,Fisker Night Club,-11.45,CA
34686,9/6/2014,Starbucks Coffee,-12.19,CA
34686,9/6/2014,Movie Ticket,-114.35,CA
34686,9/6/2014,Public Transportation - Bus Pass,-26.38,CA
34686,9/6/2014,Uber,-33.06,CA
34686,9/6/2014,Restaurant - Pizza,-14.26,CA
34686,9/6/2014,Lyft,-19.79,CA
34686,9/6/2014,Rodriguez's Bar and Grill,-73.52,CA
34686,9/6/2014,John's Bar & Restaurant,-31.21,CA
34686,9/6/2014,Uber,-10.08,CA
34686,9/6/2014,Green Flash Brewery,-90.92,CA
34686,9/6/2014,Restaurant - Steakhouse,-27.61,CA
34686,9/6/2014,Ice Skating Rink,-23.71,CA
34686,9/7/2014,Bowling,-35.01,CA
34686,9/8/2014,Karaoke Bar,-5.8,CA
34686,9/8/2014,Public Transportation - Train Pass,-37.33,CA
34686,9/8/2014,Von's Groceries,-7.31,CA
34686,9/9/2014,Uber,-25.22,CA
34686,9/9/2014,Green Flash Brewery,-2.26,CA
34686,9/10/2014,Public Transportation - Train Pass,-17.33,CA
34686,9/11/2014,John's Bar & Restaurant,-30.6,CA
34686,9/12/2014,Concert Ticket,-21.32,CA
34686,9/12/2014,Wine Bar,-7.6,CA
34686,9/12/2014,Lyft,-16.25,CA
34686,9/12/2014,Public Transportation - Train Pass,-7.63,CA
34686,9/12/2014,Taxi,-97.58,CA
34686,9/13/2014,Owl Night Club,-74.04,CA
34686,9/14/2014,Green Flash Brewery,-118.86,CA
34686,9/15/2014,Lyft,-35.99,CA
34686,9/15/2014,Green Flash Brewery,-76.08,CA
34686,9/16/2014,Restaurant - Chinese,-16.42,CA
34686,9/16/2014,Taxi,-24.48,CA
34686,9/16/2014,Seaside Bar,-112.4,CA
34686,9/17/2014,Restaurant - Pizza,-5.21,CA
34686,9/18/2014,Restaurant - Pizza,-8.46,CA
34686,9/19/2014,Public Transportation - Bus Pass,-12.25,CA
34686,9/19/2014,Owl Night Club,-16.16,CA
34686,9/19/2014,Karaoke Bar,-29.74,CA
34686,9/19/2014,Restaurant - Pizza,-21.64,CA
34686,9/19/2014,John's Bar & Restaurant,-59.34,CA
34686,9/20/2014,Restaurant - Pizza,-9.78,CA
34686,9/20/2014,Sprouts Market,-114.79,CA
34686,9/20/2014,Whole Foods,-4.16,CA
34686,9/20/2014,Bowling,-14.88,CA
34686,9/21/2014,Fisker Night Club,-21.28,CA
34686,9/21/2014,Restaurant - Burgers,-8.74,CA
34686,9/22/2014,Uber,-17.29,CA
34686,9/22/2014,Restaurant - Chinese,-18.73,CA
34686,9/22/2014,Public Transportation - Train Pass,-17.25,CA
34686,9/22/2014,Movie Ticket,-6.34,CA
34686,9/23/2014,Seaside Bar,-8.98,CA
34686,9/23/2014,Restaurant - Chinese,-7.91,CA
34686,9/24/2014,Bowling,-0.09,CA
34686,9/24/2014,Restaurant - Burgers,-7.07,CA
34686,9/24/2014,Karaoke Bar,-1.66,CA
34686,9/25/2014,Movie Ticket,-37.99,CA
34686,9/25/2014,Green Flash Brewery,-8.14,CA
34686,9/26/2014,Karaoke Bar,-0.35,CA
34686,9/26/2014,Wine Bar,-14.87,CA
34686,9/26/2014,Whole Foods,-21.19,CA
34686,9/26/2014,John's Bar & Restaurant,-38.45,CA
34686,9/27/2014,Bowling,-6.81,CA
34686,9/27/2014,Owl Night Club,-34.92,CA
34686,9/27/2014,Lyft,-110.1,CA
34686,9/27/2014,John's Bar & Restaurant,-35.45,CA
34686,9/27/2014,Ice Skating Rink,-1.8,CA
34686,9/28/2014,Movie Ticket,-24.44,CA
34686,9/28/2014,Concert Ticket,-17.46,CA
34686,9/28/2014,Bowling,-15.25,CA
34686,9/28/2014,Sprouts Market,-16.56,CA
34686,9/28/2014,Movie Ticket,-15.9,CA
34686,9/28/2014,Movie Ticket,-9.21,CA
34686,9/29/2014,Karaoke Bar,-85.91,CA
34686,9/29/2014,Wine Bar,-24.08,CA
34686,9/30/2014,Restaurant - Burgers,-14.42,CA
34686,9/30/2014,Sprouts Market,-11.37,CA
34686,10/2/2014,Paycheck,3988,CA
34686,10/2/2014,Housing Rent,-1328,CA
34686,10/2/2014,Credit Card Payment,-154,CA
34686,10/2/2014,Karaoke Bar,-24.96,CA
34686,10/2/2014,John's Bar & Restaurant,-12.7,CA
34686,10/2/2014,Taxi,-41.06,CA
34686,10/2/2014,Starbucks Coffee,-46.15,CA
34686,10/2/2014,Movie Ticket,-100.57,CA
34686,10/2/2014,Fisker Night Club,-50.93,CA
34686,10/3/2014,Seaside Bar,-1.28,CA
34686,10/3/2014,Restaurant - Burgers,-21.66,CA
34686,10/3/2014,Restaurant - Burgers,-22.95,CA
34686,10/4/2014,Fisker Night Club,-1.97,CA
34686,10/4/2014,Taxi,-1.34,CA
34686,10/4/2014,Seaside Bar,-6.81,CA
34686,10/5/2014,Wine Bar,-30.25,CA
34686,10/6/2014,John's Bar & Restaurant,-3.01,CA
34686,10/6/2014,Concert Ticket,-10.41,CA
34686,10/6/2014,Restaurant - Chinese,-85.32,CA
34686,10/7/2014,Fisker Night Club,-23.01,CA
34686,10/7/2014,Food Delivery - GrubHub,-2.2,CA
34686,10/7/2014,Bowling,-33.19,CA
34686,10/8/2014,Ralph's Grocery Store,-97.34,CA
34686,10/8/2014,Movie Ticket,-14.29,CA
34686,10/8/2014,Rodriguez's Bar and Grill,-82.44,CA
34686,10/9/2014,Owl Night Club,-19.43,CA
34686,10/10/2014,Concert Ticket,-39.28,CA
34686,10/10/2014,Rodriguez's Bar and Grill,-27.66,CA
34686,10/10/2014,Seaside Bar,-71.91,CA
34686,10/11/2014,Public Transportation - Bus Pass,-35.98,CA
34686,10/11/2014,Green Flash Brewery,-0.94,CA
34686,10/12/2014,Fisker Night Club,-33.53,CA
34686,10/12/2014,Sprouts Market,-34.72,CA
34686,10/12/2014,Lyft,-29.61,CA
34686,10/13/2014,John's Bar & Restaurant,-36.27,CA
34686,10/13/2014,Wine Bar,-24.44,CA
34686,10/14/2014,Food Delivery - GrubHub,-12.66,CA
34686,10/14/2014,Taxi,-12.38,CA
34686,10/14/2014,Ice Skating Rink,-13.28,CA
34686,10/14/2014,Restaurant - Burgers,-22.29,CA
34686,10/15/2014,John's Bar & Restaurant,-10.21,CA
34686,10/15/2014,Green Flash Brewery,-4.23,CA
34686,10/16/2014,Movie Ticket,-11.29,CA
34686,10/16/2014,Public Transportation - Bus Pass,-29.5,CA
34686,10/16/2014,Ice Skating Rink,-17.84,CA
34686,10/17/2014,Restaurant - Burgers,-10.6,CA
34686,10/17/2014,Food Delivery - GrubHub,-33.94,CA
34686,10/17/2014,Lyft,-37.52,CA
34686,10/17/2014,Karaoke Bar,-29.04,CA
34686,10/18/2014,Lyft,-29.14,CA
34686,10/19/2014,Ice Skating Rink,-13.32,CA
34686,10/19/2014,Concert Ticket,-96.96,CA
34686,10/19/2014,Seaside Bar,-30.35,CA
34686,10/19/2014,Rodriguez's Bar and Grill,-16.89,CA
34686,10/19/2014,Bowling,-32.33,CA
34686,10/19/2014,Taxi,-13.09,CA
34686,10/19/2014,Movie Ticket,-57.21,CA
34686,10/20/2014,Taxi,-26.11,CA
34686,10/21/2014,Ice Skating Rink,-15.93,CA
34686,10/21/2014,Ice Skating Rink,-28.66,CA
34686,10/22/2014,Bowling,-39.92,CA
34686,10/22/2014,Green Flash Brewery,-10.31,CA
34686,10/22/2014,Restaurant - Burgers,-5.16,CA
34686,10/23/2014,Ice Skating Rink,-3.24,CA
34686,10/23/2014,Restaurant - Steakhouse,-26.81,CA
34686,10/23/2014,Bowling,-5.87,CA
34686,10/24/2014,Uber,-79.58,CA
34686,10/24/2014,Bowling,-29.76,CA
34686,10/24/2014,Uber,-7.07,CA
34686,10/24/2014,Karaoke Bar,-2.25,CA
34686,10/24/2014,Taxi,-3.32,CA
34686,10/25/2014,Public Transportation - Train Pass,-52.74,CA
34686,10/26/2014,Whole Foods,-99.66,CA
34686,10/27/2014,Owl Night Club,-116.44,CA
34686,10/27/2014,John's Bar & Restaurant,-2.43,CA
34686,10/27/2014,Movie Ticket,-25.79,CA
34686,10/27/2014,Ice Skating Rink,-25.9,CA
34686,10/28/2014,Food Delivery - GrubHub,-24.57,CA
34686,10/28/2014,Concert Ticket,-28.91,CA
34686,10/28/2014,Concert Ticket,-17.09,CA
34686,10/29/2014,Bowling,-12.49,CA
34686,10/29/2014,Ice Skating Rink,-31.48,CA
34686,10/29/2014,Public Transportation - Bus Pass,-91.83,CA
34686,10/29/2014,Ice Skating Rink,-25.29,CA
34686,10/30/2014,Ralph's Grocery Store,-31.65,CA
34686,10/30/2014,Taxi,-36.59,CA
34686,10/30/2014,Von's Groceries,-38.8,CA
34686,10/30/2014,Taxi,-6.68,CA
34686,10/30/2014,John's Bar & Restaurant,-9.48,CA
34686,10/30/2014,Restaurant - Steakhouse,-86.19,CA
34686,10/30/2014,Ice Skating Rink,-31.61,CA
34686,10/30/2014,Lyft,-24.9,CA
34686,11/2/2014,Paycheck,3988,CA
34686,11/2/2014,Housing Rent,-1301,CA
34686,11/2/2014,Credit Card Payment,-154,CA
34686,11/2/2014,Restaurant - Pizza,-22.19,CA
34686,11/2/2014,Whole Foods,-38.85,CA
34686,11/2/2014,John's Bar & Restaurant,-37.66,CA
34686,11/2/2014,Bowling,-3.35,CA
34686,11/2/2014,Bowling,-5.08,CA
34686,11/3/2014,Fisker Night Club,-31.98,CA
34686,11/3/2014,Food Delivery - GrubHub,-95.64,CA
34686,11/3/2014,Ice Skating Rink,-33.34,CA
34686,11/4/2014,Food Delivery - GrubHub,-73.91,CA
34686,11/5/2014,Movie Ticket,-19.12,CA
34686,11/6/2014,Rodriguez's Bar and Grill,-22.66,CA
34686,11/7/2014,John's Bar & Restaurant,-54.74,CA
34686,11/7/2014,Green Flash Brewery,-31.04,CA
34686,11/7/2014,Restaurant - Steakhouse,-33.83,CA
34686,11/8/2014,John's Bar & Restaurant,-27.76,CA
34686,11/8/2014,Public Transportation - Bus Pass,-7.87,CA
34686,11/8/2014,Owl Night Club,-32.75,CA
34686,11/9/2014,Wine Bar,-35.04,CA
34686,11/9/2014,Fisker Night Club,-20.55,CA
34686,11/10/2014,Fisker Night Club,-32.06,CA
34686,11/10/2014,Karaoke Bar,-26.2,CA
34686,11/10/2014,Karaoke Bar,-12.7,CA
34686,11/10/2014,Restaurant - Burgers,-1.82,CA
34686,11/11/2014,Owl Night Club,-21.49,CA
34686,11/11/2014,Restaurant - Burgers,-35.73,CA
34686,11/12/2014,Karaoke Bar,-30.19,CA
34686,11/12/2014,Movie Ticket,-0.08,CA
34686,11/12/2014,Lyft,-35.05,CA
34686,11/12/2014,Public Transportation - Train Pass,-119.39,CA
34686,11/13/2014,Lyft,-6.08,CA
34686,11/13/2014,Taxi,-21.78,CA
34686,11/13/2014,Owl Night Club,-16.39,CA
34686,11/13/2014,Karaoke Bar,-7.79,CA
34686,11/13/2014,Lyft,-13.81,CA
34686,11/14/2014,Taxi,-21.39,CA
34686,11/14/2014,Lyft,-35.4,CA
34686,11/14/2014,Restaurant - Burgers,-94.66,CA
34686,11/14/2014,Restaurant - Burgers,-94.51,CA
34686,11/15/2014,Public Transportation - Train Pass,-26.7,CA
34686,11/15/2014,Taxi,-19.15,CA
34686,11/15/2014,Owl Night Club,-4.08,CA
34686,11/15/2014,Seaside Bar,-25.44,CA
34686,11/15/2014,Movie Ticket,-16.47,CA
34686,11/15/2014,Seaside Bar,-11.58,CA
34686,11/16/2014,Uber,-8.16,CA
34686,11/16/2014,Karaoke Bar,-74.55,CA
34686,11/16/2014,Von's Groceries,-25.47,CA
34686,11/17/2014,Movie Ticket,-16.79,CA
34686,11/17/2014,Taxi,-7.91,CA
34686,11/18/2014,Starbucks Coffee,-4.99,CA
34686,11/19/2014,Owl Night Club,-18.04,CA
34686,11/19/2014,Lyft,-76.32,CA
34686,11/20/2014,Restaurant - Pizza,-78.71,CA
34686,11/21/2014,Ralph's Grocery Store,-30.14,CA
34686,11/22/2014,Bowling,-11.94,CA
34686,11/22/2014,Movie Ticket,-76.43,CA
34686,11/22/2014,Bowling,-34.93,CA
34686,11/23/2014,Fisker Night Club,-3.1,CA
34686,11/24/2014,Ice Skating Rink,-6.09,CA
34686,11/24/2014,Fisker Night Club,-37.83,CA
34686,11/25/2014,Ice Skating Rink,-78.58,CA
34686,11/25/2014,Public Transportation - Train Pass,-29.99,CA
34686,11/25/2014,Restaurant - Pizza,-9.7,CA
34686,11/25/2014,Ice Skating Rink,-2.89,CA
34686,11/25/2014,John's Bar & Restaurant,-3.66,CA
34686,11/25/2014,Wine Bar,-30.56,CA
34686,11/25/2014,Ice Skating Rink,-55.02,CA
34686,11/26/2014,Bowling,-9.28,CA
34686,11/26/2014,Wine Bar,-3.64,CA
34686,11/26/2014,Lyft,-28.16,CA
34686,11/26/2014,Public Transportation - Bus Pass,-117.47,CA
34686,11/26/2014,Seaside Bar,-22.65,CA
34686,11/26/2014,Movie Ticket,-28.81,CA
34686,11/27/2014,Green Flash Brewery,-18.72,CA
34686,11/27/2014,Ice Skating Rink,-10.98,CA
34686,11/27/2014,Taxi,-9.46,CA
34686,11/27/2014,Movie Ticket,-98.35,CA
34686,11/28/2014,Seaside Bar,-24.11,CA
34686,11/29/2014,Rodriguez's Bar and Grill,-22.15,CA
34686,11/29/2014,Lyft,-30.17,CA
34686,11/30/2014,Lyft,-22.27,CA
34686,12/2/2014,Paycheck,3988,CA
34686,12/2/2014,Housing Rent,-1143,CA
34686,12/2/2014,Credit Card Payment,-154,CA
34686,12/2/2014,Food Delivery - GrubHub,-4.72,CA
34686,12/2/2014,Uber,-17.79,CA
34686,12/2/2014,Seaside Bar,-114.46,CA
34686,12/3/2014,Starbucks Coffee,-7.42,CA
34686,12/4/2014,Sprouts Market,-13.33,CA
34686,12/4/2014,Public Transportation - Bus Pass,-4.26,CA
34686,12/4/2014,Owl Night Club,-70.03,CA
34686,12/4/2014,Restaurant - Steakhouse,-19.82,CA
34686,12/5/2014,Public Transportation - Bus Pass,-39,CA
34686,12/5/2014,Concert Ticket,-36.58,CA
34686,12/5/2014,Public Transportation - Train Pass,-6.62,CA
34686,12/5/2014,Bowling,-0.07,CA
34686,12/5/2014,Fisker Night Club,-31.02,CA
34686,12/5/2014,Green Flash Brewery,-24.42,CA
34686,12/5/2014,Uber,-91.02,CA
34686,12/6/2014,Seaside Bar,-21.77,CA
34686,12/7/2014,Starbucks Coffee,-7.31,CA
34686,12/7/2014,Bowling,-14.31,CA
34686,12/7/2014,Von's Groceries,-38.64,CA
34686,12/7/2014,Seaside Bar,-8.94,CA
34686,12/7/2014,Bowling,-32.65,CA
34686,12/7/2014,Karaoke Bar,-9.04,CA
34686,12/8/2014,Public Transportation - Bus Pass,-34.98,CA
34686,12/8/2014,Green Flash Brewery,-1.39,CA
34686,12/8/2014,Restaurant - Pizza,-10.64,CA
34686,12/8/2014,Food Delivery - GrubHub,-90.38,CA
34686,12/8/2014,Karaoke Bar,-20.24,CA
34686,12/8/2014,Karaoke Bar,-24.85,CA
34686,12/8/2014,Uber,-11.43,CA
34686,12/8/2014,Restaurant - Steakhouse,-31.97,CA
34686,12/8/2014,Ralph's Grocery Store,-65.58,CA
34686,12/8/2014,Green Flash Brewery,-19.63,CA
34686,12/9/2014,Food Delivery - GrubHub,-25.04,CA
34686,12/9/2014,Public Transportation - Bus Pass,-24.42,CA
34686,12/10/2014,Bowling,-29.14,CA
34686,12/11/2014,Fisker Night Club,-6.4,CA
34686,12/12/2014,Seaside Bar,-11.99,CA
34686,12/12/2014,Movie Ticket,-28.81,CA
34686,12/12/2014,Public Transportation - Bus Pass,-16.04,CA
34686,12/13/2014,Lyft,-16.12,CA
34686,12/14/2014,Wine Bar,-38.4,CA
34686,12/14/2014,John's Bar & Restaurant,-28.93,CA
34686,12/14/2014,Public Transportation - Bus Pass,-14.47,CA
34686,12/14/2014,Rodriguez's Bar and Grill,-31.81,CA
34686,12/14/2014,Concert Ticket,-4.07,CA
34686,12/15/2014,Uber,-30.15,CA
34686,12/15/2014,Ice Skating Rink,-1.92,CA
34686,12/16/2014,Starbucks Coffee,-35.56,CA
34686,12/16/2014,Green Flash Brewery,-34.62,CA
34686,12/16/2014,Von's Groceries,-11.81,CA
34686,12/17/2014,Wine Bar,-11.66,CA
34686,12/17/2014,Seaside Bar,-19.61,CA
34686,12/18/2014,Restaurant - Burgers,-38.84,CA
34686,12/18/2014,Owl Night Club,-17.19,CA
34686,12/19/2014,Fisker Night Club,-78.67,CA
34686,12/19/2014,Starbucks Coffee,-23.43,CA
34686,12/19/2014,Rodriguez's Bar and Grill,-9.47,CA
34686,12/20/2014,Concert Ticket,-70.5,CA
34686,12/21/2014,Concert Ticket,-89.35,CA
34686,12/21/2014,Green Flash Brewery,-30.11,CA
34686,12/21/2014,Bowling,-7.96,CA
34686,12/21/2014,Green Flash Brewery,-77.26,CA
34686,12/22/2014,Public Transportation - Train Pass,-36.99,CA
34686,12/22/2014,Owl Night Club,-1,CA
34686,12/22/2014,Starbucks Coffee,-13.63,CA
34686,12/23/2014,Green Flash Brewery,-8.13,CA
34686,12/23/2014,Starbucks Coffee,-32.3,CA
34686,12/23/2014,Green Flash Brewery,-2.59,CA
34686,12/24/2014,Ice Skating Rink,-25.21,CA
34686,12/24/2014,Taxi,-10.51,CA
34686,12/24/2014,Karaoke Bar,-15.44,CA
34686,12/24/2014,Public Transportation - Train Pass,-38.21,CA
34686,12/24/2014,Public Transportation - Bus Pass,-82.93,CA
34686,12/24/2014,Owl Night Club,-4.2,CA
34686,12/24/2014,Concert Ticket,-35.84,CA
34686,12/24/2014,Wine Bar,-2.98,CA
34686,12/25/2014,Fisker Night Club,-108.41,CA
34686,12/26/2014,John's Bar & Restaurant,-13.09,CA
34686,12/26/2014,Ice Skating Rink,-33.54,CA
34686,12/26/2014,Seaside Bar,-33.4,CA
34686,12/27/2014,Karaoke Bar,-24.57,CA
34686,12/27/2014,Green Flash Brewery,-24.84,CA
34686,12/27/2014,Taxi,-2.66,CA
34686,12/28/2014,Von's Groceries,-5.44,CA
34686,12/29/2014,Lyft,-21.96,CA
34686,12/29/2014,Lyft,-73.11,CA
34686,12/29/2014,Uber,-9.35,CA
34686,12/30/2014,Uber,-37.3,CA
34686,12/30/2014,Restaurant - Pizza,-40.6,CA
34686,12/30/2014,Ice Skating Rink,-12.73,CA
34686,12/30/2014,Karaoke Bar,-38.32,CA
34686,12/32/2014,John's Bar & Restaurant,-4.15,CA
34686,12/32/2014,Public Transportation - Train Pass,-82.38,CA
34686,12/32/2014,Ice Skating Rink,-9.56,CA
34686,12/32/2014,Lyft,-20.42,CA
