auth_id, Date, Vendor, Amount, Location 
67812,1/2/2013,Public Transportation - Bus Pass,-31.02,CA
67812,1/3/2013,Video Game - PlayStation,-8.71,CA
67812,1/3/2013,Art Museum,-83.3,CA
67812,1/3/2013,Science Museum,-7.01,CA
67812,1/4/2013,Public Transportation - Bus Pass,-28.02,CA
67812,1/5/2013,Public Transportation - Train Pass,-1.04,CA
67812,1/5/2013,Science Museum,-44.02,CA
67812,1/6/2013,Restaurant - Steakhouse,-9.75,CA
67812,1/6/2013,Lyft,-11.81,CA
67812,1/6/2013,Mary's Book Store,-8.29,CA
67812,1/7/2013,Taxi,-97.01,CA
67812,1/7/2013,Library Membership,-5.27,CA
67812,1/7/2013,Taxi,-21.26,CA
67812,1/7/2013,Art Museum,-92.93,CA
67812,1/8/2013,Amazon Order - Star Wars Figurine,-24.52,CA
67812,1/8/2013,Public Transportation - Train Pass,-27.96,CA
67812,1/8/2013,San Diego Museum,-13.67,CA
67812,1/9/2013,Video Game - PlayStation,-23.64,CA
67812,1/10/2013,Coffee,-7.86,CA
67812,1/10/2013,Public Transportation - Train Pass,-6.38,CA
67812,1/10/2013,Public Transportation - Bus Pass,-9.4,CA
67812,1/10/2013,Goods2 - ThinkGeek,-11.72,CA
67812,1/10/2013,San Diego Museum,-113.8,CA
67812,1/11/2013,Goods2 - ThinkGeek,-25.84,CA
67812,1/11/2013,San Diego Museum,-35,CA
67812,1/11/2013,Restaurant - Chinese,-36.94,CA
67812,1/11/2013,Amazon Order - Mathematics Book,-48.88,CA
67812,1/11/2013,Amazon Order - Science Book,-1.89,CA
67812,1/11/2013,Coffee,-22.5,CA
67812,1/11/2013,Public Transportation - Bus Pass,-28.84,CA
67812,1/11/2013,San Diego Museum,-35.7,CA
67812,1/11/2013,Coffee,-2.92,CA
67812,1/11/2013,Online Education Courses,-11.31,CA
67812,1/11/2013,Coffee,-19.51,CA
67812,1/11/2013,Ralph's Grocery Store,-86.37,CA
67812,1/11/2013,Video Game - PlayStation,-23.79,CA
67812,1/11/2013,DVD - Star Trek,-27.75,CA
67812,1/12/2013,Starbucks Coffee,-9.95,CA
67812,1/12/2013,Amazon Order - Star Wars Figurine,-101.02,CA
67812,1/12/2013,Uber,-25.73,CA
67812,1/12/2013,Uber,-29.8,CA
67812,1/12/2013,Ralph's Grocery Store,-32.99,CA
67812,1/13/2013,Public Transportation - Bus Pass,-19.6,CA
67812,1/14/2013,Whole Foods,-0.61,CA
67812,1/15/2013,Restaurant - Chinese,-51.45,CA
67812,1/15/2013,Von's Groceries,-103.72,CA
67812,1/15/2013,Amazon Order - Science Book,-20.68,CA
67812,1/16/2013,Taxi,-42.39,CA
67812,1/16/2013,Restaurant - Chinese,-17.69,CA
67812,1/16/2013,Coffee,-3.63,CA
67812,1/16/2013,Public Transportation - Bus Pass,-11.26,CA
67812,1/16/2013,Amazon Order - Biology Book,-29.22,CA
67812,1/17/2013,Goods2 - ThinkGeek,-15.38,CA
67812,1/18/2013,Mary's Book Store,-89.5,CA
67812,1/19/2013,Restaurant - Pizza,-34.73,CA
67812,1/19/2013,Uber,-32.76,CA
67812,1/20/2013,Mary's Book Store,-0.78,CA
67812,1/21/2013,Amazon Order - Star Wars Figurine,-100.05,CA
67812,1/21/2013,Public Transportation - Train Pass,-75.59,CA
67812,1/21/2013,Art Museum,-2.83,CA
67812,1/21/2013,Lyft,-0.82,CA
67812,1/21/2013,Mary's Book Store,-39.51,CA
67812,1/21/2013,Taxi,-5.66,CA
67812,1/21/2013,Amazon Order - Star Wars Figurine,-13.63,CA
67812,1/21/2013,Ralph's Grocery Store,-19.94,CA
67812,1/22/2013,Library Membership,-0.96,CA
67812,1/23/2013,Online Education Courses,-16.43,CA
67812,1/23/2013,Video Game - PlayStation,-22.97,CA
67812,1/24/2013,Amazon Order - Biology Book,-14.11,CA
67812,1/24/2013,Art Museum,-5.35,CA
67812,1/24/2013,Online Education Courses,-2.6,CA
67812,1/24/2013,Amazon Order - Science Book,-12.73,CA
67812,1/24/2013,Goods2 - ThinkGeek,-14.87,CA
67812,1/24/2013,Public Transportation - Bus Pass,-28.69,CA
67812,1/25/2013,Goods2 - ThinkGeek,-13.62,CA
67812,1/25/2013,Uber,-31.59,CA
67812,1/25/2013,Mary's Book Store,-6.22,CA
67812,1/26/2013,Von's Groceries,-35.72,CA
67812,1/26/2013,Science Museum,-21.35,CA
67812,1/26/2013,Amazon Order - Star Wars Figurine,-33.5,CA
67812,1/26/2013,Amazon Order - Mathematics Book,-115.97,CA
67812,1/26/2013,Public Transportation - Train Pass,-35.26,CA
67812,1/27/2013,DVD - Star Trek,-62.18,CA
67812,1/27/2013,DVD - Star Trek,-7.54,CA
67812,1/27/2013,Food Delivery - GrubHub,-36.38,CA
67812,1/28/2013,Amazon Order - Biology Book,-38.48,CA
67812,1/29/2013,Restaurant - Pizza,-116.74,CA
67812,1/30/2013,Public Transportation - Train Pass,-16.79,CA
67812,3/2/2013,Paycheck,4280,CA
67812,3/2/2013,Housing Rent,-1173,CA
67812,3/2/2013,Time Warner Cable,-25,CA
67812,3/2/2013,ACS - Student Loans,-135,CA
67812,3/2/2013,Navient - Student Loans,-197,CA
67812,3/2/2013,Credit Card Payment,-154,CA
67812,3/2/2013,Water & Sewer,-53,CA
67812,3/2/2013,Coffee,-32.37,CA
67812,3/3/2013,Von's Groceries,-34.61,CA
67812,3/4/2013,Art Museum,-26.18,CA
67812,3/4/2013,Amazon Order - Mathematics Book,-20.33,CA
67812,3/4/2013,Public Transportation - Train Pass,-1.63,CA
67812,3/4/2013,Video Game - PlayStation,-53.04,CA
67812,3/4/2013,Lyft,-17.59,CA
67812,3/4/2013,Uber,-20.35,CA
67812,3/4/2013,Online Education Courses,-38.54,CA
67812,3/5/2013,Goods2 - ThinkGeek,-15.38,CA
67812,3/5/2013,San Diego Museum,-5.49,CA
67812,3/5/2013,Amazon Order - Star Wars Figurine,-83.95,CA
67812,3/6/2013,Uber,-8.07,CA
67812,3/6/2013,Mary's Book Store,-5.48,CA
67812,3/6/2013,DVD - Star Trek,-25.15,CA
67812,3/6/2013,Taxi,-4.83,CA
67812,3/7/2013,Amazon Order - Science Book,-46.85,CA
67812,3/7/2013,Library Membership,-5.28,CA
67812,3/7/2013,Library Membership,-12.35,CA
67812,3/7/2013,Public Transportation - Train Pass,-4.98,CA
67812,3/8/2013,Uber,-33.14,CA
67812,3/8/2013,Amazon Order - Biology Book,-26.55,CA
67812,3/8/2013,Amazon Order - Biology Book,-13.93,CA
67812,3/9/2013,Taxi,-26.98,CA
67812,3/9/2013,Amazon Order - Biology Book,-3.13,CA
67812,3/9/2013,Restaurant - Chinese,-11.87,CA
67812,3/10/2013,Public Transportation - Bus Pass,-4.56,CA
67812,3/10/2013,Coffee,-30.11,CA
67812,3/11/2013,Goods2 - ThinkGeek,-11.17,CA
67812,3/12/2013,Amazon Order - Mathematics Book,-20.92,CA
67812,3/12/2013,Amazon Order - Biology Book,-34.6,CA
67812,3/13/2013,Library Membership,-32.86,CA
67812,3/14/2013,Amazon Order - Star Wars Figurine,-19.42,CA
67812,3/14/2013,San Diego Museum,-1.81,CA
67812,3/14/2013,Uber,-36.55,CA
67812,3/15/2013,Goods2 - ThinkGeek,-29.51,CA
67812,3/15/2013,Amazon Order - Star Wars Figurine,-114.94,CA
67812,3/15/2013,Amazon Order - Mathematics Book,-76.37,CA
67812,3/15/2013,Video Game - PlayStation,-47.18,CA
67812,3/16/2013,Food Delivery - GrubHub,-115.91,CA
67812,3/16/2013,Lyft,-1.77,CA
67812,3/17/2013,Von's Groceries,-18.42,CA
67812,3/17/2013,Amazon Order - Mathematics Book,-33.58,CA
67812,3/17/2013,Restaurant - Burgers,-117.37,CA
67812,3/18/2013,DVD - Star Trek,-30.32,CA
67812,3/18/2013,DVD - Star Trek,-38.51,CA
67812,3/19/2013,Restaurant - Chinese,-11.79,CA
67812,3/19/2013,Amazon Order - Mathematics Book,-49.85,CA
67812,3/19/2013,Public Transportation - Train Pass,-23.93,CA
67812,3/19/2013,Restaurant - Pizza,-6.35,CA
67812,3/20/2013,Restaurant - Chinese,-84.07,CA
67812,3/20/2013,Video Game - PlayStation,-38.27,CA
67812,3/20/2013,Amazon Order - Mathematics Book,-4.91,CA
67812,3/20/2013,Amazon Order - Science Book,-56.86,CA
67812,3/20/2013,Goods2 - ThinkGeek,-25.34,CA
67812,3/20/2013,DVD - Star Trek,-15.46,CA
67812,3/21/2013,Library Membership,-22.26,CA
67812,3/22/2013,Whole Foods,-25.27,CA
67812,3/23/2013,Art Museum,-27.9,CA
67812,3/23/2013,Online Education Courses,-69.29,CA
67812,3/24/2013,Art Museum,-21.13,CA
67812,3/25/2013,Amazon Order - Mathematics Book,-32.43,CA
67812,3/25/2013,Amazon Order - Biology Book,-38.18,CA
67812,3/25/2013,Amazon Order - Star Wars Figurine,-20.97,CA
67812,3/25/2013,Von's Groceries,-22.12,CA
67812,3/26/2013,Science Museum,-25.99,CA
67812,3/27/2013,Science Museum,-32.28,CA
67812,3/27/2013,Taxi,-21.87,CA
67812,3/27/2013,Video Game - PlayStation,-8.68,CA
67812,3/28/2013,Whole Foods,-33.52,CA
67812,3/28/2013,Restaurant - Pizza,-53.54,CA
67812,3/28/2013,Food Delivery - GrubHub,-13.52,CA
67812,3/28/2013,Video Game - PlayStation,-38.82,CA
67812,3/29/2013,San Diego Museum,-17.67,CA
67812,3/30/2013,San Diego Museum,-20.21,CA
67812,4/2/2013,Paycheck,4280,CA
67812,4/2/2013,Housing Rent,-1377,CA
67812,4/2/2013,Time Warner Cable,-25,CA
67812,4/2/2013,ACS - Student Loans,-135,CA
67812,4/2/2013,Navient - Student Loans,-197,CA
67812,4/2/2013,Credit Card Payment,-154,CA
67812,4/2/2013,Water & Sewer,-53,CA
67812,4/2/2013,Lyft,-60.21,CA
67812,4/3/2013,Taxi,-30.96,CA
67812,4/4/2013,Amazon Order - Star Wars Figurine,-20.31,CA
67812,4/4/2013,Restaurant - Burgers,-33.11,CA
67812,4/4/2013,Public Transportation - Bus Pass,-8.18,CA
67812,4/4/2013,Amazon Order - Mathematics Book,-11.03,CA
67812,4/4/2013,Online Education Courses,-3.05,CA
67812,4/5/2013,Amazon Order - Star Wars Figurine,-20.24,CA
67812,4/5/2013,Amazon Order - Star Wars Figurine,-24.19,CA
67812,4/5/2013,Restaurant - Chinese,-33.1,CA
67812,4/5/2013,Art Museum,-13.45,CA
67812,4/6/2013,Amazon Order - Star Wars Figurine,-12.08,CA
67812,4/6/2013,Goods2 - ThinkGeek,-0.42,CA
67812,4/6/2013,Science Museum,-23.25,CA
67812,4/6/2013,Amazon Order - Science Book,-0.7,CA
67812,4/6/2013,Amazon Order - Star Wars Figurine,-35.35,CA
67812,4/6/2013,Library Membership,-91.04,CA
67812,4/7/2013,Public Transportation - Bus Pass,-22.24,CA
67812,4/8/2013,Uber,-21.06,CA
67812,4/8/2013,Science Museum,-39.77,CA
67812,4/8/2013,Amazon Order - Mathematics Book,-25.88,CA
67812,4/8/2013,Amazon Order - Science Book,-38.05,CA
67812,4/9/2013,DVD - Star Trek,-23.27,CA
67812,4/9/2013,Art Museum,-2.73,CA
67812,4/9/2013,Taxi,-59.91,CA
67812,4/9/2013,Mary's Book Store,-30.87,CA
67812,4/9/2013,Public Transportation - Train Pass,-12.11,CA
67812,4/9/2013,Art Museum,-27.61,CA
67812,4/9/2013,Taxi,-14.6,CA
67812,4/9/2013,Video Game - PlayStation,-30.93,CA
67812,4/9/2013,Public Transportation - Train Pass,-35.87,CA
67812,4/9/2013,Amazon Order - Science Book,-10.89,CA
67812,4/9/2013,Coffee,-17.75,CA
67812,4/10/2013,Amazon Order - Mathematics Book,-33.09,CA
67812,4/10/2013,Goods2 - ThinkGeek,-27.11,CA
67812,4/10/2013,Coffee,-16.56,CA
67812,4/10/2013,Food Delivery - GrubHub,-13.43,CA
67812,4/11/2013,Restaurant - Chinese,-26.63,CA
67812,4/11/2013,Coffee,-33.79,CA
67812,4/11/2013,Amazon Order - Mathematics Book,-70.15,CA
67812,4/11/2013,San Diego Museum,-26.3,CA
67812,4/11/2013,Ralph's Grocery Store,-14.69,CA
67812,4/11/2013,Online Education Courses,-37.84,CA
67812,4/11/2013,Lyft,-38.65,CA
67812,4/12/2013,Amazon Order - Mathematics Book,-6.82,CA
67812,4/12/2013,Restaurant - Burgers,-16.75,CA
67812,4/12/2013,Uber,-6.84,CA
67812,4/13/2013,Library Membership,-2.37,CA
67812,4/13/2013,Goods2 - ThinkGeek,-4.93,CA
67812,4/14/2013,San Diego Museum,-15.55,CA
67812,4/14/2013,San Diego Museum,-11.37,CA
67812,4/14/2013,Coffee,-28.59,CA
67812,4/15/2013,Mary's Book Store,-38.45,CA
67812,4/15/2013,Restaurant - Steakhouse,-17.33,CA
67812,4/16/2013,Public Transportation - Train Pass,-13.31,CA
67812,4/16/2013,Library Membership,-11.02,CA
67812,4/17/2013,Coffee,-70.63,CA
67812,4/17/2013,Video Game - PlayStation,-65.94,CA
67812,4/18/2013,Uber,-89.24,CA
67812,4/19/2013,Goods2 - ThinkGeek,-16.36,CA
67812,4/19/2013,Art Museum,-52.71,CA
67812,4/19/2013,Amazon Order - Science Book,-26.33,CA
67812,4/20/2013,DVD - Star Trek,-23.79,CA
67812,4/21/2013,Von's Groceries,-15.64,CA
67812,4/21/2013,Restaurant - Chinese,-33.18,CA
67812,4/21/2013,Public Transportation - Bus Pass,-38.69,CA
67812,4/21/2013,Amazon Order - Mathematics Book,-31.64,CA
67812,4/22/2013,Food Delivery - GrubHub,-21,CA
67812,4/23/2013,San Diego Museum,-93.93,CA
67812,4/24/2013,Mary's Book Store,-4.13,CA
67812,4/24/2013,San Diego Museum,-22.57,CA
67812,4/25/2013,Goods2 - ThinkGeek,-9.85,CA
67812,4/25/2013,Public Transportation - Train Pass,-1.34,CA
67812,4/26/2013,Amazon Order - Mathematics Book,-17.96,CA
67812,4/27/2013,Food Delivery - GrubHub,-35.83,CA
67812,4/27/2013,Uber,-11.86,CA
67812,4/28/2013,Art Museum,-34.88,CA
67812,4/28/2013,Goods2 - ThinkGeek,-31.91,CA
67812,4/28/2013,Video Game - PlayStation,-9.74,CA
67812,4/28/2013,Science Museum,-2.18,CA
67812,4/29/2013,Amazon Order - Biology Book,-18.39,CA
67812,4/29/2013,Amazon Order - Mathematics Book,-30.43,CA
67812,4/29/2013,Art Museum,-54,CA
67812,4/30/2013,Science Museum,-9.89,CA
67812,4/30/2013,Mary's Book Store,-29.64,CA
67812,5/2/2013,Paycheck,4280,CA
67812,5/2/2013,Housing Rent,-1243,CA
67812,5/2/2013,Time Warner Cable,-25,CA
67812,5/2/2013,ACS - Student Loans,-135,CA
67812,5/2/2013,Navient - Student Loans,-197,CA
67812,5/2/2013,Credit Card Payment,-154,CA
67812,5/2/2013,Water & Sewer,-53,CA
67812,5/2/2013,Amazon Order - Science Book,-29.9,CA
67812,5/3/2013,Amazon Order - Star Wars Figurine,-1.89,CA
67812,5/3/2013,Amazon Order - Science Book,-19.69,CA
67812,5/3/2013,San Diego Museum,-31.69,CA
67812,5/4/2013,Art Museum,-55.52,CA
67812,5/4/2013,Library Membership,-17.75,CA
67812,5/4/2013,San Diego Museum,-0.58,CA
67812,5/5/2013,Amazon Order - Star Wars Figurine,-31.55,CA
67812,5/6/2013,Restaurant - Burgers,-64.55,CA
67812,5/7/2013,Sprouts Market,-17.9,CA
67812,5/8/2013,Library Membership,-61.43,CA
67812,5/8/2013,Uber,-12.69,CA
67812,5/8/2013,Uber,-83.89,CA
67812,5/9/2013,DVD - Star Trek,-69.88,CA
67812,5/10/2013,San Diego Museum,-4.37,CA
67812,5/10/2013,Amazon Order - Biology Book,-41.5,CA
67812,5/10/2013,Amazon Order - Star Wars Figurine,-4.3,CA
67812,5/10/2013,Art Museum,-2.65,CA
67812,5/10/2013,Science Museum,-33.53,CA
67812,5/10/2013,Public Transportation - Train Pass,-11.24,CA
67812,5/10/2013,Mary's Book Store,-6.62,CA
67812,5/10/2013,Sprouts Market,-117.68,CA
67812,5/10/2013,Goods2 - ThinkGeek,-37.21,CA
67812,5/10/2013,Coffee,-16.04,CA
67812,5/10/2013,Uber,-90.93,CA
67812,5/11/2013,San Diego Museum,-36.54,CA
67812,5/11/2013,Restaurant - Chinese,-26.58,CA
67812,5/12/2013,Restaurant - Chinese,-38.88,CA
67812,5/12/2013,DVD - Star Trek,-7.28,CA
67812,5/12/2013,Coffee,-90.91,CA
67812,5/12/2013,Mary's Book Store,-35.92,CA
67812,5/12/2013,Video Game - PlayStation,-30.33,CA
67812,5/12/2013,Amazon Order - Mathematics Book,-30.9,CA
67812,5/12/2013,Art Museum,-28.78,CA
67812,5/12/2013,Lyft,-32.03,CA
67812,5/13/2013,Whole Foods,-10.76,CA
67812,5/14/2013,Science Museum,-32.75,CA
67812,5/14/2013,San Diego Museum,-24.16,CA
67812,5/15/2013,Mary's Book Store,-11.2,CA
67812,5/15/2013,Uber,-35.06,CA
67812,5/15/2013,DVD - Star Trek,-36.75,CA
67812,5/15/2013,Restaurant - Burgers,-27.07,CA
67812,5/15/2013,Amazon Order - Star Wars Figurine,-9.82,CA
67812,5/15/2013,San Diego Museum,-30.01,CA
67812,5/16/2013,Food Delivery - GrubHub,-34.95,CA
67812,5/16/2013,Art Museum,-18.93,CA
67812,5/16/2013,San Diego Museum,-34.15,CA
67812,5/16/2013,San Diego Museum,-4.75,CA
67812,5/17/2013,San Diego Museum,-87.01,CA
67812,5/17/2013,Uber,-35.43,CA
67812,5/17/2013,Food Delivery - GrubHub,-25.6,CA
67812,5/18/2013,Art Museum,-19.96,CA
67812,5/18/2013,Library Membership,-13.91,CA
67812,5/18/2013,Goods2 - ThinkGeek,-65.35,CA
67812,5/18/2013,Mary's Book Store,-114.28,CA
67812,5/19/2013,Amazon Order - Science Book,-85.95,CA
67812,5/19/2013,Science Museum,-10.52,CA
67812,5/19/2013,Library Membership,-23.61,CA
67812,5/19/2013,Sprouts Market,-10.04,CA
67812,5/19/2013,Restaurant - Pizza,-19.79,CA
67812,5/19/2013,Art Museum,-4.38,CA
67812,5/19/2013,Mary's Book Store,-24.62,CA
67812,5/20/2013,Art Museum,-12.68,CA
67812,5/21/2013,Amazon Order - Biology Book,-6.8,CA
67812,5/22/2013,Amazon Order - Star Wars Figurine,-10.34,CA
67812,5/23/2013,Restaurant - Burgers,-22.06,CA
67812,5/23/2013,San Diego Museum,-8.84,CA
67812,5/23/2013,Goods2 - ThinkGeek,-24.74,CA
67812,5/23/2013,Public Transportation - Train Pass,-23.34,CA
67812,5/23/2013,Uber,-36.92,CA
67812,5/23/2013,Video Game - PlayStation,-20.02,CA
67812,5/23/2013,DVD - Star Trek,-8.09,CA
67812,5/23/2013,Public Transportation - Bus Pass,-7.27,CA
67812,5/23/2013,Coffee,-73.46,CA
67812,5/23/2013,Library Membership,-8.55,CA
67812,5/24/2013,Public Transportation - Bus Pass,-111.15,CA
67812,5/24/2013,Restaurant - Steakhouse,-57.19,CA
67812,5/24/2013,DVD - Star Trek,-5.2,CA
67812,5/24/2013,Food Delivery - GrubHub,-27.86,CA
67812,5/24/2013,Restaurant - Chinese,-51,CA
67812,5/25/2013,Amazon Order - Biology Book,-9.04,CA
67812,5/26/2013,Goods2 - ThinkGeek,-35.35,CA
67812,5/27/2013,Library Membership,-17.23,CA
67812,5/28/2013,Ralph's Grocery Store,-13.87,CA
67812,5/28/2013,Taxi,-23.54,CA
67812,5/28/2013,DVD - Star Trek,-47.79,CA
67812,5/28/2013,Von's Groceries,-30.08,CA
67812,5/29/2013,Public Transportation - Bus Pass,-36.68,CA
67812,5/29/2013,Goods2 - ThinkGeek,-25.13,CA
67812,5/29/2013,Science Museum,-30.05,CA
67812,5/29/2013,Lyft,-96.07,CA
67812,5/29/2013,San Diego Museum,-14.22,CA
67812,5/29/2013,Video Game - PlayStation,-53.07,CA
67812,5/29/2013,Amazon Order - Science Book,-9.11,CA
67812,5/29/2013,Online Education Courses,-16.89,CA
67812,5/30/2013,Public Transportation - Train Pass,-18.67,CA
67812,6/2/2013,Paycheck,4280,CA
67812,6/2/2013,Housing Rent,-985,CA
67812,6/2/2013,Time Warner Cable,-25,CA
67812,6/2/2013,ACS - Student Loans,-135,CA
67812,6/2/2013,Navient - Student Loans,-197,CA
67812,6/2/2013,Credit Card Payment,-154,CA
67812,6/2/2013,Water & Sewer,-53,CA
67812,6/2/2013,Video Game - PlayStation,-12.99,CA
67812,6/2/2013,San Diego Museum,-82.11,CA
67812,6/3/2013,Von's Groceries,-95.81,CA
67812,6/4/2013,Science Museum,-33.31,CA
67812,6/4/2013,Goods2 - ThinkGeek,-15.6,CA
67812,6/5/2013,Restaurant - Steakhouse,-102.16,CA
67812,6/5/2013,Public Transportation - Bus Pass,-1.62,CA
67812,6/5/2013,Public Transportation - Bus Pass,-8.75,CA
67812,6/5/2013,Library Membership,-13.11,CA
67812,6/5/2013,Ralph's Grocery Store,-17.69,CA
67812,6/5/2013,Video Game - PlayStation,-97.21,CA
67812,6/5/2013,San Diego Museum,-35.95,CA
67812,6/5/2013,Public Transportation - Train Pass,-4.89,CA
67812,6/5/2013,Goods2 - ThinkGeek,-8.32,CA
67812,6/5/2013,Amazon Order - Mathematics Book,-28.12,CA
67812,6/5/2013,Video Game - PlayStation,-2.69,CA
67812,6/5/2013,Taxi,-17.34,CA
67812,6/5/2013,Amazon Order - Science Book,-12.9,CA
67812,6/5/2013,Library Membership,-119.63,CA
67812,6/5/2013,Public Transportation - Train Pass,-28.06,CA
67812,6/6/2013,Public Transportation - Train Pass,-20.51,CA
67812,6/6/2013,Library Membership,-8.32,CA
67812,6/6/2013,Taxi,-37.98,CA
67812,6/6/2013,Mary's Book Store,-16.01,CA
67812,6/6/2013,Whole Foods,-22.62,CA
67812,6/6/2013,Lyft,-29.91,CA
67812,6/6/2013,Library Membership,-16.05,CA
67812,6/6/2013,Amazon Order - Biology Book,-27.15,CA
67812,6/7/2013,Video Game - PlayStation,-6.11,CA
67812,6/7/2013,Coffee,-38.88,CA
67812,6/7/2013,Video Game - PlayStation,-23,CA
67812,6/8/2013,Von's Groceries,-32.41,CA
67812,6/8/2013,Online Education Courses,-37.9,CA
67812,6/9/2013,Uber,-31.12,CA
67812,6/10/2013,Library Membership,-30.96,CA
67812,6/10/2013,Science Museum,-50.21,CA
67812,6/10/2013,Amazon Order - Biology Book,-37.71,CA
67812,6/11/2013,Ralph's Grocery Store,-39.68,CA
67812,6/11/2013,Restaurant - Steakhouse,-15.18,CA
67812,6/12/2013,Mary's Book Store,-80.53,CA
67812,6/12/2013,San Diego Museum,-27.87,CA
67812,6/12/2013,Uber,-5.92,CA
67812,6/12/2013,Amazon Order - Star Wars Figurine,-3.29,CA
67812,6/12/2013,Whole Foods,-21.03,CA
67812,6/12/2013,Von's Groceries,-78.63,CA
67812,6/12/2013,Online Education Courses,-32.39,CA
67812,6/13/2013,Taxi,-13.43,CA
67812,6/13/2013,Whole Foods,-36.69,CA
67812,6/13/2013,Lyft,-64.96,CA
67812,6/13/2013,Mary's Book Store,-30.37,CA
67812,6/13/2013,Amazon Order - Mathematics Book,-39.16,CA
67812,6/14/2013,Amazon Order - Biology Book,-6.51,CA
67812,6/14/2013,Public Transportation - Train Pass,-31.74,CA
67812,6/14/2013,San Diego Museum,-107.67,CA
67812,6/15/2013,Amazon Order - Science Book,-61.02,CA
67812,6/15/2013,DVD - Star Trek,-110.34,CA
67812,6/15/2013,Science Museum,-36.79,CA
67812,6/15/2013,Whole Foods,-4.49,CA
67812,6/15/2013,San Diego Museum,-79.76,CA
67812,6/15/2013,Public Transportation - Bus Pass,-87.47,CA
67812,6/15/2013,Taxi,-0.71,CA
67812,6/16/2013,Restaurant - Chinese,-10.31,CA
67812,6/16/2013,Taxi,-2.17,CA
67812,6/16/2013,Art Museum,-31.58,CA
67812,6/17/2013,DVD - Star Trek,-18.03,CA
67812,6/17/2013,Library Membership,-2.14,CA
67812,6/17/2013,San Diego Museum,-26.1,CA
67812,6/17/2013,Public Transportation - Train Pass,-11.47,CA
67812,6/17/2013,Coffee,-93.5,CA
67812,6/17/2013,Restaurant - Pizza,-33.79,CA
67812,6/18/2013,Library Membership,-38.25,CA
67812,6/19/2013,Video Game - PlayStation,-7.13,CA
67812,6/19/2013,Taxi,-25.34,CA
67812,6/19/2013,Public Transportation - Bus Pass,-38.97,CA
67812,6/19/2013,Mary's Book Store,-25.12,CA
67812,6/20/2013,Coffee,-20.27,CA
67812,6/20/2013,Coffee,-2.61,CA
67812,6/20/2013,Ralph's Grocery Store,-15.08,CA
67812,6/20/2013,Science Museum,-30.21,CA
67812,6/21/2013,Amazon Order - Biology Book,-23.98,CA
67812,6/21/2013,Art Museum,-25.11,CA
67812,6/21/2013,Sprouts Market,-17.03,CA
67812,6/21/2013,DVD - Star Trek,-34.54,CA
67812,6/21/2013,Online Education Courses,-19.49,CA
67812,6/21/2013,Amazon Order - Star Wars Figurine,-15.69,CA
67812,6/21/2013,Amazon Order - Science Book,-7.84,CA
67812,6/21/2013,Public Transportation - Train Pass,-34.11,CA
67812,6/21/2013,DVD - Star Trek,-39.13,CA
67812,6/21/2013,Taxi,-16.56,CA
67812,6/22/2013,Amazon Order - Star Wars Figurine,-3.93,CA
67812,6/22/2013,Restaurant - Chinese,-17.66,CA
67812,6/23/2013,Library Membership,-4.9,CA
67812,6/24/2013,Amazon Order - Star Wars Figurine,-21.25,CA
67812,6/24/2013,Food Delivery - GrubHub,-93.51,CA
67812,6/24/2013,Goods2 - ThinkGeek,-14.95,CA
67812,6/25/2013,Goods2 - ThinkGeek,-21.83,CA
67812,6/25/2013,Sprouts Market,-19.32,CA
67812,6/26/2013,Ralph's Grocery Store,-6.63,CA
67812,6/26/2013,Public Transportation - Train Pass,-4.94,CA
67812,6/26/2013,Amazon Order - Science Book,-29.62,CA
67812,6/26/2013,Amazon Order - Biology Book,-24.47,CA
67812,6/27/2013,Coffee,-115.12,CA
67812,6/28/2013,Amazon Order - Science Book,-27.44,CA
67812,6/28/2013,Art Museum,-14.39,CA
67812,6/29/2013,Von's Groceries,-89.87,CA
67812,6/29/2013,Art Museum,-1.91,CA
67812,6/29/2013,Coffee,-23.79,CA
67812,6/30/2013,Video Game - PlayStation,-11.02,CA
67812,6/30/2013,DVD - Star Trek,-39.06,CA
67812,6/30/2013,Amazon Order - Biology Book,-33.83,CA
67812,6/30/2013,Lyft,-16.66,CA
67812,6/30/2013,Library Membership,-3.37,CA
67812,6/30/2013,Amazon Order - Star Wars Figurine,-16.09,CA
67812,7/2/2013,Paycheck,4280,CA
67812,7/2/2013,Housing Rent,-1298,CA
67812,7/2/2013,Time Warner Cable,-25,CA
67812,7/2/2013,ACS - Student Loans,-135,CA
67812,7/2/2013,Navient - Student Loans,-197,CA
67812,7/2/2013,Credit Card Payment,-154,CA
67812,7/2/2013,Water & Sewer,-53,CA
67812,7/2/2013,Amazon Order - Star Wars Figurine,-91.46,CA
67812,7/2/2013,Restaurant - Steakhouse,-34.57,CA
67812,7/2/2013,Coffee,-3.1,CA
67812,7/2/2013,Online Education Courses,-17.25,CA
67812,7/3/2013,Amazon Order - Science Book,-112.09,CA
67812,7/4/2013,Uber,-71.04,CA
67812,7/4/2013,Public Transportation - Train Pass,-25.31,CA
67812,7/4/2013,Amazon Order - Science Book,-4.03,CA
67812,7/4/2013,San Diego Museum,-34.44,CA
67812,7/5/2013,Goods2 - ThinkGeek,-15.08,CA
67812,7/5/2013,Whole Foods,-4.38,CA
67812,7/6/2013,Public Transportation - Train Pass,-21.65,CA
67812,7/6/2013,Mary's Book Store,-70.02,CA
67812,7/6/2013,Online Education Courses,-39.98,CA
67812,7/7/2013,Public Transportation - Train Pass,-23.13,CA
67812,7/8/2013,Amazon Order - Star Wars Figurine,-39.08,CA
67812,7/8/2013,Von's Groceries,-8.92,CA
67812,7/8/2013,Amazon Order - Science Book,-78.59,CA
67812,7/9/2013,Taxi,-33.33,CA
67812,7/9/2013,Goods2 - ThinkGeek,-24.06,CA
67812,7/9/2013,Science Museum,-39.01,CA
67812,7/10/2013,Amazon Order - Mathematics Book,-9.12,CA
67812,7/10/2013,Lyft,-8.17,CA
67812,7/10/2013,Coffee,-30.93,CA
67812,7/11/2013,Science Museum,-6.54,CA
67812,7/11/2013,Lyft,-0.44,CA
67812,7/11/2013,Science Museum,-89.41,CA
67812,7/12/2013,Ralph's Grocery Store,-17.46,CA
67812,7/12/2013,Lyft,-2.58,CA
67812,7/12/2013,Restaurant - Pizza,-35.3,CA
67812,7/12/2013,Restaurant - Chinese,-35.77,CA
67812,7/13/2013,Science Museum,-4.47,CA
67812,7/14/2013,Food Delivery - GrubHub,-79.75,CA
67812,7/15/2013,Starbucks Coffee,-14.15,CA
67812,7/16/2013,Goods2 - ThinkGeek,-10.05,CA
67812,7/16/2013,Video Game - PlayStation,-31.02,CA
67812,7/16/2013,Amazon Order - Star Wars Figurine,-32.96,CA
67812,7/17/2013,Lyft,-5.88,CA
67812,7/18/2013,Amazon Order - Biology Book,-25.06,CA
67812,7/18/2013,Uber,-9.5,CA
67812,7/19/2013,Amazon Order - Mathematics Book,-8.21,CA
67812,7/19/2013,San Diego Museum,-6.74,CA
67812,7/20/2013,Amazon Order - Mathematics Book,-13.37,CA
67812,7/20/2013,San Diego Museum,-19.14,CA
67812,7/20/2013,Art Museum,-6.67,CA
67812,7/21/2013,Library Membership,-23.13,CA
67812,7/21/2013,San Diego Museum,-16.53,CA
67812,7/21/2013,San Diego Museum,-30.03,CA
67812,7/21/2013,Amazon Order - Mathematics Book,-27.13,CA
67812,7/22/2013,Sprouts Market,-9.99,CA
67812,7/22/2013,Amazon Order - Star Wars Figurine,-36.4,CA
67812,7/23/2013,Public Transportation - Train Pass,-20.13,CA
67812,7/23/2013,Amazon Order - Mathematics Book,-8.93,CA
67812,7/23/2013,Public Transportation - Train Pass,-9.58,CA
67812,7/23/2013,Public Transportation - Train Pass,-23.13,CA
67812,7/23/2013,San Diego Museum,-34.5,CA
67812,7/23/2013,Mary's Book Store,-4.26,CA
67812,7/23/2013,Taxi,-71.79,CA
67812,7/24/2013,Goods2 - ThinkGeek,-31.1,CA
67812,7/25/2013,Amazon Order - Mathematics Book,-39.11,CA
67812,7/25/2013,Uber,-13.47,CA
67812,7/25/2013,Amazon Order - Science Book,-30.93,CA
67812,7/25/2013,Online Education Courses,-13.45,CA
67812,7/25/2013,Amazon Order - Science Book,-15.03,CA
67812,7/25/2013,Amazon Order - Mathematics Book,-27.57,CA
67812,7/26/2013,Coffee,-10.9,CA
67812,7/26/2013,Amazon Order - Biology Book,-101.27,CA
67812,7/26/2013,Taxi,-53.07,CA
67812,7/26/2013,Taxi,-110.34,CA
67812,7/26/2013,Coffee,-3.4,CA
67812,7/27/2013,Mary's Book Store,-12.68,CA
67812,7/27/2013,Art Museum,-58.46,CA
67812,7/27/2013,Amazon Order - Mathematics Book,-24.01,CA
67812,7/27/2013,Video Game - PlayStation,-37.27,CA
67812,7/27/2013,Library Membership,-3.37,CA
67812,7/27/2013,Science Museum,-8.62,CA
67812,7/27/2013,Taxi,-93.28,CA
67812,7/28/2013,Video Game - PlayStation,-69.67,CA
67812,7/28/2013,DVD - Star Trek,-9.2,CA
67812,7/28/2013,Amazon Order - Science Book,-34.2,CA
67812,7/28/2013,Von's Groceries,-0.82,CA
67812,7/29/2013,Ralph's Grocery Store,-11.76,CA
67812,7/30/2013,Science Museum,-26.01,CA
67812,7/30/2013,San Diego Museum,-4.84,CA
67812,8/2/2013,Paycheck,4280,CA
67812,8/2/2013,Housing Rent,-1389,CA
67812,8/2/2013,Time Warner Cable,-25,CA
67812,8/2/2013,ACS - Student Loans,-135,CA
67812,8/2/2013,Navient - Student Loans,-197,CA
67812,8/2/2013,Credit Card Payment,-154,CA
67812,8/2/2013,Water & Sewer,-53,CA
67812,8/2/2013,San Diego Museum,-27.39,CA
67812,8/2/2013,Amazon Order - Star Wars Figurine,-34.45,CA
67812,8/3/2013,Restaurant - Pizza,-7.33,CA
67812,8/4/2013,DVD - Star Trek,-5.62,CA
67812,8/5/2013,Amazon Order - Mathematics Book,-27.1,CA
67812,8/5/2013,Public Transportation - Bus Pass,-32.32,CA
67812,8/5/2013,Coffee,-39.12,CA
67812,8/5/2013,Amazon Order - Mathematics Book,-11.54,CA
67812,8/6/2013,Public Transportation - Bus Pass,-8.66,CA
67812,8/6/2013,Public Transportation - Train Pass,-35.24,CA
67812,8/6/2013,Goods2 - ThinkGeek,-17.52,CA
67812,8/7/2013,Public Transportation - Bus Pass,-41.48,CA
67812,8/8/2013,Goods2 - ThinkGeek,-28.11,CA
67812,8/8/2013,Video Game - PlayStation,-35.54,CA
67812,8/8/2013,San Diego Museum,-33.6,CA
67812,8/9/2013,Public Transportation - Train Pass,-28.59,CA
67812,8/9/2013,Goods2 - ThinkGeek,-7.61,CA
67812,8/9/2013,Sprouts Market,-119.67,CA
67812,8/9/2013,Mary's Book Store,-24.04,CA
67812,8/9/2013,Restaurant - Chinese,-30.89,CA
67812,8/9/2013,Uber,-62.42,CA
67812,8/9/2013,Restaurant - Pizza,-22.14,CA
67812,8/10/2013,DVD - Star Trek,-109.93,CA
67812,8/10/2013,Goods2 - ThinkGeek,-26.59,CA
67812,8/10/2013,Lyft,-84.48,CA
67812,8/10/2013,Library Membership,-39.48,CA
67812,8/11/2013,Sprouts Market,-1.67,CA
67812,8/11/2013,DVD - Star Trek,-6.43,CA
67812,8/11/2013,Lyft,-57.25,CA
67812,8/12/2013,Public Transportation - Train Pass,-10.52,CA
67812,8/13/2013,San Diego Museum,-9.64,CA
67812,8/14/2013,Online Education Courses,-31.03,CA
67812,8/14/2013,Online Education Courses,-99.72,CA
67812,8/14/2013,Lyft,-113.27,CA
67812,8/14/2013,Science Museum,-69.89,CA
67812,8/14/2013,Uber,-8.78,CA
67812,8/15/2013,Whole Foods,-18.63,CA
67812,8/16/2013,Library Membership,-37.74,CA
67812,8/16/2013,DVD - Star Trek,-19.65,CA
67812,8/16/2013,Amazon Order - Science Book,-34.16,CA
67812,8/16/2013,Amazon Order - Science Book,-10.13,CA
67812,8/16/2013,Science Museum,-24.92,CA
67812,8/16/2013,Von's Groceries,-113.43,CA
67812,8/17/2013,Video Game - PlayStation,-22.61,CA
67812,8/18/2013,DVD - Star Trek,-9.1,CA
67812,8/18/2013,Public Transportation - Train Pass,-4.57,CA
67812,8/19/2013,Library Membership,-8.77,CA
67812,8/20/2013,Starbucks Coffee,-13.28,CA
67812,8/20/2013,Ralph's Grocery Store,-19.18,CA
67812,8/20/2013,San Diego Museum,-52.19,CA
67812,8/20/2013,Amazon Order - Mathematics Book,-18.39,CA
67812,8/21/2013,Restaurant - Chinese,-43.12,CA
67812,8/21/2013,Amazon Order - Star Wars Figurine,-11.47,CA
67812,8/21/2013,Whole Foods,-24.33,CA
67812,8/21/2013,Art Museum,-8.05,CA
67812,8/21/2013,Video Game - PlayStation,-25.94,CA
67812,8/21/2013,Amazon Order - Science Book,-39.57,CA
67812,8/21/2013,Amazon Order - Star Wars Figurine,-0.72,CA
67812,8/22/2013,Restaurant - Burgers,-32.84,CA
67812,8/23/2013,Coffee,-22.09,CA
67812,8/23/2013,Library Membership,-4.88,CA
67812,8/23/2013,Amazon Order - Mathematics Book,-23.93,CA
67812,8/24/2013,Amazon Order - Star Wars Figurine,-34.91,CA
67812,8/24/2013,Library Membership,-15.28,CA
67812,8/24/2013,Food Delivery - GrubHub,-0.36,CA
67812,8/25/2013,Taxi,-89.85,CA
67812,8/25/2013,Food Delivery - GrubHub,-5.46,CA
67812,8/25/2013,Amazon Order - Star Wars Figurine,-9.88,CA
67812,8/25/2013,San Diego Museum,-31.21,CA
67812,8/25/2013,Library Membership,-20.05,CA
67812,8/26/2013,Lyft,-29.8,CA
67812,8/26/2013,Amazon Order - Mathematics Book,-9.83,CA
67812,8/26/2013,Coffee,-107.37,CA
67812,8/26/2013,Restaurant - Pizza,-82.31,CA
67812,8/26/2013,Goods2 - ThinkGeek,-39.22,CA
67812,8/27/2013,Library Membership,-39.74,CA
67812,8/28/2013,Library Membership,-6.24,CA
67812,8/28/2013,Whole Foods,-73.77,CA
67812,8/29/2013,Sprouts Market,-33.9,CA
67812,8/29/2013,Food Delivery - GrubHub,-5.59,CA
67812,8/30/2013,Public Transportation - Bus Pass,-3.31,CA
67812,9/2/2013,Paycheck,4280,CA
67812,9/2/2013,Housing Rent,-881,CA
67812,9/2/2013,Time Warner Cable,-25,CA
67812,9/2/2013,ACS - Student Loans,-135,CA
67812,9/2/2013,Navient - Student Loans,-197,CA
67812,9/2/2013,Credit Card Payment,-154,CA
67812,9/2/2013,Water & Sewer,-53,CA
67812,9/2/2013,Whole Foods,-24.86,CA
67812,9/2/2013,Public Transportation - Train Pass,-28.58,CA
67812,9/2/2013,Amazon Order - Star Wars Figurine,-0.48,CA
67812,9/2/2013,Amazon Order - Science Book,-3.33,CA
67812,9/3/2013,Amazon Order - Mathematics Book,-38.19,CA
67812,9/4/2013,Online Education Courses,-13.96,CA
67812,9/4/2013,Coffee,-35.85,CA
67812,9/4/2013,Amazon Order - Star Wars Figurine,-28.68,CA
67812,9/5/2013,DVD - Star Trek,-13.95,CA
67812,9/5/2013,Science Museum,-70.4,CA
67812,9/5/2013,Sprouts Market,-17.31,CA
67812,9/5/2013,Restaurant - Burgers,-58.52,CA
67812,9/5/2013,Lyft,-22.84,CA
67812,9/5/2013,Science Museum,-31.92,CA
67812,9/5/2013,Online Education Courses,-27.41,CA
67812,9/6/2013,Public Transportation - Train Pass,-9.38,CA
67812,9/6/2013,Public Transportation - Train Pass,-13.73,CA
67812,9/6/2013,Art Museum,-14,CA
67812,9/6/2013,Food Delivery - GrubHub,-26.76,CA
67812,9/6/2013,Goods2 - ThinkGeek,-27.96,CA
67812,9/6/2013,Lyft,-35.3,CA
67812,9/6/2013,Science Museum,-22.2,CA
67812,9/7/2013,Amazon Order - Mathematics Book,-22.27,CA
67812,9/7/2013,Restaurant - Chinese,-19.38,CA
67812,9/8/2013,Mary's Book Store,-36.81,CA
67812,9/9/2013,Amazon Order - Biology Book,-18.23,CA
67812,9/9/2013,Science Museum,-8.37,CA
67812,9/10/2013,DVD - Star Trek,-38.65,CA
67812,9/10/2013,Video Game - PlayStation,-35.97,CA
67812,9/10/2013,Mary's Book Store,-34.85,CA
67812,9/11/2013,Art Museum,-27.65,CA
67812,9/11/2013,Science Museum,-13.72,CA
67812,9/11/2013,Art Museum,-39.56,CA
67812,9/12/2013,Uber,-30.08,CA
67812,9/12/2013,Art Museum,-6.1,CA
67812,9/13/2013,Amazon Order - Star Wars Figurine,-33.55,CA
67812,9/13/2013,Amazon Order - Biology Book,-88.95,CA
67812,9/13/2013,Coffee,-118.47,CA
67812,9/13/2013,San Diego Museum,-39.88,CA
67812,9/13/2013,Restaurant - Burgers,-10.76,CA
67812,9/13/2013,Video Game - PlayStation,-2.55,CA
67812,9/13/2013,Goods2 - ThinkGeek,-10.73,CA
67812,9/13/2013,Amazon Order - Star Wars Figurine,-11.06,CA
67812,9/13/2013,DVD - Star Trek,-29.92,CA
67812,9/13/2013,Public Transportation - Train Pass,-15.93,CA
67812,9/13/2013,Food Delivery - GrubHub,-26.38,CA
67812,9/13/2013,San Diego Museum,-19.24,CA
67812,9/13/2013,Restaurant - Burgers,-26.33,CA
67812,9/13/2013,Lyft,-17.4,CA
67812,9/13/2013,San Diego Museum,-18.23,CA
67812,9/14/2013,Art Museum,-4.94,CA
67812,9/14/2013,Amazon Order - Biology Book,-38.47,CA
67812,9/14/2013,Mary's Book Store,-13.55,CA
67812,9/14/2013,Amazon Order - Biology Book,-11.32,CA
67812,9/14/2013,Amazon Order - Star Wars Figurine,-26.57,CA
67812,9/14/2013,Goods2 - ThinkGeek,-34.66,CA
67812,9/15/2013,Science Museum,-14.15,CA
67812,9/15/2013,Amazon Order - Star Wars Figurine,-18.84,CA
67812,9/15/2013,Starbucks Coffee,-3.49,CA
67812,9/16/2013,Restaurant - Steakhouse,-37.87,CA
67812,9/16/2013,Amazon Order - Science Book,-36.06,CA
67812,9/17/2013,Online Education Courses,-17.65,CA
67812,9/18/2013,Amazon Order - Science Book,-99.62,CA
67812,9/18/2013,Amazon Order - Science Book,-102.82,CA
67812,9/18/2013,Restaurant - Pizza,-13.09,CA
67812,9/19/2013,Public Transportation - Bus Pass,-12.18,CA
67812,9/19/2013,DVD - Star Trek,-31.14,CA
67812,9/19/2013,Taxi,-29.33,CA
67812,9/20/2013,Sprouts Market,-3.73,CA
67812,9/21/2013,Starbucks Coffee,-2.19,CA
67812,9/21/2013,Sprouts Market,-32.02,CA
67812,9/21/2013,Online Education Courses,-13.13,CA
67812,9/21/2013,Von's Groceries,-31.46,CA
67812,9/22/2013,Amazon Order - Science Book,-18.49,CA
67812,9/22/2013,DVD - Star Trek,-73.97,CA
67812,9/22/2013,Uber,-10.57,CA
67812,9/22/2013,Video Game - PlayStation,-63.4,CA
67812,9/22/2013,Ralph's Grocery Store,-3.15,CA
67812,9/23/2013,Amazon Order - Science Book,-18.56,CA
67812,9/23/2013,Public Transportation - Bus Pass,-4.92,CA
67812,9/23/2013,Amazon Order - Star Wars Figurine,-65.68,CA
67812,9/23/2013,Library Membership,-27.19,CA
67812,9/23/2013,Restaurant - Steakhouse,-4.79,CA
67812,9/23/2013,Coffee,-16.85,CA
67812,9/24/2013,Starbucks Coffee,-37.86,CA
67812,9/24/2013,Library Membership,-2.23,CA
67812,9/25/2013,Uber,-19.83,CA
67812,9/25/2013,Public Transportation - Bus Pass,-15.24,CA
67812,9/25/2013,Science Museum,-13.01,CA
67812,9/25/2013,Video Game - PlayStation,-15.45,CA
67812,9/25/2013,Mary's Book Store,-16.87,CA
67812,9/26/2013,Art Museum,-38.9,CA
67812,9/26/2013,San Diego Museum,-17.54,CA
67812,9/26/2013,Amazon Order - Star Wars Figurine,-15.03,CA
67812,9/27/2013,Amazon Order - Star Wars Figurine,-1.57,CA
67812,9/27/2013,Library Membership,-117.68,CA
67812,9/28/2013,Video Game - PlayStation,-50.94,CA
67812,9/28/2013,Taxi,-24.26,CA
67812,9/28/2013,Mary's Book Store,-15.52,CA
67812,9/28/2013,Lyft,-39.53,CA
67812,9/29/2013,Amazon Order - Science Book,-34.5,CA
67812,9/29/2013,Library Membership,-0.27,CA
67812,9/30/2013,Starbucks Coffee,-9.07,CA
67812,9/30/2013,Amazon Order - Mathematics Book,-26.37,CA
67812,9/30/2013,Von's Groceries,-22.23,CA
67812,9/30/2013,Library Membership,-5.87,CA
67812,9/30/2013,DVD - Star Trek,-14.66,CA
67812,9/30/2013,Mary's Book Store,-12.85,CA
67812,9/30/2013,Restaurant - Burgers,-26.54,CA
67812,10/2/2013,Paycheck,4280,CA
67812,10/2/2013,Housing Rent,-1208,CA
67812,10/2/2013,Time Warner Cable,-25,CA
67812,10/2/2013,ACS - Student Loans,-135,CA
67812,10/2/2013,Navient - Student Loans,-197,CA
67812,10/2/2013,Credit Card Payment,-154,CA
67812,10/2/2013,Water & Sewer,-53,CA
67812,10/2/2013,Public Transportation - Train Pass,-105.94,CA
67812,10/2/2013,Public Transportation - Bus Pass,-30.18,CA
67812,10/2/2013,Uber,-30.18,CA
67812,10/2/2013,Public Transportation - Bus Pass,-38.33,CA
67812,10/2/2013,Taxi,-5.96,CA
67812,10/3/2013,Taxi,-1.65,CA
67812,10/3/2013,Coffee,-58.21,CA
67812,10/4/2013,Amazon Order - Science Book,-37.86,CA
67812,10/4/2013,Uber,-22.27,CA
67812,10/4/2013,Online Education Courses,-10.76,CA
67812,10/4/2013,Lyft,-118.89,CA
67812,10/5/2013,Coffee,-27.86,CA
67812,10/6/2013,Video Game - PlayStation,-39.16,CA
67812,10/6/2013,Library Membership,-98.74,CA
67812,10/6/2013,Library Membership,-2.4,CA
67812,10/6/2013,Lyft,-21.02,CA
67812,10/6/2013,Starbucks Coffee,-2.42,CA
67812,10/6/2013,Art Museum,-38.34,CA
67812,10/7/2013,Starbucks Coffee,-7.6,CA
67812,10/7/2013,Coffee,-26.03,CA
67812,10/7/2013,Goods2 - ThinkGeek,-36.96,CA
67812,10/7/2013,Restaurant - Steakhouse,-61.9,CA
67812,10/7/2013,Amazon Order - Science Book,-37.55,CA
67812,10/7/2013,Restaurant - Burgers,-38.08,CA
67812,10/7/2013,Amazon Order - Mathematics Book,-32.2,CA
67812,10/7/2013,Amazon Order - Science Book,-29.75,CA
67812,10/7/2013,Science Museum,-39.2,CA
67812,10/7/2013,Science Museum,-8.37,CA
67812,10/8/2013,San Diego Museum,-22.34,CA
67812,10/8/2013,Amazon Order - Mathematics Book,-17.71,CA
67812,10/9/2013,Amazon Order - Biology Book,-25.45,CA
67812,10/10/2013,DVD - Star Trek,-35.65,CA
67812,10/10/2013,Mary's Book Store,-116.19,CA
67812,10/11/2013,Video Game - PlayStation,-24.71,CA
67812,10/11/2013,Whole Foods,-32.93,CA
67812,10/11/2013,Video Game - PlayStation,-3.18,CA
67812,10/12/2013,DVD - Star Trek,-3.75,CA
67812,10/12/2013,Science Museum,-112.07,CA
67812,10/13/2013,Coffee,-18.65,CA
67812,10/13/2013,Amazon Order - Science Book,-4.61,CA
67812,10/13/2013,Restaurant - Burgers,-79.49,CA
67812,10/14/2013,Video Game - PlayStation,-17.7,CA
67812,10/15/2013,Restaurant - Pizza,-39.42,CA
67812,10/15/2013,Von's Groceries,-16.88,CA
67812,10/16/2013,Amazon Order - Science Book,-23.64,CA
67812,10/16/2013,Restaurant - Pizza,-23.29,CA
67812,10/17/2013,Library Membership,-20.54,CA
67812,10/18/2013,DVD - Star Trek,-14.98,CA
67812,10/18/2013,Amazon Order - Mathematics Book,-35.31,CA
67812,10/18/2013,Public Transportation - Bus Pass,-27.03,CA
67812,10/18/2013,Science Museum,-26.74,CA
67812,10/18/2013,Taxi,-105.34,CA
67812,10/19/2013,San Diego Museum,-39.52,CA
67812,10/19/2013,San Diego Museum,-84.65,CA
67812,10/20/2013,Restaurant - Pizza,-14.79,CA
67812,10/21/2013,Amazon Order - Star Wars Figurine,-1.81,CA
67812,10/21/2013,Uber,-0.79,CA
67812,10/21/2013,Amazon Order - Science Book,-15.95,CA
67812,10/21/2013,Library Membership,-35.8,CA
67812,10/21/2013,Amazon Order - Mathematics Book,-4.56,CA
67812,10/21/2013,Ralph's Grocery Store,-59.55,CA
67812,10/22/2013,Public Transportation - Bus Pass,-23.69,CA
67812,10/22/2013,Taxi,-49.2,CA
67812,10/22/2013,Public Transportation - Bus Pass,-50.11,CA
67812,10/22/2013,Amazon Order - Star Wars Figurine,-75.59,CA
67812,10/22/2013,Goods2 - ThinkGeek,-5.69,CA
67812,10/23/2013,Coffee,-22.28,CA
67812,10/23/2013,Restaurant - Burgers,-21.11,CA
67812,10/24/2013,Coffee,-21.84,CA
67812,10/25/2013,Mary's Book Store,-17.81,CA
67812,10/25/2013,Public Transportation - Bus Pass,-8.81,CA
67812,10/25/2013,Public Transportation - Train Pass,-39.73,CA
67812,10/25/2013,Amazon Order - Biology Book,-33.14,CA
67812,10/25/2013,Art Museum,-9.16,CA
67812,10/26/2013,Sprouts Market,-21.73,CA
67812,10/26/2013,Amazon Order - Biology Book,-36.67,CA
67812,10/27/2013,Online Education Courses,-81.03,CA
67812,10/27/2013,Art Museum,-15.08,CA
67812,10/28/2013,DVD - Star Trek,-52.82,CA
67812,10/28/2013,Science Museum,-7.84,CA
67812,10/28/2013,Video Game - PlayStation,-14.42,CA
67812,10/28/2013,DVD - Star Trek,-40.46,CA
67812,10/28/2013,Mary's Book Store,-7.28,CA
67812,10/29/2013,Amazon Order - Star Wars Figurine,-2.79,CA
67812,10/29/2013,San Diego Museum,-4.93,CA
67812,10/29/2013,Public Transportation - Train Pass,-14.23,CA
67812,10/29/2013,Restaurant - Steakhouse,-28.67,CA
67812,10/30/2013,Science Museum,-0.93,CA
67812,10/30/2013,Library Membership,-88.18,CA
67812,10/30/2013,Public Transportation - Bus Pass,-29.53,CA
67812,11/2/2013,Paycheck,4280,CA
67812,11/2/2013,Housing Rent,-1208,CA
67812,11/2/2013,Time Warner Cable,-25,CA
67812,11/2/2013,ACS - Student Loans,-135,CA
67812,11/2/2013,Navient - Student Loans,-197,CA
67812,11/2/2013,Credit Card Payment,-154,CA
67812,11/2/2013,Water & Sewer,-53,CA
67812,11/2/2013,Restaurant - Steakhouse,-24.44,CA
67812,11/2/2013,Library Membership,-18.57,CA
67812,11/2/2013,Online Education Courses,-17.48,CA
67812,11/3/2013,Science Museum,-5.83,CA
67812,11/3/2013,Science Museum,-17.65,CA
67812,11/4/2013,Amazon Order - Star Wars Figurine,-67.69,CA
67812,11/5/2013,Amazon Order - Science Book,-87.75,CA
67812,11/5/2013,Online Education Courses,-25.66,CA
67812,11/5/2013,Public Transportation - Bus Pass,-6.06,CA
67812,11/5/2013,Goods2 - ThinkGeek,-116.88,CA
67812,11/5/2013,Video Game - PlayStation,-24.13,CA
67812,11/5/2013,Restaurant - Pizza,-88.05,CA
67812,11/6/2013,Online Education Courses,-6.74,CA
67812,11/6/2013,Goods2 - ThinkGeek,-20.97,CA
67812,11/6/2013,Uber,-94.61,CA
67812,11/6/2013,Starbucks Coffee,-2.19,CA
67812,11/6/2013,DVD - Star Trek,-22.31,CA
67812,11/6/2013,Public Transportation - Train Pass,-18.32,CA
67812,11/6/2013,Amazon Order - Mathematics Book,-31.89,CA
67812,11/7/2013,Restaurant - Burgers,-38.61,CA
67812,11/7/2013,Lyft,-33.47,CA
67812,11/8/2013,Restaurant - Steakhouse,-23.97,CA
67812,11/8/2013,Coffee,-13.22,CA
67812,11/8/2013,Public Transportation - Train Pass,-13.04,CA
67812,11/8/2013,Food Delivery - GrubHub,-34.1,CA
67812,11/8/2013,San Diego Museum,-21.84,CA
67812,11/8/2013,Public Transportation - Bus Pass,-6.65,CA
67812,11/8/2013,Sprouts Market,-7.58,CA
67812,11/8/2013,Public Transportation - Bus Pass,-15.15,CA
67812,11/8/2013,Taxi,-33.61,CA
67812,11/8/2013,Uber,-34.66,CA
67812,11/9/2013,Video Game - PlayStation,-25.59,CA
67812,11/9/2013,Whole Foods,-109.16,CA
67812,11/10/2013,San Diego Museum,-34.09,CA
67812,11/10/2013,Amazon Order - Mathematics Book,-13.16,CA
67812,11/10/2013,Amazon Order - Mathematics Book,-31.87,CA
67812,11/10/2013,Art Museum,-32.35,CA
67812,11/11/2013,Uber,-4.62,CA
67812,11/11/2013,Restaurant - Burgers,-90.25,CA
67812,11/11/2013,Amazon Order - Biology Book,-9.9,CA
67812,11/12/2013,Science Museum,-10.53,CA
67812,11/12/2013,Starbucks Coffee,-39.35,CA
67812,11/12/2013,Amazon Order - Mathematics Book,-19,CA
67812,11/12/2013,Restaurant - Steakhouse,-6.92,CA
67812,11/13/2013,Video Game - PlayStation,-33.79,CA
67812,11/14/2013,Library Membership,-32.14,CA
67812,11/14/2013,Lyft,-9.18,CA
67812,11/14/2013,Public Transportation - Train Pass,-3.39,CA
67812,11/14/2013,Amazon Order - Biology Book,-37.35,CA
67812,11/14/2013,Goods2 - ThinkGeek,-28.37,CA
67812,11/15/2013,Restaurant - Chinese,-21.41,CA
67812,11/15/2013,Uber,-30.45,CA
67812,11/15/2013,Art Museum,-18.03,CA
67812,11/16/2013,Von's Groceries,-32,CA
67812,11/16/2013,Food Delivery - GrubHub,-9.84,CA
67812,11/17/2013,Public Transportation - Bus Pass,-9.64,CA
67812,11/17/2013,Starbucks Coffee,-93.82,CA
67812,11/17/2013,Food Delivery - GrubHub,-72.17,CA
67812,11/17/2013,Taxi,-13.81,CA
67812,11/18/2013,Amazon Order - Star Wars Figurine,-38.08,CA
67812,11/19/2013,Science Museum,-31.24,CA
67812,11/19/2013,Coffee,-101.36,CA
67812,11/20/2013,Science Museum,-102.04,CA
67812,11/20/2013,DVD - Star Trek,-42.4,CA
67812,11/20/2013,Mary's Book Store,-9.09,CA
67812,11/20/2013,Uber,-111.28,CA
67812,11/20/2013,Amazon Order - Star Wars Figurine,-48.94,CA
67812,11/20/2013,Amazon Order - Biology Book,-34.62,CA
67812,11/20/2013,Restaurant - Pizza,-0.86,CA
67812,11/20/2013,Amazon Order - Biology Book,-35.82,CA
67812,11/20/2013,Food Delivery - GrubHub,-30.5,CA
67812,11/21/2013,Online Education Courses,-0.75,CA
67812,11/21/2013,Coffee,-15.26,CA
67812,11/22/2013,Whole Foods,-28.45,CA
67812,11/22/2013,Online Education Courses,-16.01,CA
67812,11/22/2013,Library Membership,-24.8,CA
67812,11/22/2013,Taxi,-71.45,CA
67812,11/22/2013,Uber,-27.52,CA
67812,11/22/2013,Uber,-27.58,CA
67812,11/23/2013,Amazon Order - Science Book,-19.54,CA
67812,11/24/2013,Von's Groceries,-38.97,CA
67812,11/24/2013,Mary's Book Store,-9.04,CA
67812,11/24/2013,Art Museum,-15.46,CA
67812,11/24/2013,Von's Groceries,-115.09,CA
67812,11/24/2013,Food Delivery - GrubHub,-4.66,CA
67812,11/24/2013,Science Museum,-108.06,CA
67812,11/24/2013,Library Membership,-2.23,CA
67812,11/25/2013,Art Museum,-75.65,CA
67812,11/25/2013,Uber,-78.03,CA
67812,11/25/2013,Library Membership,-14.98,CA
67812,11/25/2013,Amazon Order - Biology Book,-119.35,CA
67812,11/26/2013,Uber,-53.99,CA
67812,11/27/2013,Goods2 - ThinkGeek,-80.4,CA
67812,11/27/2013,Online Education Courses,-17.02,CA
67812,11/27/2013,Online Education Courses,-14.78,CA
67812,11/27/2013,Science Museum,-6.32,CA
67812,11/27/2013,Taxi,-20.96,CA
67812,11/27/2013,Amazon Order - Mathematics Book,-9.49,CA
67812,11/28/2013,Restaurant - Chinese,-34.18,CA
67812,11/29/2013,Restaurant - Steakhouse,-10.82,CA
67812,11/30/2013,Amazon Order - Mathematics Book,-18.97,CA
67812,11/30/2013,Public Transportation - Bus Pass,-14.8,CA
67812,11/30/2013,Amazon Order - Star Wars Figurine,-24.17,CA
67812,12/2/2013,Paycheck,4280,CA
67812,12/2/2013,Housing Rent,-1068,CA
67812,12/2/2013,Time Warner Cable,-25,CA
67812,12/2/2013,ACS - Student Loans,-135,CA
67812,12/2/2013,Navient - Student Loans,-197,CA
67812,12/2/2013,Credit Card Payment,-154,CA
67812,12/2/2013,Water & Sewer,-53,CA
67812,12/2/2013,Restaurant - Steakhouse,-33.64,CA
67812,12/2/2013,DVD - Star Trek,-6.69,CA
67812,12/3/2013,Art Museum,-105.7,CA
67812,12/3/2013,Uber,-13.5,CA
67812,12/4/2013,Amazon Order - Star Wars Figurine,-12.76,CA
67812,12/4/2013,Amazon Order - Mathematics Book,-30.26,CA
67812,12/5/2013,Public Transportation - Train Pass,-39.12,CA
67812,12/6/2013,Online Education Courses,-28.57,CA
67812,12/6/2013,Amazon Order - Mathematics Book,-11,CA
67812,12/6/2013,Taxi,-113.8,CA
67812,12/7/2013,Von's Groceries,-14.4,CA
67812,12/8/2013,Food Delivery - GrubHub,-21.37,CA
67812,12/9/2013,San Diego Museum,-35.63,CA
67812,12/9/2013,San Diego Museum,-1.19,CA
67812,12/9/2013,Mary's Book Store,-71.35,CA
67812,12/9/2013,Coffee,-101.3,CA
67812,12/10/2013,Public Transportation - Train Pass,-6.88,CA
67812,12/11/2013,Library Membership,-21.47,CA
67812,12/12/2013,Amazon Order - Mathematics Book,-19.68,CA
67812,12/12/2013,Online Education Courses,-22.76,CA
67812,12/12/2013,Public Transportation - Bus Pass,-115.06,CA
67812,12/13/2013,Online Education Courses,-25.74,CA
67812,12/13/2013,Coffee,-1.41,CA
67812,12/14/2013,DVD - Star Trek,-35.88,CA
67812,12/14/2013,Coffee,-38.36,CA
67812,12/14/2013,Uber,-34.66,CA
67812,12/15/2013,Online Education Courses,-10.88,CA
67812,12/15/2013,Library Membership,-80.91,CA
67812,12/15/2013,Public Transportation - Train Pass,-16.44,CA
67812,12/15/2013,Mary's Book Store,-34.38,CA
67812,12/15/2013,Amazon Order - Star Wars Figurine,-12.66,CA
67812,12/15/2013,Ralph's Grocery Store,-2.84,CA
67812,12/15/2013,Video Game - PlayStation,-13.31,CA
67812,12/15/2013,Library Membership,-3.17,CA
67812,12/16/2013,Amazon Order - Science Book,-12.5,CA
67812,12/16/2013,Restaurant - Pizza,-34.86,CA
67812,12/17/2013,Mary's Book Store,-7.82,CA
67812,12/17/2013,Amazon Order - Mathematics Book,-98.14,CA
67812,12/18/2013,Taxi,-32.94,CA
67812,12/19/2013,Uber,-34.35,CA
67812,12/20/2013,Von's Groceries,-0.11,CA
67812,12/20/2013,Amazon Order - Biology Book,-33.54,CA
67812,12/20/2013,Amazon Order - Biology Book,-28.67,CA
67812,12/20/2013,Mary's Book Store,-23.06,CA
67812,12/20/2013,Art Museum,-30.07,CA
67812,12/21/2013,Public Transportation - Bus Pass,-36.04,CA
67812,12/21/2013,Uber,-97.6,CA
67812,12/21/2013,DVD - Star Trek,-29.65,CA
67812,12/21/2013,Starbucks Coffee,-1.17,CA
67812,12/21/2013,Public Transportation - Bus Pass,-11.65,CA
67812,12/22/2013,Amazon Order - Science Book,-17.96,CA
67812,12/22/2013,Amazon Order - Science Book,-32.52,CA
67812,12/23/2013,Mary's Book Store,-26.92,CA
67812,12/24/2013,Mary's Book Store,-30.22,CA
67812,12/24/2013,Library Membership,-10.89,CA
67812,12/24/2013,Sprouts Market,-108.08,CA
67812,12/25/2013,Public Transportation - Train Pass,-11.66,CA
67812,12/25/2013,DVD - Star Trek,-83.15,CA
67812,12/25/2013,Mary's Book Store,-13.86,CA
67812,12/25/2013,Sprouts Market,-1.23,CA
67812,12/25/2013,Restaurant - Burgers,-30.49,CA
67812,12/25/2013,Food Delivery - GrubHub,-65.38,CA
67812,12/25/2013,Amazon Order - Science Book,-23.18,CA
67812,12/26/2013,San Diego Museum,-5.8,CA
67812,12/26/2013,Taxi,-12.29,CA
67812,12/26/2013,Taxi,-28.02,CA
67812,12/27/2013,Starbucks Coffee,-10.7,CA
67812,12/28/2013,Mary's Book Store,-24.96,CA
67812,12/29/2013,Sprouts Market,-19.77,CA
67812,12/29/2013,Public Transportation - Train Pass,-15.2,CA
67812,12/29/2013,Mary's Book Store,-37.97,CA
67812,12/30/2013,Mary's Book Store,-14.47,CA
67812,12/30/2013,San Diego Museum,-2.43,CA
67812,12/30/2013,Amazon Order - Star Wars Figurine,-9.78,CA
67812,12/30/2013,Art Museum,-20.75,CA
67812,12/32/2013,Library Membership,-32.6,CA
67812,12/32/2013,Goods2 - ThinkGeek,-38.08,CA
67812,12/32/2013,Online Education Courses,-19.89,CA
67812,12/32/2013,Goods2 - ThinkGeek,-19.2,CA
67812,1/2/2014,Taxi,-17.68,CA
67812,1/2/2014,Art Museum,-52.63,CA
67812,1/3/2014,Mary's Book Store,-34.45,CA
67812,1/3/2014,Amazon Order - Biology Book,-26.95,CA
67812,1/4/2014,Whole Foods,-14.22,CA
67812,1/5/2014,Amazon Order - Science Book,-91.97,CA
67812,1/6/2014,Starbucks Coffee,-28.27,CA
67812,1/7/2014,Food Delivery - GrubHub,-30.97,CA
67812,1/7/2014,Starbucks Coffee,-38.3,CA
67812,1/7/2014,Library Membership,-33.66,CA
67812,1/8/2014,Taxi,-0.35,CA
67812,1/8/2014,Art Museum,-17.71,CA
67812,1/8/2014,Taxi,-2.12,CA
67812,1/9/2014,Science Museum,-86.38,CA
67812,1/10/2014,Lyft,-69.57,CA
67812,1/10/2014,Restaurant - Pizza,-16.49,CA
67812,1/10/2014,Amazon Order - Baby Crib,-10.48,CA
67812,1/10/2014,Hospital - Prenatal Care,-37.39,CA
67812,1/10/2014,Babies "R" Us,-7.74,CA
67812,1/10/2014,BuyBuyBaby.com,-22.09,CA
67812,1/10/2014,Uber,-13.86,CA
67812,1/10/2014,San Diego Museum,-34.14,CA
67812,1/11/2014,Goods2 - ThinkGeek,-5.27,CA
67812,1/11/2014,DVD - Star Trek,-17.14,CA
67812,1/11/2014,Ralph's Grocery Store,-9.98,CA
67812,1/11/2014,Amazon Order - Biology Book,-24.89,CA
67812,1/12/2014,San Diego Museum,-97.4,CA
67812,1/13/2014,Sprouts Market,-24.4,CA
67812,1/13/2014,Coffee,-6.68,CA
67812,1/14/2014,Art Museum,-21.94,CA
67812,1/15/2014,Restaurant - Chinese,-36.25,CA
67812,1/15/2014,Public Transportation - Bus Pass,-8.35,CA
67812,1/15/2014,Restaurant - Pizza,-7.47,CA
67812,1/15/2014,Amazon Order - Biology Book,-30.24,CA
67812,1/15/2014,Mary's Book Store,-90.59,CA
67812,1/16/2014,Von's Groceries,-25.04,CA
67812,1/17/2014,Online Education Courses,-72.82,CA
67812,1/18/2014,Amazon Order - Mathematics Book,-36.45,CA
67812,1/18/2014,Amazon Order - Mathematics Book,-28.23,CA
67812,1/19/2014,Online Education Courses,-63.92,CA
67812,1/19/2014,Amazon Order - Biology Book,-1.31,CA
67812,1/19/2014,Public Transportation - Train Pass,-116.03,CA
67812,1/19/2014,Amazon Order - Science Book,-0.96,CA
67812,1/19/2014,Restaurant - Steakhouse,-70.29,CA
67812,1/19/2014,Sprouts Market,-25,CA
67812,1/19/2014,Ralph's Grocery Store,-38.64,CA
67812,1/19/2014,Public Transportation - Train Pass,-84.32,CA
67812,1/19/2014,Amazon Order - Mathematics Book,-6.08,CA
67812,1/19/2014,Mary's Book Store,-15.62,CA
67812,1/19/2014,Food Delivery - GrubHub,-18.63,CA
67812,1/19/2014,Goods2 - ThinkGeek,-26.77,CA
67812,1/20/2014,Video Game - PlayStation,-114.13,CA
67812,1/20/2014,San Diego Museum,-8.43,CA
67812,1/20/2014,Library Membership,-31.72,CA
67812,1/20/2014,Online Education Courses,-34.67,CA
67812,1/21/2014,DVD - Star Trek,-8.96,CA
67812,1/22/2014,DVD - Star Trek,-20.43,CA
67812,1/22/2014,Library Membership,-33.47,CA
67812,1/22/2014,Restaurant - Burgers,-16.43,CA
67812,1/23/2014,Video Game - PlayStation,-14.43,CA
67812,1/24/2014,Restaurant - Steakhouse,-39.9,CA
67812,1/25/2014,Whole Foods,-29.97,CA
67812,1/26/2014,Science Museum,-18.7,CA
67812,1/26/2014,Public Transportation - Train Pass,-36.46,CA
67812,1/26/2014,Public Transportation - Train Pass,-7.62,CA
67812,1/26/2014,Public Transportation - Train Pass,-6.01,CA
67812,1/26/2014,Amazon Order - Mathematics Book,-32.55,CA
67812,1/26/2014,Library Membership,-13.44,CA
67812,1/26/2014,Lyft,-11.52,CA
67812,1/27/2014,Library Membership,-35.95,CA
67812,1/28/2014,Science Museum,-28.16,CA
67812,1/29/2014,Amazon Order - Mathematics Book,-35.58,CA
67812,1/29/2014,Lyft,-31.58,CA
67812,1/30/2014,Sprouts Market,-7.43,CA
67812,1/30/2014,Video Game - PlayStation,-5.72,CA
67812,1/30/2014,Goods2 - ThinkGeek,-76.75,CA
67812,1/30/2014,Amazon Order - Science Book,-39.42,CA
67812,1/30/2014,Amazon Order - Star Wars Figurine,-7.47,CA
67812,1/30/2014,Science Museum,-15.14,CA
67812,3/2/2014,Paycheck,4280,CA
67812,3/2/2014,Housing Rent,-957,CA
67812,3/2/2014,Time Warner Cable,-25,CA
67812,3/2/2014,ACS - Student Loans,-135,CA
67812,3/2/2014,Navient - Student Loans,-197,CA
67812,3/2/2014,Credit Card Payment,-154,CA
67812,3/2/2014,Water & Sewer,-53,CA
67812,3/2/2014,Taxi,-10.2,CA
67812,3/2/2014,Public Transportation - Train Pass,-26.87,CA
67812,3/2/2014,Taxi,-37.46,CA
67812,3/3/2014,Sprouts Market,-7.33,CA
67812,3/3/2014,Library Membership,-14.77,CA
67812,3/3/2014,Goods2 - ThinkGeek,-20.08,CA
67812,3/4/2014,DVD - Star Trek,-26.23,CA
67812,3/5/2014,Restaurant - Pizza,-37.66,CA
67812,3/6/2014,Art Museum,-34.33,CA
67812,3/7/2014,Science Museum,-42.78,CA
67812,3/8/2014,Amazon Order - Biology Book,-37.04,CA
67812,3/8/2014,Amazon Order - Biology Book,-39.35,CA
67812,3/8/2014,Goods2 - ThinkGeek,-106.47,CA
67812,3/9/2014,Amazon Order - Mathematics Book,-17.89,CA
67812,3/10/2014,Amazon Order - Biology Book,-1.9,CA
67812,3/11/2014,Amazon Order - Mathematics Book,-10.14,CA
67812,3/11/2014,Public Transportation - Train Pass,-20.63,CA
67812,3/11/2014,Starbucks Coffee,-2.2,CA
67812,3/11/2014,Restaurant - Steakhouse,-10.94,CA
67812,3/12/2014,Video Game - PlayStation,-2.36,CA
67812,3/12/2014,Amazon Order - Science Book,-17.26,CA
67812,3/12/2014,Taxi,-24.88,CA
67812,3/13/2014,DVD - Star Trek,-6.03,CA
67812,3/13/2014,Lyft,-14.71,CA
67812,3/13/2014,Starbucks Coffee,-7.11,CA
67812,3/13/2014,Public Transportation - Bus Pass,-36.76,CA
67812,3/14/2014,Public Transportation - Bus Pass,-39.43,CA
67812,3/15/2014,Amazon Order - Mathematics Book,-5.24,CA
67812,3/16/2014,Restaurant - Chinese,-104.31,CA
67812,3/16/2014,Amazon Order - Science Book,-33.57,CA
67812,3/16/2014,Science Museum,-51.55,CA
67812,3/16/2014,Amazon Order - Star Wars Figurine,-17.73,CA
67812,3/16/2014,Library Membership,-19.42,CA
67812,3/16/2014,Online Education Courses,-1.13,CA
67812,3/17/2014,Public Transportation - Train Pass,-1.4,CA
67812,3/17/2014,Library Membership,-38.76,CA
67812,3/18/2014,Goods2 - ThinkGeek,-35.01,CA
67812,3/18/2014,Coffee,-27.33,CA
67812,3/18/2014,Uber,-10.22,CA
67812,3/18/2014,Mary's Book Store,-16.98,CA
67812,3/18/2014,Library Membership,-0.8,CA
67812,3/18/2014,Science Museum,-31.35,CA
67812,3/19/2014,Art Museum,-56.46,CA
67812,3/19/2014,Public Transportation - Train Pass,-6.04,CA
67812,3/19/2014,San Diego Museum,-87.49,CA
67812,3/19/2014,Amazon Order - Biology Book,-35.79,CA
67812,3/19/2014,San Diego Museum,-17.65,CA
67812,3/19/2014,Amazon Order - Star Wars Figurine,-83.02,CA
67812,3/19/2014,Lyft,-38.79,CA
67812,3/19/2014,Online Education Courses,-19.42,CA
67812,3/20/2014,Sprouts Market,-118.05,CA
67812,3/20/2014,Mary's Book Store,-22.59,CA
67812,3/20/2014,Von's Groceries,-22.26,CA
67812,3/20/2014,Coffee,-1.34,CA
67812,3/21/2014,Amazon Order - Mathematics Book,-24.83,CA
67812,3/22/2014,Mary's Book Store,-30.73,CA
67812,3/23/2014,Coffee,-14.99,CA
67812,3/24/2014,Coffee,-13.89,CA
67812,3/24/2014,Amazon Order - Mathematics Book,-32.69,CA
67812,3/25/2014,Uber,-24.56,CA
67812,3/25/2014,Amazon Order - Star Wars Figurine,-54.86,CA
67812,3/25/2014,Restaurant - Chinese,-0.34,CA
67812,3/25/2014,Online Education Courses,-11.65,CA
67812,3/25/2014,DVD - Star Trek,-42.99,CA
67812,3/25/2014,DVD - Star Trek,-7.72,CA
67812,3/25/2014,Restaurant - Steakhouse,-7.93,CA
67812,3/25/2014,Amazon Order - Science Book,-8.58,CA
67812,3/25/2014,Art Museum,-11.88,CA
67812,3/25/2014,Mary's Book Store,-21,CA
67812,3/26/2014,Uber,-26.6,CA
67812,3/27/2014,Amazon Order - Science Book,-2.71,CA
67812,3/27/2014,DVD - Star Trek,-28,CA
67812,3/28/2014,Amazon Order - Biology Book,-15.87,CA
67812,3/29/2014,Art Museum,-22.81,CA
67812,3/29/2014,Goods2 - ThinkGeek,-77.7,CA
67812,3/29/2014,Whole Foods,-97.36,CA
67812,3/30/2014,Coffee,-30.58,CA
67812,4/2/2014,Paycheck,4280,CA
67812,4/2/2014,Housing Rent,-1015,CA
67812,4/2/2014,Time Warner Cable,-25,CA
67812,4/2/2014,ACS - Student Loans,-135,CA
67812,4/2/2014,Navient - Student Loans,-197,CA
67812,4/2/2014,Credit Card Payment,-154,CA
67812,4/2/2014,Water & Sewer,-53,CA
67812,4/2/2014,Taxi,-30.42,CA
67812,4/2/2014,Whole Foods,-30.54,CA
67812,4/2/2014,Amazon Order - Science Book,-33.37,CA
67812,4/3/2014,Restaurant - Steakhouse,-25.56,CA
67812,4/4/2014,San Diego Museum,-23.87,CA
67812,4/5/2014,Amazon Order - Science Book,-29.6,CA
67812,4/6/2014,Public Transportation - Train Pass,-81.9,CA
67812,4/6/2014,DVD - Star Trek,-37.8,CA
67812,4/7/2014,Coffee,-17.23,CA
67812,4/7/2014,Amazon Order - Star Wars Figurine,-8.69,CA
67812,4/7/2014,Amazon Order - Science Book,-74.64,CA
67812,4/7/2014,Online Education Courses,-16.48,CA
67812,4/7/2014,Mary's Book Store,-27.78,CA
67812,4/8/2014,Science Museum,-4.78,CA
67812,4/8/2014,Online Education Courses,-1.12,CA
67812,4/8/2014,San Diego Museum,-32.03,CA
67812,4/9/2014,Uber,-30.14,CA
67812,4/9/2014,Amazon Order - Biology Book,-24.51,CA
67812,4/10/2014,Amazon Order - Biology Book,-15.12,CA
67812,4/10/2014,Coffee,-27.65,CA
67812,4/10/2014,Amazon Order - Mathematics Book,-39.91,CA
67812,4/10/2014,Amazon Order - Science Book,-4.2,CA
67812,4/10/2014,Lyft,-35.28,CA
67812,4/11/2014,Goods2 - ThinkGeek,-9.31,CA
67812,4/11/2014,Restaurant - Burgers,-16.32,CA
67812,4/11/2014,Uber,-16.39,CA
67812,4/11/2014,Coffee,-10.84,CA
67812,4/11/2014,San Diego Museum,-57.72,CA
67812,4/12/2014,Online Education Courses,-13.15,CA
67812,4/13/2014,Lyft,-47.61,CA
67812,4/13/2014,Von's Groceries,-53.77,CA
67812,4/14/2014,Lyft,-7.81,CA
67812,4/14/2014,Lyft,-33.75,CA
67812,4/15/2014,Coffee,-27.45,CA
67812,4/15/2014,Sprouts Market,-13.46,CA
67812,4/15/2014,Library Membership,-109.25,CA
67812,4/15/2014,Art Museum,-63.45,CA
67812,4/15/2014,Lyft,-15.68,CA
67812,4/15/2014,Food Delivery - GrubHub,-5.18,CA
67812,4/15/2014,Public Transportation - Train Pass,-4.32,CA
67812,4/15/2014,Lyft,-36.38,CA
67812,4/15/2014,Restaurant - Chinese,-39.63,CA
67812,4/15/2014,Amazon Order - Star Wars Figurine,-27.05,CA
67812,4/16/2014,Science Museum,-38.66,CA
67812,4/16/2014,Goods2 - ThinkGeek,-12.24,CA
67812,4/16/2014,Lyft,-1.46,CA
67812,4/16/2014,Restaurant - Pizza,-30.83,CA
67812,4/16/2014,Von's Groceries,-19.88,CA
67812,4/17/2014,Online Education Courses,-36.3,CA
67812,4/17/2014,Library Membership,-24.96,CA
67812,4/18/2014,Art Museum,-38.39,CA
67812,4/19/2014,Amazon Order - Mathematics Book,-27.81,CA
67812,4/20/2014,Von's Groceries,-7.44,CA
67812,4/20/2014,Mary's Book Store,-7.7,CA
67812,4/21/2014,Science Museum,-13.34,CA
67812,4/21/2014,Uber,-39.95,CA
67812,4/21/2014,Library Membership,-13.83,CA
67812,4/22/2014,DVD - Star Trek,-39.04,CA
67812,4/22/2014,Amazon Order - Biology Book,-1.69,CA
67812,4/22/2014,Coffee,-39.57,CA
67812,4/23/2014,Amazon Order - Mathematics Book,-110.65,CA
67812,4/23/2014,Coffee,-5.64,CA
67812,4/23/2014,Library Membership,-33.22,CA
67812,4/24/2014,DVD - Star Trek,-20.6,CA
67812,4/24/2014,Food Delivery - GrubHub,-21.49,CA
67812,4/25/2014,Library Membership,-16.97,CA
67812,4/26/2014,Art Museum,-81.08,CA
67812,4/26/2014,Goods2 - ThinkGeek,-16.57,CA
67812,4/26/2014,DVD - Star Trek,-3.2,CA
67812,4/26/2014,Restaurant - Steakhouse,-14.71,CA
67812,4/26/2014,Library Membership,-37.31,CA
67812,4/27/2014,Art Museum,-104.54,CA
67812,4/28/2014,Video Game - PlayStation,-32.37,CA
67812,4/29/2014,Coffee,-14.25,CA
67812,4/29/2014,Public Transportation - Train Pass,-37.8,CA
67812,4/30/2014,Amazon Order - Mathematics Book,-26.33,CA
67812,4/30/2014,Restaurant - Burgers,-24.19,CA
67812,4/30/2014,Amazon Order - Science Book,-16.51,CA
67812,4/30/2014,Public Transportation - Bus Pass,-2.5,CA
67812,4/30/2014,Public Transportation - Train Pass,-6.76,CA
67812,4/30/2014,DVD - Star Trek,-12.05,CA
67812,4/30/2014,Public Transportation - Train Pass,-33.18,CA
67812,4/30/2014,Amazon Order - Mathematics Book,-101.46,CA
67812,5/2/2014,Paycheck,4280,CA
67812,5/2/2014,Housing Rent,-873,CA
67812,5/2/2014,Time Warner Cable,-25,CA
67812,5/2/2014,ACS - Student Loans,-135,CA
67812,5/2/2014,Navient - Student Loans,-197,CA
67812,5/2/2014,Credit Card Payment,-154,CA
67812,5/2/2014,Water & Sewer,-53,CA
67812,5/2/2014,Online Education Courses,-32.25,CA
67812,5/2/2014,Art Museum,-15.07,CA
67812,5/2/2014,Whole Foods,-30.55,CA
67812,5/2/2014,San Diego Museum,-12.44,CA
67812,5/2/2014,Library Membership,-35.66,CA
67812,5/2/2014,Goods2 - ThinkGeek,-27.29,CA
67812,5/2/2014,Online Education Courses,-67.24,CA
67812,5/3/2014,Amazon Order - Mathematics Book,-79.91,CA
67812,5/3/2014,Mary's Book Store,-107.41,CA
67812,5/3/2014,Online Education Courses,-59.38,CA
67812,5/3/2014,Sprouts Market,-64.6,CA
67812,5/3/2014,Amazon Order - Mathematics Book,-38.51,CA
67812,5/3/2014,Goods2 - ThinkGeek,-27.56,CA
67812,5/3/2014,Amazon Order - Mathematics Book,-10.97,CA
67812,5/3/2014,Taxi,-30.72,CA
67812,5/4/2014,Ralph's Grocery Store,-17.4,CA
67812,5/5/2014,Taxi,-18.51,CA
67812,5/6/2014,Online Education Courses,-47.25,CA
67812,5/6/2014,Online Education Courses,-31.98,CA
67812,5/7/2014,Online Education Courses,-39.92,CA
67812,5/7/2014,Video Game - PlayStation,-8.71,CA
67812,5/7/2014,Taxi,-15.14,CA
67812,5/7/2014,Public Transportation - Bus Pass,-13.86,CA
67812,5/7/2014,Public Transportation - Train Pass,-37.36,CA
67812,5/8/2014,San Diego Museum,-28.91,CA
67812,5/9/2014,Whole Foods,-7.47,CA
67812,5/9/2014,Taxi,-0.7,CA
67812,5/9/2014,Amazon Order - Biology Book,-19.92,CA
67812,5/9/2014,Amazon Order - Mathematics Book,-2.53,CA
67812,5/9/2014,Public Transportation - Bus Pass,-2.35,CA
67812,5/10/2014,Von's Groceries,-34.81,CA
67812,5/10/2014,Mary's Book Store,-33,CA
67812,5/11/2014,Mary's Book Store,-15.34,CA
67812,5/12/2014,Sprouts Market,-37.65,CA
67812,5/12/2014,Video Game - PlayStation,-18.21,CA
67812,5/13/2014,Mary's Book Store,-53.77,CA
67812,5/13/2014,Coffee,-9.1,CA
67812,5/13/2014,Amazon Order - Science Book,-0.35,CA
67812,5/13/2014,Goods2 - ThinkGeek,-39.36,CA
67812,5/13/2014,Goods2 - ThinkGeek,-38.61,CA
67812,5/13/2014,DVD - Star Trek,-22.67,CA
67812,5/13/2014,Amazon Order - Mathematics Book,-20.22,CA
67812,5/14/2014,Amazon Order - Biology Book,-13.08,CA
67812,5/14/2014,Sprouts Market,-64.87,CA
67812,5/14/2014,Restaurant - Burgers,-33.75,CA
67812,5/15/2014,DVD - Star Trek,-53.73,CA
67812,5/16/2014,Amazon Order - Biology Book,-10.05,CA
67812,5/16/2014,Amazon Order - Science Book,-76.59,CA
67812,5/17/2014,Video Game - PlayStation,-20.07,CA
67812,5/17/2014,Goods2 - ThinkGeek,-93.31,CA
67812,5/17/2014,Mary's Book Store,-17.73,CA
67812,5/18/2014,Goods2 - ThinkGeek,-37.46,CA
67812,5/19/2014,San Diego Museum,-11.85,CA
67812,5/19/2014,Science Museum,-28.1,CA
67812,5/19/2014,Food Delivery - GrubHub,-26.26,CA
67812,5/19/2014,Amazon Order - Science Book,-12.2,CA
67812,5/19/2014,Science Museum,-3.23,CA
67812,5/19/2014,Restaurant - Chinese,-6.55,CA
67812,5/20/2014,Coffee,-91.53,CA
67812,5/20/2014,Amazon Order - Science Book,-2.05,CA
67812,5/20/2014,Restaurant - Burgers,-1.22,CA
67812,5/20/2014,Amazon Order - Mathematics Book,-19.13,CA
67812,5/21/2014,Amazon Order - Star Wars Figurine,-13.26,CA
67812,5/22/2014,Taxi,-27.15,CA
67812,5/22/2014,Starbucks Coffee,-7.85,CA
67812,5/22/2014,Lyft,-7.11,CA
67812,5/23/2014,Whole Foods,-15.58,CA
67812,5/23/2014,Coffee,-1.54,CA
67812,5/23/2014,Restaurant - Steakhouse,-54.22,CA
67812,5/23/2014,Taxi,-35.09,CA
67812,5/23/2014,Public Transportation - Bus Pass,-14.65,CA
67812,5/23/2014,Coffee,-38.16,CA
67812,5/23/2014,Whole Foods,-28.34,CA
67812,5/23/2014,Amazon Order - Star Wars Figurine,-4.81,CA
67812,5/23/2014,Mary's Book Store,-25.79,CA
67812,5/24/2014,Uber,-29.78,CA
67812,5/25/2014,Public Transportation - Train Pass,-19.61,CA
67812,5/26/2014,Library Membership,-37.54,CA
67812,5/27/2014,Restaurant - Burgers,-8.38,CA
67812,5/27/2014,Amazon Order - Biology Book,-14.25,CA
67812,5/28/2014,Amazon Order - Biology Book,-100.02,CA
67812,5/29/2014,Taxi,-30.95,CA
67812,5/29/2014,Amazon Order - Science Book,-82.9,CA
67812,5/29/2014,Mary's Book Store,-28.12,CA
67812,5/29/2014,Uber,-74.26,CA
67812,5/29/2014,Public Transportation - Train Pass,-25.7,CA
67812,5/29/2014,Amazon Order - Mathematics Book,-30.87,CA
67812,5/29/2014,Amazon Order - Star Wars Figurine,-34.33,CA
67812,5/30/2014,Art Museum,-26.63,CA
67812,5/30/2014,Amazon Order - Mathematics Book,-36.74,CA
67812,6/2/2014,Paycheck,4280,CA
67812,6/2/2014,Housing Rent,-1096,CA
67812,6/2/2014,Time Warner Cable,-25,CA
67812,6/2/2014,ACS - Student Loans,-135,CA
67812,6/2/2014,Navient - Student Loans,-197,CA
67812,6/2/2014,Credit Card Payment,-154,CA
67812,6/2/2014,Water & Sewer,-53,CA
67812,6/2/2014,Von's Groceries,-38.26,CA
67812,6/2/2014,Amazon Order - Biology Book,-12.88,CA
67812,6/2/2014,Public Transportation - Bus Pass,-60.49,CA
67812,6/2/2014,Uber,-13.35,CA
67812,6/3/2014,Lyft,-31.05,CA
67812,6/3/2014,Goods2 - ThinkGeek,-23.77,CA
67812,6/3/2014,Von's Groceries,-34.71,CA
67812,6/4/2014,Public Transportation - Train Pass,-24.65,CA
67812,6/4/2014,Amazon Order - Biology Book,-19.54,CA
67812,6/4/2014,Amazon Order - Science Book,-29.67,CA
67812,6/4/2014,Library Membership,-14.31,CA
67812,6/4/2014,Food Delivery - GrubHub,-21.39,CA
67812,6/4/2014,Lyft,-2.51,CA
67812,6/5/2014,Mary's Book Store,-34.43,CA
67812,6/5/2014,Amazon Order - Mathematics Book,-16.86,CA
67812,6/5/2014,Lyft,-117.79,CA
67812,6/6/2014,Uber,-24.86,CA
67812,6/6/2014,Amazon Order - Biology Book,-108.39,CA
67812,6/7/2014,Public Transportation - Bus Pass,-3.67,CA
67812,6/7/2014,Video Game - PlayStation,-7.03,CA
67812,6/8/2014,Starbucks Coffee,-28.42,CA
67812,6/8/2014,Online Education Courses,-38.52,CA
67812,6/8/2014,Public Transportation - Bus Pass,-112.91,CA
67812,6/8/2014,Amazon Order - Science Book,-20.83,CA
67812,6/9/2014,Restaurant - Pizza,-3.16,CA
67812,6/9/2014,Amazon Order - Biology Book,-107.64,CA
67812,6/9/2014,Public Transportation - Train Pass,-35.05,CA
67812,6/9/2014,Restaurant - Steakhouse,-6.22,CA
67812,6/9/2014,Amazon Order - Star Wars Figurine,-30.83,CA
67812,6/9/2014,Amazon Order - Mathematics Book,-69.55,CA
67812,6/10/2014,Public Transportation - Train Pass,-21.08,CA
67812,6/10/2014,Coffee,-12.75,CA
67812,6/11/2014,Amazon Order - Biology Book,-3.85,CA
67812,6/11/2014,Uber,-37.1,CA
67812,6/12/2014,Coffee,-39.31,CA
67812,6/12/2014,Library Membership,-22.18,CA
67812,6/13/2014,Amazon Order - Biology Book,-30.26,CA
67812,6/13/2014,Goods2 - ThinkGeek,-4.85,CA
67812,6/13/2014,San Diego Museum,-6.83,CA
67812,6/13/2014,DVD - Star Trek,-20.41,CA
67812,6/14/2014,Art Museum,-50.67,CA
67812,6/15/2014,Video Game - PlayStation,-3.02,CA
67812,6/16/2014,Sprouts Market,-10.82,CA
67812,6/17/2014,Amazon Order - Biology Book,-71.34,CA
67812,6/18/2014,Public Transportation - Bus Pass,-35.67,CA
67812,6/18/2014,Public Transportation - Train Pass,-33.8,CA
67812,6/18/2014,Amazon Order - Biology Book,-18.75,CA
67812,6/19/2014,Public Transportation - Bus Pass,-49.64,CA
67812,6/19/2014,Library Membership,-12.2,CA
67812,6/20/2014,Uber,-10.74,CA
67812,6/20/2014,Amazon Order - Mathematics Book,-31.28,CA
67812,6/20/2014,Sprouts Market,-27.89,CA
67812,6/21/2014,Amazon Order - Biology Book,-11.04,CA
67812,6/21/2014,Public Transportation - Bus Pass,-25.74,CA
67812,6/21/2014,Uber,-5.72,CA
67812,6/21/2014,Restaurant - Pizza,-23.28,CA
67812,6/21/2014,Art Museum,-0.59,CA
67812,6/21/2014,Art Museum,-3.6,CA
67812,6/22/2014,Uber,-28.53,CA
67812,6/22/2014,Lyft,-8.94,CA
67812,6/23/2014,Goods2 - ThinkGeek,-34.18,CA
67812,6/23/2014,Food Delivery - GrubHub,-51.66,CA
67812,6/23/2014,Library Membership,-100.09,CA
67812,6/24/2014,Public Transportation - Bus Pass,-0.81,CA
67812,6/24/2014,San Diego Museum,-103.89,CA
67812,6/24/2014,Von's Groceries,-4.72,CA
67812,6/24/2014,Amazon Order - Mathematics Book,-16.04,CA
67812,6/25/2014,Lyft,-37.38,CA
67812,6/25/2014,San Diego Museum,-96.84,CA
67812,6/25/2014,Restaurant - Burgers,-23.12,CA
67812,6/26/2014,Mary's Book Store,-3.93,CA
67812,6/26/2014,Online Education Courses,-42.18,CA
67812,6/26/2014,Lyft,-22.17,CA
67812,6/26/2014,Science Museum,-93.91,CA
67812,6/26/2014,Online Education Courses,-34.22,CA
67812,6/27/2014,Public Transportation - Train Pass,-19.5,CA
67812,6/27/2014,Restaurant - Chinese,-2.05,CA
67812,6/27/2014,Amazon Order - Star Wars Figurine,-35.52,CA
67812,6/28/2014,Restaurant - Chinese,-1.35,CA
67812,6/28/2014,Amazon Order - Science Book,-90.99,CA
67812,6/28/2014,Von's Groceries,-10.86,CA
67812,6/28/2014,Coffee,-21.24,CA
67812,6/29/2014,Restaurant - Chinese,-7.24,CA
67812,6/30/2014,Amazon Order - Biology Book,-85.55,CA
67812,6/30/2014,DVD - Star Trek,-11.69,CA
67812,7/2/2014,Paycheck,4280,CA
67812,7/2/2014,Housing Rent,-914,CA
67812,7/2/2014,Time Warner Cable,-25,CA
67812,7/2/2014,ACS - Student Loans,-135,CA
67812,7/2/2014,Navient - Student Loans,-197,CA
67812,7/2/2014,Credit Card Payment,-154,CA
67812,7/2/2014,Water & Sewer,-53,CA
67812,7/2/2014,Science Museum,-63.88,CA
67812,7/2/2014,Science Museum,-10.15,CA
67812,7/3/2014,San Diego Museum,-21.43,CA
67812,7/3/2014,Science Museum,-27.88,CA
67812,7/4/2014,DVD - Star Trek,-34.71,CA
67812,7/4/2014,San Diego Museum,-31.8,CA
67812,7/4/2014,Restaurant - Steakhouse,-5.49,CA
67812,7/4/2014,Video Game - PlayStation,-32.07,CA
67812,7/4/2014,Restaurant - Chinese,-1.8,CA
67812,7/4/2014,Ralph's Grocery Store,-20.23,CA
67812,7/4/2014,Mary's Book Store,-27.01,CA
67812,7/5/2014,DVD - Star Trek,-24.65,CA
67812,7/5/2014,Amazon Order - Star Wars Figurine,-29.99,CA
67812,7/6/2014,Art Museum,-13.4,CA
67812,7/6/2014,Online Education Courses,-34.93,CA
67812,7/7/2014,Coffee,-15.89,CA
67812,7/7/2014,Uber,-4.97,CA
67812,7/8/2014,Amazon Order - Mathematics Book,-22.39,CA
67812,7/8/2014,Public Transportation - Train Pass,-26.19,CA
67812,7/8/2014,Lyft,-0.78,CA
67812,7/8/2014,Goods2 - ThinkGeek,-87.46,CA
67812,7/8/2014,San Diego Museum,-24.33,CA
67812,7/8/2014,Coffee,-14.42,CA
67812,7/8/2014,Restaurant - Burgers,-11.09,CA
67812,7/8/2014,Uber,-2.85,CA
67812,7/8/2014,Uber,-71.13,CA
67812,7/8/2014,Restaurant - Steakhouse,-27.71,CA
67812,7/8/2014,Restaurant - Steakhouse,-50.58,CA
67812,7/8/2014,Coffee,-9.6,CA
67812,7/8/2014,Art Museum,-32.53,CA
67812,7/8/2014,Online Education Courses,-57.09,CA
67812,7/9/2014,Amazon Order - Science Book,-78.93,CA
67812,7/10/2014,Amazon Order - Star Wars Figurine,-14.17,CA
67812,7/10/2014,Public Transportation - Train Pass,-3.49,CA
67812,7/10/2014,San Diego Museum,-70.67,CA
67812,7/10/2014,Art Museum,-23.11,CA
67812,7/10/2014,Restaurant - Pizza,-15.24,CA
67812,7/10/2014,Restaurant - Pizza,-37.64,CA
67812,7/10/2014,Amazon Order - Star Wars Figurine,-6.14,CA
67812,7/11/2014,Lyft,-25.93,CA
67812,7/12/2014,Uber,-74.36,CA
67812,7/13/2014,San Diego Museum,-26.91,CA
67812,7/14/2014,Amazon Order - Mathematics Book,-18.43,CA
67812,7/15/2014,Amazon Order - Science Book,-39.25,CA
67812,7/15/2014,Coffee,-23.22,CA
67812,7/15/2014,Goods2 - ThinkGeek,-2.26,CA
67812,7/15/2014,Amazon Order - Star Wars Figurine,-31.64,CA
67812,7/16/2014,Public Transportation - Bus Pass,-39.73,CA
67812,7/16/2014,Goods2 - ThinkGeek,-32.26,CA
67812,7/17/2014,DVD - Star Trek,-23.11,CA
67812,7/18/2014,DVD - Star Trek,-1.06,CA
67812,7/18/2014,Amazon Order - Star Wars Figurine,-2.34,CA
67812,7/18/2014,Coffee,-32.69,CA
67812,7/18/2014,Amazon Order - Mathematics Book,-35.86,CA
67812,7/19/2014,DVD - Star Trek,-75.74,CA
67812,7/20/2014,Amazon Order - Mathematics Book,-11.47,CA
67812,7/20/2014,Restaurant - Pizza,-14.74,CA
67812,7/20/2014,Amazon Order - Biology Book,-18.98,CA
67812,7/20/2014,Public Transportation - Bus Pass,-14.37,CA
67812,7/20/2014,Video Game - PlayStation,-26.28,CA
67812,7/21/2014,Library Membership,-2.85,CA
67812,7/22/2014,Science Museum,-13.22,CA
67812,7/22/2014,Taxi,-38.6,CA
67812,7/22/2014,Amazon Order - Star Wars Figurine,-22.99,CA
67812,7/22/2014,Public Transportation - Bus Pass,-16.19,CA
67812,7/22/2014,Amazon Order - Star Wars Figurine,-36.98,CA
67812,7/23/2014,San Diego Museum,-15.28,CA
67812,7/23/2014,DVD - Star Trek,-0.76,CA
67812,7/23/2014,Taxi,-24.25,CA
67812,7/23/2014,DVD - Star Trek,-86.01,CA
67812,7/24/2014,Coffee,-12.08,CA
67812,7/24/2014,Amazon Order - Mathematics Book,-18.72,CA
67812,7/24/2014,Public Transportation - Bus Pass,-32.15,CA
67812,7/24/2014,Amazon Order - Star Wars Figurine,-23.1,CA
67812,7/24/2014,Amazon Order - Mathematics Book,-0.45,CA
67812,7/24/2014,Mary's Book Store,-6.34,CA
67812,7/24/2014,Sprouts Market,-2.9,CA
67812,7/24/2014,Amazon Order - Biology Book,-25.89,CA
67812,7/25/2014,Mary's Book Store,-4.8,CA
67812,7/26/2014,Von's Groceries,-3.32,CA
67812,7/26/2014,Coffee,-38.99,CA
67812,7/26/2014,Sprouts Market,-34.44,CA
67812,7/27/2014,Restaurant - Steakhouse,-13.88,CA
67812,7/27/2014,Coffee,-68.69,CA
67812,7/27/2014,Mary's Book Store,-21.01,CA
67812,7/27/2014,Amazon Order - Star Wars Figurine,-18.17,CA
67812,7/28/2014,Amazon Order - Biology Book,-25.47,CA
67812,7/29/2014,Lyft,-78.46,CA
67812,7/29/2014,Mary's Book Store,-10.84,CA
67812,7/30/2014,Mary's Book Store,-11.48,CA
67812,7/30/2014,Starbucks Coffee,-6.15,CA
67812,7/30/2014,Science Museum,-15.11,CA
67812,7/30/2014,Starbucks Coffee,-36.82,CA
67812,7/30/2014,Sprouts Market,-36.96,CA
67812,7/30/2014,Lyft,-1.37,CA
67812,8/2/2014,Paycheck,4280,CA
67812,8/2/2014,Housing Rent,-1337,CA
67812,8/2/2014,Time Warner Cable,-25,CA
67812,8/2/2014,ACS - Student Loans,-135,CA
67812,8/2/2014,Navient - Student Loans,-197,CA
67812,8/2/2014,Credit Card Payment,-154,CA
67812,8/2/2014,Water & Sewer,-53,CA
67812,8/2/2014,Library Membership,-21.6,CA
67812,8/2/2014,Public Transportation - Bus Pass,-15.26,CA
67812,8/2/2014,DVD - Star Trek,-57.93,CA
67812,8/2/2014,Uber,-32.8,CA
67812,8/2/2014,Science Museum,-13.64,CA
67812,8/2/2014,Coffee,-50.46,CA
67812,8/2/2014,Ralph's Grocery Store,-34.64,CA
67812,8/2/2014,DVD - Star Trek,-38.78,CA
67812,8/3/2014,Art Museum,-5.56,CA
67812,8/3/2014,Goods2 - ThinkGeek,-1.19,CA
67812,8/4/2014,Mary's Book Store,-34.96,CA
67812,8/4/2014,Art Museum,-20.13,CA
67812,8/4/2014,Amazon Order - Science Book,-5.82,CA
67812,8/5/2014,Taxi,-34.01,CA
67812,8/6/2014,Starbucks Coffee,-11.88,CA
67812,8/6/2014,San Diego Museum,-24.38,CA
67812,8/6/2014,Mary's Book Store,-5.38,CA
67812,8/7/2014,DVD - Star Trek,-83.29,CA
67812,8/7/2014,Taxi,-6.09,CA
67812,8/8/2014,Science Museum,-21.55,CA
67812,8/9/2014,Public Transportation - Bus Pass,-9.85,CA
67812,8/10/2014,Restaurant - Burgers,-99.91,CA
67812,8/10/2014,Coffee,-14.7,CA
67812,8/10/2014,Coffee,-102.13,CA
67812,8/10/2014,Amazon Order - Mathematics Book,-25.29,CA
67812,8/10/2014,Restaurant - Burgers,-17.76,CA
67812,8/10/2014,Library Membership,-4.69,CA
67812,8/10/2014,San Diego Museum,-11.49,CA
67812,8/11/2014,Public Transportation - Train Pass,-31.1,CA
67812,8/11/2014,Library Membership,-2.57,CA
67812,8/11/2014,Von's Groceries,-29.3,CA
67812,8/12/2014,Amazon Order - Science Book,-24.38,CA
67812,8/12/2014,Amazon Order - Science Book,-23.03,CA
67812,8/13/2014,Uber,-112.99,CA
67812,8/13/2014,Whole Foods,-2.84,CA
67812,8/13/2014,Lyft,-32.09,CA
67812,8/13/2014,Restaurant - Pizza,-7.1,CA
67812,8/13/2014,Food Delivery - GrubHub,-37.55,CA
67812,8/14/2014,Art Museum,-59.3,CA
67812,8/14/2014,Online Education Courses,-91.67,CA
67812,8/14/2014,Taxi,-7.56,CA
67812,8/14/2014,Food Delivery - GrubHub,-33.27,CA
67812,8/14/2014,Goods2 - ThinkGeek,-16.51,CA
67812,8/14/2014,Public Transportation - Bus Pass,-11.1,CA
67812,8/14/2014,Art Museum,-18.56,CA
67812,8/14/2014,Amazon Order - Biology Book,-31.79,CA
67812,8/14/2014,DVD - Star Trek,-27.04,CA
67812,8/15/2014,Sprouts Market,-65.29,CA
67812,8/15/2014,Restaurant - Burgers,-27.06,CA
67812,8/15/2014,Online Education Courses,-18.67,CA
67812,8/16/2014,Whole Foods,-7.48,CA
67812,8/16/2014,Science Museum,-11.65,CA
67812,8/16/2014,Online Education Courses,-30.8,CA
67812,8/16/2014,Public Transportation - Train Pass,-102.96,CA
67812,8/16/2014,Amazon Order - Mathematics Book,-104.56,CA
67812,8/16/2014,Mary's Book Store,-36.86,CA
67812,8/16/2014,Mary's Book Store,-59.76,CA
67812,8/16/2014,Amazon Order - Science Book,-8.44,CA
67812,8/16/2014,Amazon Order - Mathematics Book,-20.67,CA
67812,8/17/2014,Restaurant - Pizza,-75.25,CA
67812,8/18/2014,Goods2 - ThinkGeek,-16.94,CA
67812,8/18/2014,Amazon Order - Science Book,-25.71,CA
67812,8/18/2014,Amazon Order - Biology Book,-7.91,CA
67812,8/19/2014,Restaurant - Burgers,-17.56,CA
67812,8/20/2014,Goods2 - ThinkGeek,-26.86,CA
67812,8/20/2014,DVD - Star Trek,-13.75,CA
67812,8/20/2014,Taxi,-32,CA
67812,8/20/2014,Von's Groceries,-113.38,CA
67812,8/20/2014,Taxi,-19.9,CA
67812,8/20/2014,Von's Groceries,-4.34,CA
67812,8/21/2014,Public Transportation - Train Pass,-29.31,CA
67812,8/21/2014,Amazon Order - Star Wars Figurine,-15.75,CA
67812,8/21/2014,Uber,-64.87,CA
67812,8/22/2014,Lyft,-115.88,CA
67812,8/22/2014,Restaurant - Steakhouse,-5.27,CA
67812,8/22/2014,Ralph's Grocery Store,-39.04,CA
67812,8/22/2014,Library Membership,-12.91,CA
67812,8/22/2014,Amazon Order - Biology Book,-12.47,CA
67812,8/22/2014,Food Delivery - GrubHub,-4.88,CA
67812,8/23/2014,Taxi,-23.46,CA
67812,8/23/2014,Public Transportation - Bus Pass,-32.12,CA
67812,8/24/2014,San Diego Museum,-39.25,CA
67812,8/24/2014,Coffee,-76.96,CA
67812,8/24/2014,Library Membership,-119.6,CA
67812,8/25/2014,Ralph's Grocery Store,-22.26,CA
67812,8/25/2014,Coffee,-21.17,CA
67812,8/25/2014,Uber,-34.34,CA
67812,8/25/2014,Restaurant - Steakhouse,-16.82,CA
67812,8/26/2014,Ralph's Grocery Store,-68.53,CA
67812,8/27/2014,Art Museum,-108.53,CA
67812,8/27/2014,Video Game - PlayStation,-16.61,CA
67812,8/27/2014,Video Game - PlayStation,-96.99,CA
67812,8/28/2014,Ralph's Grocery Store,-20.44,CA
67812,8/28/2014,Ralph's Grocery Store,-18.45,CA
67812,8/28/2014,Amazon Order - Biology Book,-28.54,CA
67812,8/28/2014,Science Museum,-34.18,CA
67812,8/29/2014,Starbucks Coffee,-13.86,CA
67812,8/29/2014,Science Museum,-4.24,CA
67812,8/29/2014,Video Game - PlayStation,-32.31,CA
67812,8/30/2014,Science Museum,-5.7,CA
67812,9/2/2014,Paycheck,4280,CA
67812,9/2/2014,Housing Rent,-864,CA
67812,9/2/2014,Time Warner Cable,-25,CA
67812,9/2/2014,ACS - Student Loans,-135,CA
67812,9/2/2014,Navient - Student Loans,-197,CA
67812,9/2/2014,Credit Card Payment,-154,CA
67812,9/2/2014,Water & Sewer,-53,CA
67812,9/2/2014,Starbucks Coffee,-19.03,CA
67812,9/2/2014,Restaurant - Steakhouse,-21.01,CA
67812,9/2/2014,Video Game - PlayStation,-8.14,CA
67812,9/3/2014,Uber,-8.5,CA
67812,9/3/2014,Online Education Courses,-33.5,CA
67812,9/3/2014,San Diego Museum,-20.72,CA
67812,9/3/2014,Von's Groceries,-106.35,CA
67812,9/3/2014,Starbucks Coffee,-1.83,CA
67812,9/4/2014,Restaurant - Pizza,-9.4,CA
67812,9/5/2014,Restaurant - Steakhouse,-39.29,CA
67812,9/6/2014,Public Transportation - Bus Pass,-36.06,CA
67812,9/6/2014,Von's Groceries,-5.54,CA
67812,9/6/2014,Public Transportation - Train Pass,-9.48,CA
67812,9/7/2014,Video Game - PlayStation,-58.53,CA
67812,9/7/2014,Restaurant - Chinese,-36.62,CA
67812,9/7/2014,Starbucks Coffee,-84.68,CA
67812,9/8/2014,Sprouts Market,-32.96,CA
67812,9/8/2014,Restaurant - Burgers,-16.61,CA
67812,9/9/2014,Taxi,-14.17,CA
67812,9/9/2014,Restaurant - Steakhouse,-34.57,CA
67812,9/9/2014,Library Membership,-20.78,CA
67812,9/10/2014,Public Transportation - Bus Pass,-24.19,CA
67812,9/10/2014,Amazon Order - Star Wars Figurine,-10.49,CA
67812,9/10/2014,Amazon Order - Star Wars Figurine,-17.76,CA
67812,9/11/2014,San Diego Museum,-20.14,CA
67812,9/12/2014,Public Transportation - Train Pass,-29.77,CA
67812,9/13/2014,Art Museum,-24.39,CA
67812,9/13/2014,Lyft,-25.57,CA
67812,9/13/2014,Public Transportation - Bus Pass,-67.13,CA
67812,9/13/2014,Uber,-26.07,CA
67812,9/13/2014,Restaurant - Burgers,-39.57,CA
67812,9/13/2014,Science Museum,-103.56,CA
67812,9/13/2014,San Diego Museum,-105.28,CA
67812,9/13/2014,Ralph's Grocery Store,-0.05,CA
67812,9/13/2014,Mary's Book Store,-2.05,CA
67812,9/14/2014,Food Delivery - GrubHub,-11.32,CA
67812,9/14/2014,Library Membership,-15.99,CA
67812,9/15/2014,Video Game - PlayStation,-4.99,CA
67812,9/15/2014,Art Museum,-11.97,CA
67812,9/16/2014,Sprouts Market,-13.94,CA
67812,9/16/2014,Taxi,-2.92,CA
67812,9/16/2014,Online Education Courses,-26.7,CA
67812,9/16/2014,Amazon Order - Science Book,-37.31,CA
67812,9/16/2014,DVD - Star Trek,-2.4,CA
67812,9/16/2014,Amazon Order - Star Wars Figurine,-0.2,CA
67812,9/16/2014,Art Museum,-90.57,CA
67812,9/16/2014,Restaurant - Burgers,-113.3,CA
67812,9/17/2014,Restaurant - Pizza,-35.48,CA
67812,9/17/2014,San Diego Museum,-36.41,CA
67812,9/18/2014,Coffee,-11.57,CA
67812,9/18/2014,Video Game - PlayStation,-18.39,CA
67812,9/18/2014,Art Museum,-9.41,CA
67812,9/19/2014,Amazon Order - Science Book,-15.4,CA
67812,9/19/2014,Goods2 - ThinkGeek,-13.34,CA
67812,9/19/2014,Lyft,-48.58,CA
67812,9/19/2014,Science Museum,-26.44,CA
67812,9/19/2014,Science Museum,-4.44,CA
67812,9/19/2014,Food Delivery - GrubHub,-51.66,CA
67812,9/20/2014,DVD - Star Trek,-11.99,CA
67812,9/20/2014,Online Education Courses,-19.14,CA
67812,9/20/2014,San Diego Museum,-36.41,CA
67812,9/20/2014,DVD - Star Trek,-4.68,CA
67812,9/21/2014,San Diego Museum,-37.74,CA
67812,9/22/2014,Uber,-43.72,CA
67812,9/22/2014,Taxi,-17.21,CA
67812,9/22/2014,Amazon Order - Star Wars Figurine,-12.45,CA
67812,9/23/2014,Amazon Order - Biology Book,-25.59,CA
67812,9/23/2014,Taxi,-34.05,CA
67812,9/23/2014,Mary's Book Store,-10.01,CA
67812,9/24/2014,Public Transportation - Train Pass,-72.4,CA
67812,9/24/2014,Restaurant - Pizza,-29.62,CA
67812,9/24/2014,Lyft,-35.23,CA
67812,9/24/2014,Art Museum,-18.13,CA
67812,9/24/2014,Taxi,-92.64,CA
67812,9/25/2014,Starbucks Coffee,-20.21,CA
67812,9/26/2014,Starbucks Coffee,-88.59,CA
67812,9/27/2014,Coffee,-33.38,CA
67812,9/27/2014,Taxi,-19.26,CA
67812,9/27/2014,Starbucks Coffee,-34.5,CA
67812,9/28/2014,Goods2 - ThinkGeek,-37.42,CA
67812,9/28/2014,Amazon Order - Mathematics Book,-25.6,CA
67812,9/29/2014,Library Membership,-9.49,CA
67812,9/30/2014,DVD - Star Trek,-12.34,CA
67812,9/30/2014,Goods2 - ThinkGeek,-22.59,CA
67812,9/30/2014,Uber,-30.14,CA
67812,9/30/2014,Online Education Courses,-38.83,CA
67812,9/30/2014,Science Museum,-18.66,CA
67812,9/30/2014,Ralph's Grocery Store,-41.21,CA
67812,9/30/2014,Goods2 - ThinkGeek,-43.88,CA
67812,9/30/2014,Amazon Order - Mathematics Book,-34.61,CA
67812,9/30/2014,Amazon Order - Science Book,-27.63,CA
67812,9/30/2014,Lyft,-0.97,CA
67812,9/30/2014,Amazon Order - Biology Book,-21.68,CA
67812,9/30/2014,Video Game - PlayStation,-33.68,CA
67812,10/2/2014,Paycheck,4280,CA
67812,10/2/2014,Housing Rent,-1021,CA
67812,10/2/2014,Time Warner Cable,-25,CA
67812,10/2/2014,ACS - Student Loans,-135,CA
67812,10/2/2014,Navient - Student Loans,-197,CA
67812,10/2/2014,Credit Card Payment,-154,CA
67812,10/2/2014,Water & Sewer,-53,CA
67812,10/2/2014,Video Game - PlayStation,-41.96,CA
67812,10/3/2014,Amazon Order - Mathematics Book,-34.38,CA
67812,10/3/2014,Mary's Book Store,-107.52,CA
67812,10/4/2014,Lyft,-5.95,CA
67812,10/5/2014,Amazon Order - Biology Book,-32.45,CA
67812,10/5/2014,San Diego Museum,-15.2,CA
67812,10/5/2014,Taxi,-14.06,CA
67812,10/5/2014,Library Membership,-21.19,CA
67812,10/5/2014,Science Museum,-30.83,CA
67812,10/5/2014,DVD - Star Trek,-38.99,CA
67812,10/6/2014,Lyft,-11.34,CA
67812,10/6/2014,Starbucks Coffee,-38.68,CA
67812,10/6/2014,Science Museum,-25.16,CA
67812,10/7/2014,Amazon Order - Star Wars Figurine,-19.61,CA
67812,10/8/2014,San Diego Museum,-24.79,CA
67812,10/8/2014,Lyft,-1.8,CA
67812,10/9/2014,Library Membership,-57.35,CA
67812,10/9/2014,Sprouts Market,-15.32,CA
67812,10/10/2014,Goods2 - ThinkGeek,-18.11,CA
67812,10/10/2014,Starbucks Coffee,-28.35,CA
67812,10/10/2014,Restaurant - Pizza,-100.33,CA
67812,10/11/2014,Public Transportation - Bus Pass,-7.62,CA
67812,10/11/2014,Amazon Order - Science Book,-41.86,CA
67812,10/11/2014,Taxi,-1.84,CA
67812,10/11/2014,Uber,-5.45,CA
67812,10/11/2014,Coffee,-1.18,CA
67812,10/11/2014,Public Transportation - Bus Pass,-20.13,CA
67812,10/12/2014,Taxi,-22.94,CA
67812,10/13/2014,Amazon Order - Science Book,-1.34,CA
67812,10/14/2014,San Diego Museum,-33.77,CA
67812,10/14/2014,Goods2 - ThinkGeek,-16.5,CA
67812,10/15/2014,Starbucks Coffee,-13.03,CA
67812,10/15/2014,Video Game - PlayStation,-25.31,CA
67812,10/15/2014,Ralph's Grocery Store,-34.68,CA
67812,10/16/2014,Sprouts Market,-29.54,CA
67812,10/16/2014,DVD - Star Trek,-33.5,CA
67812,10/16/2014,Goods2 - ThinkGeek,-3.52,CA
67812,10/17/2014,Taxi,-38.93,CA
67812,10/18/2014,Public Transportation - Train Pass,-61.76,CA
67812,10/18/2014,Sprouts Market,-39.28,CA
67812,10/18/2014,Amazon Order - Biology Book,-6.81,CA
67812,10/18/2014,Mary's Book Store,-44.32,CA
67812,10/18/2014,San Diego Museum,-62.6,CA
67812,10/18/2014,Coffee,-24.64,CA
67812,10/19/2014,Public Transportation - Train Pass,-56.73,CA
67812,10/19/2014,Von's Groceries,-37.6,CA
67812,10/19/2014,Public Transportation - Train Pass,-21.47,CA
67812,10/19/2014,Lyft,-9.01,CA
67812,10/20/2014,Taxi,-10.48,CA
67812,10/20/2014,Goods2 - ThinkGeek,-8.57,CA
67812,10/20/2014,Taxi,-24.71,CA
67812,10/21/2014,Sprouts Market,-25.16,CA
67812,10/21/2014,Coffee,-35.73,CA
67812,10/21/2014,Amazon Order - Star Wars Figurine,-31.55,CA
67812,10/21/2014,Sprouts Market,-118.21,CA
67812,10/22/2014,Online Education Courses,-10.93,CA
67812,10/22/2014,Restaurant - Steakhouse,-20.34,CA
67812,10/23/2014,Sprouts Market,-28.51,CA
67812,10/23/2014,Lyft,-29.2,CA
67812,10/23/2014,Amazon Order - Biology Book,-38.42,CA
67812,10/24/2014,Von's Groceries,-15.04,CA
67812,10/25/2014,Coffee,-11.29,CA
67812,10/25/2014,DVD - Star Trek,-36.95,CA
67812,10/26/2014,Amazon Order - Biology Book,-0.86,CA
67812,10/26/2014,Amazon Order - Star Wars Figurine,-117.07,CA
67812,10/26/2014,Starbucks Coffee,-35.39,CA
67812,10/26/2014,Sprouts Market,-14.8,CA
67812,10/26/2014,Public Transportation - Train Pass,-33.83,CA
67812,10/26/2014,Art Museum,-20.4,CA
67812,10/26/2014,Mary's Book Store,-19.82,CA
67812,10/26/2014,Sprouts Market,-19.73,CA
67812,10/26/2014,Goods2 - ThinkGeek,-14.03,CA
67812,10/26/2014,Video Game - PlayStation,-3.41,CA
67812,10/27/2014,Amazon Order - Mathematics Book,-30.65,CA
67812,10/28/2014,Starbucks Coffee,-0.16,CA
67812,10/28/2014,Public Transportation - Bus Pass,-76.31,CA
67812,10/28/2014,Public Transportation - Train Pass,-88.86,CA
67812,10/28/2014,Science Museum,-40.26,CA
67812,10/29/2014,Video Game - PlayStation,-29.97,CA
67812,10/29/2014,Restaurant - Steakhouse,-54.98,CA
67812,10/29/2014,Video Game - PlayStation,-62.19,CA
67812,10/29/2014,Library Membership,-118.73,CA
67812,10/30/2014,Art Museum,-34.13,CA
67812,10/30/2014,Science Museum,-0.46,CA
67812,10/30/2014,Whole Foods,-16.24,CA
67812,11/2/2014,Paycheck,4280,CA
67812,11/2/2014,Housing Rent,-912,CA
67812,11/2/2014,Time Warner Cable,-25,CA
67812,11/2/2014,ACS - Student Loans,-135,CA
67812,11/2/2014,Navient - Student Loans,-197,CA
67812,11/2/2014,Credit Card Payment,-154,CA
67812,11/2/2014,Water & Sewer,-53,CA
67812,11/2/2014,Public Transportation - Train Pass,-27.59,CA
67812,11/2/2014,Coffee,-21.11,CA
67812,11/2/2014,Art Museum,-37.43,CA
67812,11/2/2014,Goods2 - ThinkGeek,-9.52,CA
67812,11/2/2014,Lyft,-11.06,CA
67812,11/2/2014,Whole Foods,-19.52,CA
67812,11/3/2014,Restaurant - Chinese,-7.88,CA
67812,11/4/2014,DVD - Star Trek,-36.01,CA
67812,11/4/2014,Restaurant - Burgers,-37.95,CA
67812,11/4/2014,Online Education Courses,-30.77,CA
67812,11/4/2014,Public Transportation - Train Pass,-88.1,CA
67812,11/4/2014,Online Education Courses,-17.52,CA
67812,11/4/2014,Art Museum,-25.6,CA
67812,11/4/2014,Mary's Book Store,-36,CA
67812,11/4/2014,DVD - Star Trek,-1.98,CA
67812,11/5/2014,Art Museum,-5.52,CA
67812,11/6/2014,Public Transportation - Train Pass,-12.11,CA
67812,11/6/2014,Restaurant - Chinese,-23.98,CA
67812,11/7/2014,Public Transportation - Bus Pass,-70.04,CA
67812,11/7/2014,Amazon Order - Biology Book,-3,CA
67812,11/7/2014,Von's Groceries,-12.65,CA
67812,11/8/2014,Amazon Order - Mathematics Book,-13.47,CA
67812,11/8/2014,Von's Groceries,-9.62,CA
67812,11/9/2014,Amazon Order - Science Book,-30.72,CA
67812,11/9/2014,Library Membership,-31.52,CA
67812,11/9/2014,Amazon Order - Science Book,-10.16,CA
67812,11/9/2014,Amazon Order - Biology Book,-85.75,CA
67812,11/10/2014,Goods2 - ThinkGeek,-106.62,CA
67812,11/11/2014,Video Game - PlayStation,-39.12,CA
67812,11/11/2014,Mary's Book Store,-21.84,CA
67812,11/11/2014,Amazon Order - Biology Book,-27.18,CA
67812,11/11/2014,Amazon Order - Biology Book,-5.28,CA
67812,11/12/2014,Online Education Courses,-19.98,CA
67812,11/12/2014,Coffee,-11.86,CA
67812,11/12/2014,Von's Groceries,-54.14,CA
67812,11/13/2014,Coffee,-55.79,CA
67812,11/13/2014,Online Education Courses,-12.51,CA
67812,11/14/2014,Public Transportation - Train Pass,-34.56,CA
67812,11/14/2014,Amazon Order - Star Wars Figurine,-16.71,CA
67812,11/14/2014,Amazon Order - Science Book,-19.33,CA
67812,11/14/2014,Lyft,-115.92,CA
67812,11/14/2014,San Diego Museum,-26.4,CA
67812,11/15/2014,Amazon Order - Biology Book,-25.93,CA
67812,11/16/2014,Starbucks Coffee,-2.87,CA
67812,11/16/2014,Mary's Book Store,-13.15,CA
67812,11/17/2014,Video Game - PlayStation,-9.39,CA
67812,11/18/2014,DVD - Star Trek,-18.61,CA
67812,11/19/2014,Restaurant - Pizza,-10.74,CA
67812,11/19/2014,Coffee,-11.44,CA
67812,11/19/2014,Online Education Courses,-7.01,CA
67812,11/20/2014,Uber,-13.7,CA
67812,11/20/2014,Uber,-58.7,CA
67812,11/21/2014,Library Membership,-5.61,CA
67812,11/21/2014,Lyft,-38.51,CA
67812,11/21/2014,Amazon Order - Star Wars Figurine,-1.48,CA
67812,11/21/2014,Goods2 - ThinkGeek,-11.36,CA
67812,11/22/2014,Video Game - PlayStation,-8.68,CA
67812,11/23/2014,San Diego Museum,-23.67,CA
67812,11/23/2014,Coffee,-4.85,CA
67812,11/24/2014,Amazon Order - Biology Book,-23.98,CA
67812,11/24/2014,Public Transportation - Train Pass,-33.29,CA
67812,11/25/2014,Video Game - PlayStation,-28.49,CA
67812,11/26/2014,Amazon Order - Biology Book,-104.98,CA
67812,11/27/2014,DVD - Star Trek,-30.3,CA
67812,11/27/2014,Science Museum,-32.31,CA
67812,11/27/2014,Uber,-39.81,CA
67812,11/27/2014,Amazon Order - Star Wars Figurine,-36.58,CA
67812,11/28/2014,Video Game - PlayStation,-23.57,CA
67812,11/28/2014,Video Game - PlayStation,-4.93,CA
67812,11/28/2014,Amazon Order - Star Wars Figurine,-18.86,CA
67812,11/28/2014,Coffee,-14.83,CA
67812,11/28/2014,Restaurant - Steakhouse,-1.4,CA
67812,11/28/2014,Public Transportation - Train Pass,-53.66,CA
67812,11/28/2014,Video Game - PlayStation,-24.83,CA
67812,11/28/2014,San Diego Museum,-96.58,CA
67812,11/28/2014,Starbucks Coffee,-7.97,CA
67812,11/28/2014,Restaurant - Burgers,-15.72,CA
67812,11/28/2014,San Diego Museum,-91.67,CA
67812,11/28/2014,Sprouts Market,-38.41,CA
67812,11/29/2014,Video Game - PlayStation,-15.98,CA
67812,11/29/2014,Amazon Order - Star Wars Figurine,-7.16,CA
67812,11/29/2014,Mary's Book Store,-10.32,CA
67812,11/29/2014,Von's Groceries,-61.7,CA
67812,11/29/2014,Lyft,-91.97,CA
67812,11/29/2014,Video Game - PlayStation,-29.38,CA
67812,11/29/2014,Art Museum,-27.68,CA
67812,11/30/2014,San Diego Museum,-34.05,CA
67812,11/30/2014,Starbucks Coffee,-31.19,CA
67812,11/30/2014,Restaurant - Burgers,-118.81,CA
67812,11/30/2014,Sprouts Market,-1.52,CA
67812,11/30/2014,Public Transportation - Train Pass,-15.41,CA
67812,12/2/2014,Paycheck,4280,CA
67812,12/2/2014,Housing Rent,-705,CA
67812,12/2/2014,Time Warner Cable,-25,CA
67812,12/2/2014,ACS - Student Loans,-135,CA
67812,12/2/2014,Navient - Student Loans,-197,CA
67812,12/2/2014,Credit Card Payment,-154,CA
67812,12/2/2014,Water & Sewer,-53,CA
67812,12/2/2014,Food Delivery - GrubHub,-19.23,CA
67812,12/2/2014,DVD - Star Trek,-12.5,CA
67812,12/3/2014,Coffee,-29.51,CA
67812,12/3/2014,Taxi,-62.69,CA
67812,12/3/2014,Uber,-9.98,CA
67812,12/3/2014,Public Transportation - Bus Pass,-82.84,CA
67812,12/4/2014,Library Membership,-61.4,CA
67812,12/4/2014,Goods2 - ThinkGeek,-13.97,CA
67812,12/4/2014,Science Museum,-17.05,CA
67812,12/4/2014,Restaurant - Chinese,-84.31,CA
67812,12/4/2014,Coffee,-29.65,CA
67812,12/4/2014,Amazon Order - Star Wars Figurine,-37.36,CA
67812,12/4/2014,Amazon Order - Mathematics Book,-37.95,CA
67812,12/4/2014,Coffee,-23.03,CA
67812,12/4/2014,Taxi,-13.92,CA
67812,12/4/2014,Art Museum,-11.67,CA
67812,12/4/2014,Video Game - PlayStation,-37.62,CA
67812,12/4/2014,Amazon Order - Biology Book,-61.36,CA
67812,12/4/2014,Online Education Courses,-4.49,CA
67812,12/4/2014,Starbucks Coffee,-10.45,CA
67812,12/4/2014,Amazon Order - Science Book,-50.18,CA
67812,12/4/2014,Restaurant - Burgers,-7.91,CA
67812,12/4/2014,Science Museum,-67.79,CA
67812,12/4/2014,Science Museum,-38.1,CA
67812,12/4/2014,San Diego Museum,-22.88,CA
67812,12/5/2014,Public Transportation - Bus Pass,-23.43,CA
67812,12/5/2014,Online Education Courses,-23.27,CA
67812,12/5/2014,Amazon Order - Science Book,-98.81,CA
67812,12/5/2014,Amazon Order - Science Book,-31.83,CA
67812,12/5/2014,Restaurant - Pizza,-36.55,CA
67812,12/5/2014,Amazon Order - Biology Book,-29.06,CA
67812,12/5/2014,Amazon Order - Science Book,-33.39,CA
67812,12/6/2014,Starbucks Coffee,-17.42,CA
67812,12/6/2014,Amazon Order - Mathematics Book,-35.55,CA
67812,12/6/2014,Goods2 - ThinkGeek,-2.8,CA
67812,12/6/2014,Online Education Courses,-68.13,CA
67812,12/7/2014,Mary's Book Store,-88.38,CA
67812,12/7/2014,Science Museum,-4.94,CA
67812,12/7/2014,Restaurant - Burgers,-11.69,CA
67812,12/8/2014,Video Game - PlayStation,-4.34,CA
67812,12/9/2014,Taxi,-76.12,CA
67812,12/9/2014,Food Delivery - GrubHub,-29.08,CA
67812,12/9/2014,DVD - Star Trek,-1.75,CA
67812,12/9/2014,Amazon Order - Science Book,-13.89,CA
67812,12/9/2014,Taxi,-21.18,CA
67812,12/10/2014,Restaurant - Chinese,-16.88,CA
67812,12/11/2014,Von's Groceries,-24.1,CA
67812,12/12/2014,Taxi,-23.39,CA
67812,12/12/2014,Amazon Order - Star Wars Figurine,-37.03,CA
67812,12/12/2014,Public Transportation - Bus Pass,-87.48,CA
67812,12/12/2014,Whole Foods,-34.38,CA
67812,12/12/2014,Science Museum,-3.44,CA
67812,12/12/2014,Art Museum,-15.63,CA
67812,12/12/2014,Mary's Book Store,-71.34,CA
67812,12/12/2014,Amazon Order - Biology Book,-38.06,CA
67812,12/12/2014,Amazon Order - Star Wars Figurine,-39.95,CA
67812,12/12/2014,Art Museum,-23.86,CA
67812,12/12/2014,Lyft,-38.08,CA
67812,12/12/2014,Amazon Order - Biology Book,-12.14,CA
67812,12/13/2014,Restaurant - Pizza,-5.34,CA
67812,12/14/2014,Amazon Order - Star Wars Figurine,-19.37,CA
67812,12/14/2014,San Diego Museum,-35.89,CA
67812,12/14/2014,Restaurant - Burgers,-25.33,CA
67812,12/15/2014,Science Museum,-60.37,CA
67812,12/15/2014,Library Membership,-36.76,CA
67812,12/15/2014,Amazon Order - Biology Book,-32.2,CA
67812,12/15/2014,Public Transportation - Bus Pass,-8.08,CA
67812,12/15/2014,Restaurant - Burgers,-23.88,CA
67812,12/15/2014,Library Membership,-32.65,CA
67812,12/15/2014,Food Delivery - GrubHub,-22.67,CA
67812,12/16/2014,San Diego Museum,-94.97,CA
67812,12/17/2014,Food Delivery - GrubHub,-116.08,CA
67812,12/17/2014,Uber,-31.82,CA
67812,12/18/2014,Video Game - PlayStation,-23.73,CA
67812,12/18/2014,Uber,-10.47,CA
67812,12/18/2014,Library Membership,-13.81,CA
67812,12/19/2014,Public Transportation - Train Pass,-104.91,CA
67812,12/19/2014,Art Museum,-32.44,CA
67812,12/19/2014,DVD - Star Trek,-4.56,CA
67812,12/20/2014,Ralph's Grocery Store,-35.84,CA
67812,12/21/2014,Restaurant - Steakhouse,-29.68,CA
67812,12/21/2014,San Diego Museum,-9.71,CA
67812,12/21/2014,Amazon Order - Mathematics Book,-21.13,CA
67812,12/21/2014,Science Museum,-39.66,CA
67812,12/21/2014,Online Education Courses,-21.36,CA
67812,12/21/2014,Online Education Courses,-13.34,CA
67812,12/21/2014,Uber,-28.99,CA
67812,12/21/2014,Library Membership,-19.24,CA
67812,12/21/2014,Amazon Order - Star Wars Figurine,-1.21,CA
67812,12/21/2014,San Diego Museum,-6.4,CA
67812,12/21/2014,DVD - Star Trek,-30.21,CA
67812,12/21/2014,Amazon Order - Mathematics Book,-16.02,CA
67812,12/21/2014,Amazon Order - Star Wars Figurine,-36.88,CA
67812,12/21/2014,Public Transportation - Bus Pass,-27.44,CA
67812,12/21/2014,Video Game - PlayStation,-19.57,CA
67812,12/21/2014,Amazon Order - Biology Book,-43.55,CA
67812,12/21/2014,Whole Foods,-20.35,CA
67812,12/21/2014,Food Delivery - GrubHub,-29.61,CA
67812,12/22/2014,Food Delivery - GrubHub,-7.97,CA
67812,12/22/2014,Restaurant - Pizza,-19.36,CA
67812,12/22/2014,Public Transportation - Bus Pass,-89.68,CA
67812,12/22/2014,Lyft,-68.98,CA
67812,12/22/2014,Coffee,-118.08,CA
67812,12/22/2014,Goods2 - ThinkGeek,-3.5,CA
67812,12/23/2014,Amazon Order - Biology Book,-101.37,CA
67812,12/23/2014,Art Museum,-13.04,CA
67812,12/24/2014,Amazon Order - Mathematics Book,-29.99,CA
67812,12/24/2014,Art Museum,-16.78,CA
67812,12/24/2014,Public Transportation - Train Pass,-27.24,CA
67812,12/24/2014,Public Transportation - Bus Pass,-2.78,CA
67812,12/24/2014,Science Museum,-28.62,CA
67812,12/24/2014,Art Museum,-6.89,CA
67812,12/24/2014,DVD - Star Trek,-84.26,CA
67812,12/24/2014,Restaurant - Pizza,-4.84,CA
67812,12/24/2014,Lyft,-30.73,CA
67812,12/25/2014,Restaurant - Chinese,-3.59,CA
67812,12/25/2014,Taxi,-67.79,CA
67812,12/25/2014,Science Museum,-8.91,CA
67812,12/25/2014,Coffee,-13.53,CA
67812,12/25/2014,Public Transportation - Bus Pass,-41.38,CA
67812,12/25/2014,Ralph's Grocery Store,-8.35,CA
67812,12/26/2014,Library Membership,-117.64,CA
67812,12/26/2014,Library Membership,-28.09,CA
67812,12/27/2014,DVD - Star Trek,-109.61,CA
67812,12/28/2014,Art Museum,-79.94,CA
67812,12/29/2014,Sprouts Market,-23.88,CA
67812,12/30/2014,Video Game - PlayStation,-25.28,CA
67812,12/30/2014,Uber,-32.9,CA
67812,12/32/2014,Public Transportation - Train Pass,-17.02,CA
67812,12/32/2014,Lyft,-33.79,CA
